Date,Open,High,Low,Close,Volume,Series,TOTAL_TRADES,QTY_PER_TRADE,DLV_QTY
6/14/1995,2.35,2.35,2.3,2.3,178300,EQ,,,
6/15/1995,2.3,2.3,2.25,2.3,103500,EQ,,,
6/16/1995,2.3,2.3,2.25,2.25,212300,EQ,,,
6/19/1995,2.25,2.3,2.2,2.25,89900,EQ,,,
6/20/1995,2.25,2.25,2.25,2.25,139600,EQ,,,
6/21/1995,2.35,2.35,2.25,2.25,59100,EQ,,,
6/22/1995,2.3,2.3,2.2,2.2,87900,EQ,,,
6/23/1995,2.25,2.25,2.2,2.2,49600,EQ,,,
6/26/1995,2.2,2.2,2.1,2.1,82800,EQ,,,
6/27/1995,2.1,2.1,2,2.1,87200,EQ,,,
6/28/1995,2.1,2.15,2.1,2.15,101900,EQ,,,
6/29/1995,2.15,2.15,2.1,2.1,62400,EQ,,,
6/30/1995,2.1,2.1,2.05,2.05,61200,EQ,,,
7/3/1995,2,2.1,2,2,95800,EQ,,,
7/5/1995,2,2.05,2,2,105800,EQ,,,
7/10/1995,2,2.05,2,2,92000,EQ,,,
7/11/1995,1.9,2.05,1.9,2.05,109100,EQ,,,
7/12/1995,2.1,2.1,2.05,2.05,35900,EQ,,,
7/13/1995,2.1,2.1,2.05,2.1,44300,EQ,,,
7/14/1995,2.1,2.2,2.1,2.2,199800,EQ,,,
7/17/1995,2.25,2.25,2.2,2.25,101400,EQ,,,
7/18/1995,2.25,2.25,2.2,2.2,112600,EQ,,,
7/19/1995,2.2,2.2,2.2,2.2,58800,EQ,,,
7/20/1995,2.25,2.25,2.2,2.25,67600,EQ,,,
7/21/1995,2.2,2.25,2.2,2.2,66300,EQ,,,
7/24/1995,2.25,2.25,2.2,2.2,57200,EQ,,,
7/25/1995,2.2,2.2,2.2,2.2,89500,EQ,,,
7/26/1995,2.25,2.25,2.2,2.2,40300,EQ,,,
7/27/1995,2.2,2.2,2.2,2.2,44300,EQ,,,
7/28/1995,2.15,2.15,2.1,2.1,34900,EQ,,,
7/31/1995,2.1,2.1,2.05,2.1,35200,EQ,,,
8/1/1995,2.05,2.1,2.05,2.05,34200,EQ,,,
8/3/1995,2.1,2.1,2.1,2.1,28400,EQ,,,
8/11/1995,2.1,2.1,2.05,2.05,17600,EQ,,,
8/14/1995,2.05,2.05,2.05,2.05,16700,EQ,,,
8/16/1995,2.1,2.1,2.05,2.05,15100,EQ,,,
8/17/1995,2.1,2.1,2.05,2.05,12700,EQ,,,
8/18/1995,2.05,2.1,2.05,2.05,18300,EQ,,,
8/21/1995,2.1,2.1,2.05,2.05,11900,EQ,,,
8/22/1995,2.05,2.05,2,2.05,35800,EQ,,,
8/23/1995,2.05,2.05,2.05,2.05,8300,EQ,,,
8/24/1995,2,2.05,2,2.05,16800,EQ,,,
8/25/1995,2.05,2.05,2,2,25200,EQ,,,
8/28/1995,2,2,1.95,1.95,37700,EQ,,,
8/30/1995,1.95,2,1.95,1.95,21400,EQ,,,
8/31/1995,1.95,2,1.95,1.95,14300,EQ,,,
9/1/1995,2,2,1.95,1.95,11100,EQ,,,
9/5/1995,1.95,1.95,1.95,1.95,22300,EQ,,,
9/11/1995,1.95,1.95,1.9,1.9,31400,EQ,,,
9/12/1995,1.9,1.9,1.9,1.9,34000,EQ,,,
9/13/1995,1.9,1.95,1.9,1.9,14300,EQ,,,
9/14/1995,1.9,1.9,1.9,1.9,25500,EQ,,,
9/15/1995,1.8,1.9,1.8,1.9,32300,EQ,,,
9/18/1995,1.9,1.9,1.85,1.85,20900,EQ,,,
9/19/1995,1.85,1.85,1.85,1.85,63200,EQ,,,
9/20/1995,1.85,1.85,1.8,1.85,38800,EQ,,,
9/21/1995,1.85,1.85,1.8,1.8,59400,EQ,,,
9/22/1995,1.8,1.85,1.8,1.8,54500,EQ,,,
9/25/1995,1.8,1.85,1.8,1.8,57700,EQ,,,
9/26/1995,1.8,1.85,1.8,1.8,113000,EQ,,,
9/27/1995,1.85,1.85,1.8,1.8,92500,EQ,,,
9/28/1995,1.8,1.85,1.8,1.8,28900,EQ,,,
9/29/1995,1.8,1.8,1.8,1.8,34000,EQ,,,
10/10/1995,1.9,1.9,1.9,1.9,81600,EQ,,,
10/11/1995,1.9,1.9,1.9,1.9,49400,EQ,,,
10/12/1995,1.9,1.9,1.85,1.9,60900,EQ,,,
10/13/1995,1.9,1.9,1.8,1.85,52200,EQ,,,
10/16/1995,1.85,1.85,1.8,1.85,60600,EQ,,,
10/17/1995,1.85,1.85,1.8,1.8,62600,EQ,,,
10/18/1995,1.8,1.85,1.75,1.8,76900,EQ,,,
10/19/1995,1.8,1.8,1.75,1.75,95700,EQ,,,
10/20/1995,1.75,1.75,1.7,1.7,109500,EQ,,,
10/23/1995,1.75,1.75,1.7,1.7,72900,EQ,,,
10/24/1995,1.7,1.7,1.6,1.65,30300,EQ,,,
10/25/1995,1.65,1.7,1.7,1.7,18700,EQ,,,
10/26/1995,1.7,1.75,1.65,1.65,37900,EQ,,,
10/27/1995,1.65,1.7,1.65,1.65,61500,EQ,,,
10/30/1995,1.65,1.7,1.65,1.7,31400,EQ,,,
10/31/1995,1.7,1.7,1.7,1.7,31400,EQ,,,
11/1/1995,1.7,1.7,1.7,1.7,29300,EQ,,,
11/10/1995,1.6,1.65,1.6,1.65,27600,EQ,,,
11/13/1995,1.65,1.6,1.55,1.55,51000,EQ,,,
11/14/1995,1.55,1.55,1.5,1.5,73300,EQ,,,
11/15/1995,1.5,1.55,1.5,1.55,69200,EQ,,,
11/16/1995,1.55,1.55,1.5,1.5,39800,EQ,,,
11/17/1995,1.5,1.5,1.5,1.5,31200,EQ,,,
11/20/1995,1.5,1.55,1.5,1.5,28300,EQ,,,
11/21/1995,1.5,1.5,1.5,1.5,46000,EQ,,,
11/22/1995,1.5,1.5,1.45,1.45,46600,EQ,,,
11/23/1995,1.45,1.5,1.45,1.45,53600,EQ,,,
11/24/1995,1.45,1.5,1.45,1.5,36300,EQ,,,
11/27/1995,1.5,1.55,1.5,1.5,36500,EQ,,,
11/28/1995,1.5,1.5,1.5,1.5,38200,EQ,,,
11/29/1995,1.5,1.5,1.45,1.45,41400,EQ,,,
11/30/1995,1.5,1.5,1.45,1.5,17100,EQ,,,
12/1/1995,1.5,1.5,1.45,1.5,34300,EQ,,,
12/8/1995,1.5,1.5,1.5,1.5,32600,EQ,,,
12/11/1995,1.5,1.5,1.5,1.5,21900,EQ,,,
12/12/1995,1.5,1.5,1.5,1.5,22600,EQ,,,
12/13/1995,1.5,1.5,1.45,1.5,23100,EQ,,,
12/14/1995,1.5,1.5,1.45,1.5,13700,EQ,,,
12/15/1995,1.5,1.5,1.45,1.5,19300,EQ,,,
12/18/1995,1.5,1.5,1.45,1.5,22800,EQ,,,
12/19/1995,1.5,1.5,1.5,1.5,25800,EQ,,,
12/20/1995,1.5,1.5,1.45,1.5,15800,EQ,,,
12/21/1995,1.5,1.5,1.5,1.5,15600,EQ,,,
12/22/1995,1.5,1.5,1.5,1.5,13600,EQ,,,
12/26/1995,1.5,1.5,1.5,1.5,23700,EQ,,,
12/27/1995,1.5,1.5,1.5,1.5,26400,EQ,,,
12/28/1995,1.5,1.65,1.5,1.55,32000,EQ,,,
12/29/1995,1.55,1.55,1.5,1.5,27300,EQ,,,
1/1/1996,1.5,1.5,1.45,1.5,35000,EQ,,,
1/2/1996,1.5,1.5,1.5,1.5,41200,EQ,,,
1/9/1996,1.45,1.45,1.4,1.4,48300,EQ,,,
1/10/1996,1.4,1.45,1.4,1.4,22600,EQ,,,
1/11/1996,1.4,1.45,1.4,1.4,31800,EQ,,,
1/12/1996,1.4,1.4,1.4,1.4,43100,EQ,,,
1/15/1996,1.4,1.4,1.4,1.4,18100,EQ,,,
1/16/1996,1.4,1.4,1.35,1.35,35800,EQ,,,
1/17/1996,1.35,1.4,1.3,1.35,42900,EQ,,,
1/18/1996,1.35,1.35,1.3,1.3,33000,EQ,,,
1/19/1996,1.3,1.3,1.25,1.3,42600,EQ,,,
1/22/1996,1.3,1.3,1.25,1.25,35900,EQ,,,
1/23/1996,1.25,1.3,1.25,1.25,39900,EQ,,,
1/24/1996,1.25,1.25,1.2,1.25,44900,EQ,,,
1/25/1996,1.25,1.2,1.2,1.2,39000,EQ,,,
1/29/1996,1.2,1.25,1.2,1.25,31100,EQ,,,
1/30/1996,1.25,1.3,1.25,1.25,45200,EQ,,,
1/31/1996,1.25,1.3,1.3,1.3,34400,EQ,,,
2/2/1996,1.4,1.5,1.4,1.45,81900,EQ,,,
2/12/1996,1.8,1.9,1.7,1.75,285100,EQ,,,
2/13/1996,1.8,1.8,1.65,1.7,145100,EQ,,,
2/14/1996,1.7,1.9,1.8,1.85,246400,EQ,,,
2/15/1996,1.85,1.9,1.85,1.85,119100,EQ,,,
2/16/1996,1.85,1.85,1.75,1.8,139600,EQ,,,
2/19/1996,1.8,1.8,1.75,1.75,129700,EQ,,,
2/20/1996,1.75,1.75,1.65,1.7,136100,EQ,,,
2/22/1996,1.7,1.75,1.7,1.7,84800,EQ,,,
2/23/1996,1.7,1.75,1.7,1.7,68700,EQ,,,
2/26/1996,1.7,1.75,1.7,1.7,64700,EQ,,,
2/27/1996,1.7,1.7,1.65,1.7,84100,EQ,,,
2/28/1996,1.7,1.7,1.65,1.65,42200,EQ,,,
2/29/1996,1.65,1.65,1.5,1.55,127500,EQ,,,
3/1/1996,1.55,1.6,1.5,1.55,73200,EQ,,,
3/11/1996,1.5,1.5,1.5,1.5,32400,EQ,,,
3/12/1996,1.5,1.5,1.45,1.5,40000,EQ,,,
3/13/1996,1.5,1.55,1.5,1.55,48600,EQ,,,
3/14/1996,1.55,1.6,1.5,1.55,52900,EQ,,,
3/15/1996,1.55,1.55,1.5,1.5,80700,EQ,,,
3/18/1996,1.5,1.5,1.45,1.5,38800,EQ,,,
3/19/1996,1.5,1.5,1.45,1.5,61700,EQ,,,
3/21/1996,1.5,1.5,1.5,1.5,64300,EQ,,,
3/22/1996,1.5,1.5,1.45,1.5,19400,EQ,,,
3/25/1996,1.5,1.5,1.5,1.5,41300,EQ,,,
3/26/1996,1.5,1.55,1.5,1.5,64300,EQ,,,
3/27/1996,1.5,1.55,1.5,1.55,79500,EQ,,,
3/28/1996,1.55,1.65,1.55,1.6,112400,EQ,,,
3/29/1996,1.6,1.65,1.6,1.6,135600,EQ,,,
4/1/1996,1.6,1.65,1.6,1.65,96300,EQ,,,
4/2/1996,1.65,1.7,1.65,1.7,183500,EQ,,,
4/3/1996,1.7,1.8,1.7,1.75,208200,EQ,,,
4/4/1996,1.75,1.7,1.7,1.7,113400,EQ,,,
4/8/1996,1.7,1.75,1.7,1.7,92500,EQ,,,
4/9/1996,1.7,1.75,1.7,1.7,121900,EQ,,,
4/10/1996,1.7,1.75,1.6,1.65,90400,EQ,,,
4/11/1996,1.6,1.65,1.6,1.65,63100,EQ,,,
4/12/1996,1.65,1.7,1.65,1.7,56400,EQ,,,
4/15/1996,1.7,1.7,1.7,1.7,98800,EQ,,,
4/16/1996,1.7,1.7,1.7,1.7,78300,EQ,,,
4/17/1996,1.7,1.75,1.7,1.75,154600,EQ,,,
4/18/1996,1.8,1.85,1.75,1.8,270600,EQ,,,
4/19/1996,1.85,2,1.8,1.9,635000,EQ,,,
4/22/1996,2,2.05,1.85,1.9,564300,EQ,,,
4/23/1996,1.9,1.9,1.8,1.85,321400,EQ,,,
4/24/1996,1.95,2,1.9,1.9,534300,EQ,,,
4/25/1996,1.95,1.95,1.8,1.85,333300,EQ,,,
4/26/1996,1.85,1.9,1.8,1.85,203900,EQ,,,
4/29/1996,1.85,1.85,1.8,1.85,135000,EQ,,,
4/30/1996,1.85,1.85,1.75,1.75,270100,EQ,,,
5/1/1996,1.75,1.9,1.8,1.8,166200,EQ,,,
5/2/1996,1.85,1.85,1.75,1.8,117000,EQ,,,
5/3/1996,1.8,1.8,1.75,1.75,177900,EQ,,,
5/6/1996,1.75,1.75,1.7,1.7,136000,EQ,,,
5/7/1996,1.7,1.7,1.7,1.7,182100,EQ,,,
5/8/1996,1.6,1.75,1.6,1.75,161700,EQ,,,
5/9/1996,1.75,1.75,1.7,1.7,111500,EQ,,,
5/10/1996,1.7,1.7,1.6,1.7,137100,EQ,,,
5/13/1996,1.7,1.7,1.7,1.7,71200,EQ,,,
5/14/1996,1.75,1.75,1.7,1.7,119200,EQ,,,
5/15/1996,1.7,1.75,1.7,1.75,160800,EQ,,,
5/16/1996,1.75,1.85,1.75,1.8,267100,EQ,,,
5/17/1996,1.8,1.8,1.75,1.75,138500,EQ,,,
5/20/1996,1.75,1.75,1.7,1.7,93300,EQ,,,
5/21/1996,1.7,1.7,1.65,1.65,164400,EQ,,,
5/22/1996,1.65,1.7,1.7,1.7,64500,EQ,,,
5/23/1996,1.7,1.7,1.65,1.7,36100,EQ,,,
5/24/1996,1.7,1.7,1.7,1.7,47300,EQ,,,
5/27/1996,1.7,1.7,1.65,1.65,136200,EQ,,,
5/28/1996,1.65,1.7,1.65,1.7,139000,EQ,,,
5/29/1996,1.7,1.7,1.7,1.7,131400,EQ,,,
5/30/1996,1.75,1.75,1.7,1.7,80400,EQ,,,
5/31/1996,1.7,1.7,1.7,1.7,48600,EQ,,,
6/3/1996,1.7,1.75,1.7,1.7,76600,EQ,,,
6/4/1996,1.7,1.75,1.7,1.7,169800,EQ,,,
6/5/1996,1.7,1.7,1.7,1.7,43700,EQ,,,
6/6/1996,1.7,1.75,1.7,1.7,62200,EQ,,,
6/7/1996,1.7,1.7,1.7,1.7,40500,EQ,,,
6/10/1996,1.75,1.75,1.7,1.7,86000,EQ,,,
6/11/1996,1.75,1.75,1.7,1.7,105400,EQ,,,
6/12/1996,1.7,1.75,1.7,1.75,165700,EQ,,,
6/13/1996,1.75,1.95,1.75,1.95,732000,EQ,,,
6/14/1996,1.95,2.1,1.95,2,903600,EQ,,,
6/17/1996,2,2.05,1.9,1.95,681200,EQ,,,
6/18/1996,1.9,1.95,1.9,1.9,470800,EQ,,,
6/19/1996,1.95,2,1.9,1.9,342200,EQ,,,
6/20/1996,1.9,1.9,1.85,1.9,298100,EQ,,,
6/21/1996,1.85,1.9,1.8,1.85,236400,EQ,,,
6/24/1996,1.85,1.85,1.8,1.85,193100,EQ,,,
6/25/1996,1.85,1.85,1.8,1.8,400000,EQ,,,
6/26/1996,1.9,2,1.9,1.95,1406100,EQ,,,
6/27/1996,1.95,1.95,1.9,1.95,798200,EQ,,,
6/28/1996,2,2,1.95,2,1495900,EQ,,,
7/1/1996,2,2,1.95,1.95,1133400,EQ,,,
7/2/1996,1.95,2,1.95,1.95,603900,EQ,,,
7/3/1996,1.95,1.95,1.9,1.9,785500,EQ,,,
7/4/1996,1.9,1.95,1.9,1.95,947700,EQ,,,
7/5/1996,1.9,1.95,1.9,1.9,306900,EQ,,,
7/8/1996,1.95,1.95,1.9,1.95,192700,EQ,,,
7/9/1996,1.95,1.95,1.9,1.9,341400,EQ,,,
7/10/1996,1.9,1.9,1.9,1.9,391700,EQ,,,
7/11/1996,1.9,1.95,1.9,1.9,129600,EQ,,,
7/12/1996,1.9,1.9,1.9,1.9,120000,EQ,,,
7/15/1996,1.9,1.9,1.9,1.9,255800,EQ,,,
7/16/1996,1.9,1.95,1.9,1.9,337700,EQ,,,
7/17/1996,1.9,1.9,1.8,1.9,558200,EQ,,,
7/18/1996,1.9,1.9,1.85,1.85,208500,EQ,,,
7/19/1996,1.9,1.9,1.85,1.9,234800,EQ,,,
7/22/1996,1.9,1.9,1.85,1.9,86300,EQ,,,
7/23/1996,1.9,1.9,1.8,1.85,369500,EQ,,,
7/24/1996,1.85,1.85,1.75,1.8,606000,EQ,,,
7/25/1996,1.8,1.8,1.8,1.8,254200,EQ,,,
7/26/1996,1.8,1.85,1.8,1.8,663900,EQ,,,
7/29/1996,1.8,1.9,1.8,1.8,414000,EQ,,,
7/30/1996,1.8,1.8,1.65,1.75,1239900,EQ,,,
7/31/1996,1.75,1.8,1.7,1.75,297000,EQ,,,
8/1/1996,1.8,1.8,1.75,1.8,109700,EQ,,,
8/2/1996,1.8,1.8,1.75,1.8,82200,EQ,,,
8/5/1996,1.8,1.85,1.8,1.8,145400,EQ,,,
8/6/1996,1.8,1.9,1.8,1.9,235000,EQ,,,
8/7/1996,1.85,1.85,1.8,1.85,68100,EQ,,,
8/8/1996,1.85,1.85,1.8,1.85,37100,EQ,,,
8/9/1996,1.8,1.85,1.8,1.8,32800,EQ,,,
8/12/1996,1.8,1.8,1.8,1.8,83000,EQ,,,
8/13/1996,1.8,1.8,1.8,1.8,83900,EQ,,,
8/14/1996,1.8,1.8,1.8,1.8,65500,EQ,,,
8/16/1996,1.8,1.8,1.75,1.75,30200,EQ,,,
8/19/1996,1.8,1.8,1.7,1.75,61000,EQ,,,
8/20/1996,1.75,1.75,1.65,1.7,198200,EQ,,,
8/21/1996,1.7,1.8,1.7,1.75,78500,EQ,,,
8/22/1996,1.8,1.8,1.75,1.75,48800,EQ,,,
8/23/1996,1.75,1.75,1.75,1.75,86200,EQ,,,
8/26/1996,1.75,1.8,1.75,1.75,102500,EQ,,,
8/27/1996,1.75,1.8,1.75,1.8,90500,EQ,,,
8/28/1996,1.8,1.8,1.8,1.8,79900,EQ,,,
8/29/1996,1.8,1.85,1.8,1.8,97200,EQ,,,
8/30/1996,1.8,1.85,1.8,1.85,55700,EQ,,,
9/2/1996,1.85,1.85,1.8,1.85,45300,EQ,,,
9/3/1996,1.9,1.9,1.8,1.8,106400,EQ,,,
9/4/1996,1.8,1.85,1.8,1.8,74600,EQ,,,
9/5/1996,1.85,1.85,1.85,1.85,137300,EQ,,,
9/6/1996,1.85,1.85,1.85,1.85,57000,EQ,,,
9/9/1996,1.85,1.85,1.85,1.85,123600,EQ,,,
9/10/1996,1.85,1.85,1.85,1.85,150200,EQ,,,
9/11/1996,1.85,1.85,1.85,1.85,116300,EQ,,,
9/12/1996,1.85,1.85,1.85,1.85,67100,EQ,,,
9/13/1996,1.85,1.85,1.85,1.85,30800,EQ,,,
9/16/1996,1.85,1.85,1.85,1.85,64100,EQ,,,
9/17/1996,1.85,1.9,1.85,1.9,64700,EQ,,,
9/18/1996,1.85,1.85,1.85,1.85,41300,EQ,,,
9/19/1996,1.85,1.9,1.85,1.85,26400,EQ,,,
9/20/1996,1.85,1.85,1.8,1.8,28200,EQ,,,
9/23/1996,1.8,1.85,1.8,1.8,59400,EQ,,,
9/24/1996,1.8,1.85,1.8,1.8,60500,EQ,,,
9/25/1996,1.8,1.85,1.8,1.8,23000,EQ,,,
9/26/1996,1.8,1.8,1.8,1.8,32200,EQ,,,
9/27/1996,1.8,1.8,1.75,1.8,90500,EQ,,,
9/30/1996,1.75,1.8,1.75,1.8,41400,EQ,,,
10/1/1996,1.8,1.85,1.75,1.8,114400,EQ,,,
10/3/1996,1.85,1.85,1.8,1.8,66000,EQ,,,
10/4/1996,1.75,1.8,1.75,1.8,80700,EQ,,,
10/7/1996,1.75,1.8,1.7,1.7,128500,EQ,,,
10/8/1996,1.65,1.75,1.65,1.7,78500,EQ,,,
10/9/1996,1.8,1.8,1.7,1.7,66400,EQ,,,
10/10/1996,1.75,1.75,1.7,1.75,39700,EQ,,,
10/11/1996,1.75,1.8,1.75,1.75,21000,EQ,,,
10/14/1996,1.75,1.75,1.7,1.7,24900,EQ,,,
10/15/1996,1.7,1.8,1.7,1.75,60300,EQ,,,
10/16/1996,1.7,1.8,1.7,1.75,30000,EQ,,,
10/17/1996,1.75,1.75,1.75,1.75,30300,EQ,,,
10/18/1996,1.75,1.8,1.75,1.8,100600,EQ,,,
10/22/1996,1.85,1.9,1.8,1.85,85900,EQ,,,
10/23/1996,1.95,2,1.9,1.95,108400,EQ,,,
10/24/1996,1.95,1.95,1.85,1.85,82100,EQ,,,
10/25/1996,1.85,1.9,1.85,1.9,29700,EQ,,,
10/28/1996,1.9,1.9,1.9,1.9,61300,EQ,,,
10/29/1996,1.9,1.95,1.9,1.9,77800,EQ,,,
10/31/1996,1.9,1.95,1.85,1.9,73100,EQ,,,
11/1/1996,1.9,1.9,1.9,1.9,62200,EQ,,,
11/4/1996,1.85,1.9,1.85,1.9,69400,EQ,,,
11/5/1996,1.9,1.9,1.9,1.9,57100,EQ,,,
11/6/1996,1.9,1.9,1.85,1.9,59700,EQ,,,
11/7/1996,1.9,1.9,1.9,1.9,38900,EQ,,,
11/8/1996,1.9,1.9,1.9,1.9,24400,EQ,,,
11/10/1996,1.9,1.95,1.9,1.95,42200,EQ,,,
11/11/1996,1.95,2,1.9,2,44700,EQ,,,
11/13/1996,1.95,2,1.95,1.95,55600,EQ,,,
11/14/1996,1.95,2,1.95,1.95,35800,EQ,,,
11/15/1996,1.95,1.95,1.95,1.95,22200,EQ,,,
11/18/1996,1.95,1.95,1.95,1.95,38600,EQ,,,
11/19/1996,1.95,1.95,1.9,1.9,53200,EQ,,,
11/20/1996,1.9,1.9,1.9,1.9,37900,EQ,,,
11/21/1996,1.9,1.9,1.9,1.9,37700,EQ,,,
11/22/1996,1.9,1.9,1.9,1.9,34000,EQ,,,
11/25/1996,1.9,1.95,1.8,1.9,106100,EQ,,,
11/26/1996,1.9,1.9,1.9,1.9,40600,EQ,,,
11/27/1996,1.9,1.9,1.85,1.9,14900,EQ,,,
11/28/1996,1.9,1.9,1.85,1.9,31300,EQ,,,
11/29/1996,1.95,1.95,1.9,1.9,14400,EQ,,,
12/2/1996,1.9,1.9,1.9,1.9,24800,EQ,,,
12/3/1996,1.85,1.9,1.85,1.9,58000,EQ,,,
12/4/1996,1.85,1.85,1.85,1.85,35500,EQ,,,
12/5/1996,1.85,1.9,1.85,1.85,24700,EQ,,,
12/6/1996,1.9,1.9,1.85,1.85,15500,EQ,,,
12/9/1996,1.85,1.9,1.85,1.85,17300,EQ,,,
12/10/1996,1.85,1.9,1.85,1.85,38500,EQ,,,
12/11/1996,1.9,1.9,1.85,1.9,38100,EQ,,,
12/12/1996,1.9,1.9,1.85,1.9,41300,EQ,,,
12/13/1996,1.85,1.9,1.85,1.9,23000,EQ,,,
12/16/1996,1.9,1.9,1.9,1.9,52600,EQ,,,
12/17/1996,1.9,1.95,1.9,1.95,63600,EQ,,,
12/18/1996,2,2,1.9,1.9,31800,EQ,,,
12/19/1996,1.9,1.95,1.9,1.9,24600,EQ,,,
12/20/1996,1.9,1.95,1.9,1.95,24400,EQ,,,
12/23/1996,1.95,1.95,1.9,1.95,42300,EQ,,,
12/24/1996,1.95,2,1.95,2,59600,EQ,,,
12/26/1996,2,2.1,2,2.05,57400,EQ,,,
12/31/1996,2.05,2.1,1.95,1.95,89300,EQ,,,
1/1/1997,2.05,2.1,2,2.1,89200,EQ,,,
1/2/1997,2.1,2.15,2.05,2.05,99600,EQ,,,
1/3/1997,2.05,2.1,2.05,2.1,49600,EQ,,,
1/6/1997,2.1,2.15,2.05,2.1,61200,EQ,,,
1/7/1997,2.05,2.1,2.05,2.1,96400,EQ,,,
1/8/1997,2.1,2.2,2.1,2.15,96000,EQ,,,
1/9/1997,2.15,2.2,2.15,2.2,90000,EQ,,,
1/10/1997,2.2,2.35,2.2,2.35,149500,EQ,,,
1/13/1997,2.4,2.4,2.3,2.3,149000,EQ,,,
1/14/1997,2.3,2.35,2.25,2.3,165800,EQ,,,
1/15/1997,2.3,2.45,2.3,2.45,332600,EQ,,,
1/16/1997,2.55,2.65,2.3,2.3,344500,EQ,,,
1/17/1997,2.2,2.4,2.2,2.3,219300,EQ,,,
1/20/1997,2.3,2.3,2.2,2.2,115200,EQ,,,
1/21/1997,2.2,2.2,2.1,2.15,215300,EQ,,,
1/22/1997,2.25,2.3,2.2,2.25,147200,EQ,,,
1/24/1997,2.25,2.3,2.25,2.25,91500,EQ,,,
1/27/1997,2.3,2.35,2.3,2.35,272200,EQ,,,
1/28/1997,2.35,2.45,2.3,2.45,260000,EQ,,,
1/29/1997,2.55,2.55,2.35,2.35,271400,EQ,,,
1/30/1997,2.35,2.4,2.3,2.35,144100,EQ,,,
1/31/1997,2.5,2.5,2.25,2.3,178000,EQ,,,
2/3/1997,2.25,2.25,2.2,2.25,182900,EQ,,,
2/4/1997,2.2,2.3,2.2,2.3,335700,EQ,,,
2/5/1997,2.35,2.4,2.3,2.3,119100,EQ,,,
2/6/1997,2.3,2.3,2.3,2.3,58900,EQ,,,
2/7/1997,2.3,2.3,2.3,2.3,64900,EQ,,,
2/10/1997,2.3,2.3,2.3,2.3,68900,EQ,,,
2/11/1997,2.3,2.35,2.3,2.35,129100,EQ,,,
2/12/1997,2.35,2.35,2.3,2.35,121800,EQ,,,
2/13/1997,2.35,2.35,2.35,2.35,68500,EQ,,,
2/14/1997,2.35,2.35,2.35,2.35,69700,EQ,,,
2/17/1997,2.4,2.4,2.35,2.35,71300,EQ,,,
2/18/1997,2.35,2.35,2.3,2.3,104500,EQ,,,
2/19/1997,2.35,2.35,2.3,2.35,68900,EQ,,,
2/20/1997,2.35,2.35,2.3,2.3,73900,EQ,,,
2/21/1997,2.3,2.3,2.2,2.3,81900,EQ,,,
2/24/1997,2.25,2.3,2.2,2.25,75700,EQ,,,
2/25/1997,2.2,2.25,2.2,2.2,93000,EQ,,,
2/26/1997,2.2,2.25,2.2,2.25,58000,EQ,,,
2/27/1997,2.25,2.35,2.25,2.35,105100,EQ,,,
2/28/1997,2.45,2.5,2.35,2.4,156700,EQ,,,
3/1/1997,2.5,2.6,2.5,2.6,540100,EQ,,,
3/3/1997,2.6,2.8,2.6,2.65,582200,EQ,,,
3/4/1997,2.65,2.7,2.6,2.65,328900,EQ,,,
3/5/1997,2.75,2.85,2.7,2.75,550100,EQ,,,
3/6/1997,2.7,2.75,2.65,2.75,246900,EQ,,,
3/10/1997,2.7,2.7,2.55,2.6,468400,EQ,,,
3/11/1997,2.6,2.65,2.5,2.55,334900,EQ,,,
3/12/1997,2.65,2.65,2.6,2.65,211800,EQ,,,
3/13/1997,2.65,2.65,2.55,2.6,95200,EQ,,,
3/14/1997,2.55,2.6,2.55,2.6,125600,EQ,,,
3/17/1997,2.6,2.6,2.55,2.55,99600,EQ,,,
3/18/1997,2.6,2.6,2.5,2.5,179100,EQ,,,
3/19/1997,2.55,2.6,2.45,2.5,91900,EQ,,,
3/20/1997,2.45,2.5,2.45,2.45,69600,EQ,,,
3/21/1997,2.5,2.5,2.45,2.45,63200,EQ,,,
3/25/1997,2.45,2.5,2.4,2.45,113000,EQ,,,
3/26/1997,2.5,2.5,2.45,2.5,72700,EQ,,,
3/27/1997,2.5,2.5,2.45,2.5,60500,EQ,,,
3/31/1997,2.3,2.35,2.25,2.25,125900,EQ,,,
4/1/1997,2.25,2.35,2.2,2.3,137000,EQ,,,
4/2/1997,2.35,2.45,2.35,2.45,89900,EQ,,,
4/3/1997,2.45,2.5,2.45,2.5,124500,EQ,,,
4/4/1997,2.5,2.5,2.5,2.5,172100,EQ,,,
4/7/1997,2.5,2.55,2.5,2.5,192200,EQ,,,
4/9/1997,2.6,2.6,2.55,2.6,141100,EQ,,,
4/10/1997,2.6,2.6,2.5,2.55,146900,EQ,,,
4/11/1997,2.5,2.6,2.45,2.6,247800,EQ,,,
4/12/1997,2.5,2.6,2.5,2.55,49700,EQ,,,
4/15/1997,2.6,2.6,2.55,2.6,148500,EQ,,,
4/17/1997,2.65,2.8,2.65,2.75,527200,EQ,,,
4/21/1997,2.9,2.9,2.8,2.85,371800,EQ,,,
4/22/1997,2.9,2.9,2.85,2.9,336800,EQ,,,
4/23/1997,2.9,2.9,2.85,2.85,252100,EQ,,,
4/24/1997,2.85,2.9,2.85,2.85,224000,EQ,,,
4/25/1997,2.85,2.85,2.8,2.85,115700,EQ,,,
4/28/1997,2.85,2.85,2.8,2.85,221700,EQ,,,
4/29/1997,2.85,2.85,2.85,2.85,239200,EQ,,,
4/30/1997,3,3,2.9,2.9,412300,EQ,,,
5/2/1997,2.9,2.9,2.85,2.9,236300,EQ,,,
5/5/1997,2.9,2.9,2.85,2.9,197100,EQ,,,
5/6/1997,2.9,2.9,2.9,2.9,258300,EQ,,,
5/7/1997,2.9,2.9,2.9,2.9,89000,EQ,,,
5/8/1997,2.9,3.1,2.9,3.1,922600,EQ,,,
5/9/1997,3.2,3.3,3.05,3.1,1058800,EQ,,,
5/12/1997,3.1,3.1,2.9,2.95,529600,EQ,,,
5/13/1997,2.95,3.05,2.95,3,419800,EQ,,,
5/14/1997,3.1,3.1,2.9,3,316200,EQ,,,
5/15/1997,3,3,2.95,3,170400,EQ,,,
5/16/1997,3,3,2.95,3,119600,EQ,,,
5/19/1997,3,3,2.95,2.95,95700,EQ,,,
5/20/1997,3,3.1,2.9,3,545600,EQ,,,
5/21/1997,3.1,3.1,2.95,2.95,421300,EQ,,,
5/22/1997,2.95,2.95,2.9,2.9,251900,EQ,,,
5/23/1997,2.9,2.9,2.85,2.9,162300,EQ,,,
5/26/1997,2.85,2.9,2.85,2.85,116200,EQ,,,
5/27/1997,2.85,2.85,2.75,2.75,245800,EQ,,,
5/28/1997,2.8,2.8,2.7,2.75,173200,EQ,,,
5/29/1997,2.7,2.8,2.7,2.8,212800,EQ,,,
5/30/1997,2.8,2.85,2.75,2.85,153700,EQ,,,
6/2/1997,2.85,3,2.85,2.95,327200,EQ,,,
6/3/1997,2.95,3.1,2.95,3.05,462900,EQ,,,
6/4/1997,3.25,3.25,3.1,3.2,1994400,EQ,,,
6/5/1997,3.2,3.2,3.15,3.15,528000,EQ,,,
6/6/1997,3.15,3.2,3.15,3.15,445100,EQ,,,
6/9/1997,3.2,3.2,3.15,3.15,283400,EQ,,,
6/10/1997,3.15,3.2,3.15,3.15,224000,EQ,,,
6/11/1997,3.2,3.2,3.15,3.2,460000,EQ,,,
6/12/1997,3.2,3.2,3.2,3.2,410600,EQ,,,
6/13/1997,3.2,3.3,3.2,3.25,1203800,EQ,,,
6/16/1997,3.2,3.25,3.2,3.2,342000,EQ,,,
6/17/1997,3.2,3.25,3.2,3.25,397000,EQ,,,
6/18/1997,3.3,3.3,3.2,3.2,388700,EQ,,,
6/19/1997,3.2,3.2,3.2,3.2,186300,EQ,,,
6/20/1997,3.2,3.2,3.2,3.2,205100,EQ,,,
6/23/1997,3.2,3.2,3.15,3.15,280100,EQ,,,
6/24/1997,3.15,3.15,3.1,3.15,204700,EQ,,,
6/25/1997,3.15,3.15,3.1,3.1,338400,EQ,,,
6/26/1997,3.1,3.1,3.1,3.1,186100,EQ,,,
6/27/1997,3.2,3.2,3.1,3.1,200000,EQ,,,
6/30/1997,3.1,3.15,3.05,3.1,222400,EQ,,,
7/1/1997,3.15,3.2,3.1,3.2,493500,EQ,,,
7/2/1997,3.2,3.3,3.2,3.25,1033000,EQ,,,
7/3/1997,3.25,3.3,3.2,3.2,348000,EQ,,,
7/4/1997,3.25,3.3,3.2,3.25,502800,EQ,,,
7/7/1997,3.25,3.3,3.2,3.25,620100,EQ,,,
7/8/1997,3.25,3.3,3.2,3.25,905200,EQ,,,
7/9/1997,3.3,3.5,3.3,3.5,591900,EQ,,,
7/10/1997,3.7,3.7,3.55,3.6,805800,EQ,,,
7/11/1997,3.6,3.6,3.45,3.55,415700,EQ,,,
7/14/1997,3.5,3.5,3.45,3.45,362600,EQ,,,
7/15/1997,3.45,3.5,3.4,3.45,320000,EQ,,,
7/16/1997,3.5,3.55,3.5,3.5,248000,EQ,,,
7/17/1997,3.55,3.6,3.5,3.55,263400,EQ,,,
7/21/1997,3.5,3.55,3.5,3.5,201400,EQ,,,
7/22/1997,3.5,3.7,3.5,3.65,369200,EQ,,,
7/23/1997,3.75,3.8,3.7,3.75,376700,EQ,,,
7/24/1997,3.75,3.75,3.7,3.7,191100,EQ,,,
7/25/1997,3.7,3.7,3.65,3.7,180600,EQ,,,
7/28/1997,3.7,3.7,3.65,3.7,157200,EQ,,,
7/29/1997,3.7,3.7,3.6,3.65,170500,EQ,,,
7/30/1997,3.7,3.7,3.65,3.7,336200,EQ,,,
7/31/1997,3.7,3.7,3.7,3.7,126200,EQ,,,
8/1/1997,3.7,3.75,3.7,3.75,239300,EQ,,,
8/4/1997,3.7,3.8,3.7,3.75,204800,EQ,,,
8/5/1997,3.75,3.85,3.75,3.8,338500,EQ,,,
8/6/1997,3.85,3.9,3.8,3.8,80700,EQ,,,
8/7/1997,3.75,3.8,3.7,3.75,191700,EQ,,,
8/8/1997,3.75,3.75,3.7,3.75,258700,EQ,,,
8/11/1997,3.75,3.75,3.7,3.7,208500,EQ,,,
8/12/1997,3.7,3.7,3.6,3.6,88600,EQ,,,
8/13/1997,3.6,3.7,3.55,3.55,81300,EQ,,,
8/14/1997,3.55,3.6,3.55,3.6,98300,EQ,,,
8/18/1997,3.55,3.6,3.55,3.55,64400,EQ,,,
8/19/1997,3.55,3.55,3.5,3.55,109600,EQ,,,
8/20/1997,3.5,3.5,3.4,3.5,61000,EQ,,,
8/21/1997,3.5,3.5,3.4,3.5,55900,EQ,,,
8/22/1997,3.45,3.5,3.25,3.25,100100,EQ,,,
8/25/1997,3.4,3.4,3.15,3.25,64200,EQ,,,
8/26/1997,3.3,3.3,3.2,3.2,79300,EQ,,,
8/27/1997,3.25,3.35,3.25,3.3,71500,EQ,,,
8/28/1997,3.25,3.35,3.25,3.35,92600,EQ,,,
8/29/1997,3.25,3.5,3.25,3.45,320000,EQ,,,
9/1/1997,3.45,3.45,3.3,3.4,208400,EQ,,,
9/2/1997,3.4,3.45,3.35,3.35,79300,EQ,,,
9/3/1997,3.45,3.5,3.4,3.45,98600,EQ,,,
9/4/1997,3.5,3.55,3.4,3.4,47100,EQ,,,
9/5/1997,3.45,3.5,3.35,3.5,111500,EQ,,,
9/8/1997,3.55,3.6,3.5,3.55,149900,EQ,,,
9/9/1997,3.6,3.6,3.5,3.5,101700,EQ,,,
9/10/1997,3.5,3.5,3.4,3.5,54100,EQ,,,
9/11/1997,3.5,3.5,3.5,3.5,48700,EQ,,,
9/12/1997,3.45,3.5,3.45,3.45,64000,EQ,,,
9/15/1997,3.45,3.5,3.4,3.45,47300,EQ,,,
9/16/1997,3.4,3.5,3.4,3.45,108800,EQ,,,
9/17/1997,3.45,3.45,3.45,3.45,40600,EQ,,,
9/18/1997,3.3,3.45,3.3,3.4,227700,EQ,,,
9/19/1997,3.4,3.45,3.4,3.45,79900,EQ,,,
9/22/1997,3.4,3.45,3.4,3.4,93500,EQ,,,
9/23/1997,3.4,3.4,3.4,3.4,75100,EQ,,,
9/24/1997,3.4,3.45,3.4,3.4,29000,EQ,,,
9/25/1997,3.4,3.4,3.35,3.4,17500,EQ,,,
9/26/1997,3.4,3.4,3.35,3.4,36000,EQ,,,
9/29/1997,3.4,3.65,3.4,3.65,250200,EQ,,,
9/30/1997,3.5,3.75,3.4,3.65,243500,EQ,,,
10/1/1997,3.5,3.55,3.45,3.5,84000,EQ,,,
10/9/1997,3.5,3.65,3.5,3.6,129500,EQ,,,
10/10/1997,3.6,3.7,3.6,3.6,128600,EQ,,,
10/13/1997,3.6,3.65,3.55,3.55,84800,EQ,,,
10/14/1997,3.5,3.6,3.5,3.55,112100,EQ,,,
10/15/1997,3.55,3.6,3.55,3.6,83800,EQ,,,
10/16/1997,3.65,3.9,3.6,3.85,591300,EQ,,,
10/17/1997,3.9,3.95,3.75,3.85,695100,EQ,,,
10/20/1997,3.9,4.25,3.8,4.25,959200,EQ,,,
10/21/1997,4.25,4.4,4.15,4.3,748700,EQ,,,
10/22/1997,4.35,4.35,4.15,4.2,422500,EQ,,,
10/23/1997,4.2,4.2,3.95,4.1,509300,EQ,,,
10/24/1997,4,4.2,3.95,4.1,312900,EQ,,,
10/27/1997,4.05,4.1,4.05,4.05,128400,EQ,,,
10/28/1997,4.05,4.05,3.8,3.9,383200,EQ,,,
10/29/1997,3.9,4.25,3.9,4.15,232200,EQ,,,
10/30/1997,4.15,4.15,4.05,4.05,124100,EQ,,,
11/3/1997,4.1,4.1,4,4,78400,EQ,,,
11/4/1997,4,4.05,3.9,4,106400,EQ,,,
11/5/1997,4,4,3.9,3.9,100000,EQ,,,
11/6/1997,3.85,3.9,3.8,3.9,70600,EQ,,,
11/7/1997,4,4,3.85,3.85,48200,EQ,,,
11/10/1997,3.85,3.85,3.75,3.75,82700,EQ,,,
11/11/1997,3.75,3.8,3.75,3.75,88100,EQ,,,
11/12/1997,3.75,3.8,3.75,3.75,70600,EQ,,,
11/13/1997,3.7,3.7,3.6,3.65,186100,EQ,,,
11/17/1997,3.6,3.7,3.55,3.6,124100,EQ,,,
11/18/1997,3.6,3.6,3.55,3.6,100100,EQ,,,
11/19/1997,3.4,3.5,3.4,3.5,108100,EQ,,,
11/20/1997,3.35,3.5,3.35,3.5,56600,EQ,,,
11/21/1997,3.5,3.6,3.5,3.55,57300,EQ,,,
11/24/1997,3.55,3.55,3.5,3.5,71400,EQ,,,
11/25/1997,3.5,3.7,3.5,3.65,81700,EQ,,,
11/26/1997,3.6,3.6,3.55,3.6,66300,EQ,,,
11/27/1997,3.55,3.65,3.5,3.6,101100,EQ,,,
11/28/1997,3.6,3.6,3.5,3.55,54200,EQ,,,
12/1/1997,3.5,3.6,3.45,3.55,103000,EQ,,,
12/2/1997,3.5,3.55,3.5,3.5,69800,EQ,,,
12/3/1997,3.5,3.6,3.5,3.5,34400,EQ,,,
12/4/1997,3.45,3.5,3.4,3.5,70600,EQ,,,
12/5/1997,3.45,3.6,3.45,3.5,256800,EQ,,,
12/8/1997,3.5,3.7,3.5,3.65,79000,EQ,,,
12/9/1997,3.65,3.65,3.5,3.55,278200,EQ,,,
12/10/1997,3.55,3.55,3.5,3.55,42600,EQ,,,
12/11/1997,3.5,3.55,3.5,3.55,41300,EQ,,,
12/12/1997,3.65,3.65,3.5,3.5,31700,EQ,,,
12/15/1997,3.5,3.55,3.5,3.55,19100,EQ,,,
12/16/1997,3.5,3.6,3.5,3.55,54900,EQ,,,
12/17/1997,3.55,3.6,3.55,3.6,42700,EQ,,,
12/18/1997,3.6,3.85,3.6,3.8,245300,EQ,,,
12/19/1997,3.75,3.85,3.7,3.8,63700,EQ,,,
12/22/1997,3.8,3.9,3.8,3.9,108400,EQ,,,
12/23/1997,3.9,4,3.9,4,81300,EQ,,,
12/24/1997,3.9,3.95,3.85,3.9,72300,EQ,,,
12/26/1997,3.9,4.05,3.9,3.95,48600,EQ,,,
12/29/1997,3.95,4.05,3.9,4,55700,EQ,,,
12/30/1997,4.1,4.25,3.9,3.9,56900,EQ,,,
12/31/1997,3.9,4.1,3.9,4,70400,EQ,,,
1/1/1998,4,4.05,4,4.05,40300,EQ,,,
1/2/1998,4.1,4.1,4,4.05,54300,EQ,,,
1/5/1998,4.1,4.1,4,4,51200,EQ,,,
1/6/1998,3.95,4,3.9,3.9,84000,EQ,,,
1/7/1998,3.95,4,3.9,3.9,55100,EQ,,,
1/8/1998,3.9,3.9,3.8,3.85,101900,EQ,,,
1/9/1998,3.8,3.8,3.7,3.8,76800,EQ,,,
1/12/1998,3.7,3.75,3.5,3.55,88700,EQ,,,
1/13/1998,3.6,3.6,3.55,3.6,87200,EQ,,,
1/14/1998,3.8,3.8,3.6,3.65,67500,EQ,,,
1/15/1998,3.65,3.7,3.6,3.65,34100,EQ,,,
1/16/1998,3.65,4,3.6,4,393200,EQ,,,
1/19/1998,3.9,4,3.85,3.95,165300,EQ,,,
1/20/1998,3.75,3.95,3.75,3.9,174700,EQ,,,
1/21/1998,3.9,4.2,3.85,4.05,338000,EQ,,,
1/22/1998,4,4,3.9,3.95,137900,EQ,,,
1/23/1998,3.95,3.95,3.85,3.9,64800,EQ,,,
1/27/1998,3.9,3.9,3.75,3.75,132400,EQ,,,
1/28/1998,3.75,3.8,3.65,3.7,85100,EQ,,,
1/29/1998,3.6,3.65,3.6,3.6,188900,EQ,,,
1/30/1998,3.6,3.7,3.6,3.6,164100,EQ,,,
2/2/1998,3.65,3.65,3.5,3.6,85000,EQ,,,
2/3/1998,3.6,3.6,3.4,3.45,183800,EQ,,,
2/4/1998,3.55,3.55,3.4,3.45,307300,EQ,,,
2/5/1998,3.45,3.5,3.35,3.35,118900,EQ,,,
2/6/1998,3.35,3.5,3.3,3.4,350900,EQ,,,
2/9/1998,3.4,3.4,3.35,3.4,52600,EQ,,,
2/10/1998,3.35,3.5,3.1,3.1,373500,EQ,,,
2/11/1998,3.3,3.35,3.1,3.15,324800,EQ,,,
2/12/1998,3.1,3.2,3.1,3.15,110400,EQ,,,
2/13/1998,3.15,3.2,3.15,3.15,261900,EQ,,,
2/17/1998,3.2,3.25,3.15,3.15,262900,EQ,,,
2/18/1998,3.2,3.25,3.1,3.25,336300,EQ,,,
2/19/1998,3.25,3.35,3.25,3.25,246300,EQ,,,
2/20/1998,3.25,3.3,3.2,3.25,152400,EQ,,,
2/23/1998,3.25,3.4,3.25,3.4,269500,EQ,,,
2/24/1998,3.4,3.45,3.35,3.4,311600,EQ,,,
2/25/1998,3.4,3.6,3.4,3.6,151800,EQ,,,
2/26/1998,3.6,3.65,3.5,3.55,154300,EQ,,,
2/27/1998,3.55,3.6,3.5,3.55,134700,EQ,,,
3/2/1998,3.6,3.65,3.55,3.65,227000,EQ,,,
3/3/1998,3.65,3.65,3.4,3.45,246800,EQ,,,
3/4/1998,3.5,3.65,3.5,3.65,210800,EQ,,,
3/5/1998,3.6,3.65,3.6,3.6,155300,EQ,,,
3/6/1998,3.65,3.65,3.55,3.6,126100,EQ,,,
3/9/1998,3.6,3.65,3.6,3.6,81600,EQ,,,
3/10/1998,3.6,3.6,3.55,3.55,124200,EQ,,,
3/11/1998,3.6,3.6,3.55,3.6,64700,EQ,,,
3/12/1998,3.6,3.6,3.5,3.55,36900,EQ,,,
3/16/1998,3.6,3.6,3.5,3.55,49500,EQ,,,
3/17/1998,3.55,3.55,3.45,3.5,76400,EQ,,,
3/18/1998,3.6,3.6,3.5,3.5,124600,EQ,,,
3/19/1998,3.6,3.6,3.5,3.5,64200,EQ,,,
3/20/1998,3.5,3.75,3.5,3.7,411900,EQ,,,
3/23/1998,3.75,3.75,3.6,3.65,26700,EQ,,,
3/24/1998,3.8,3.8,3.65,3.65,374200,EQ,,,
3/25/1998,3.75,3.85,3.7,3.8,222800,EQ,,,
3/26/1998,3.8,3.85,3.65,3.7,215400,EQ,,,
3/27/1998,3.65,3.7,3.6,3.7,90800,EQ,,,
3/30/1998,3.75,3.75,3.6,3.6,76600,EQ,,,
3/31/1998,3.55,3.65,3.5,3.5,178800,EQ,,,
4/1/1998,3.5,3.7,3.5,3.65,60400,EQ,,,
4/2/1998,3.65,3.8,3.6,3.7,191500,EQ,,,
4/3/1998,3.65,3.75,3.65,3.7,88100,EQ,,,
4/6/1998,3.75,4.05,3.7,4,496900,EQ,,,
4/7/1998,4,4.05,3.9,3.95,281100,EQ,,,
4/9/1998,4,4,3.9,3.9,266200,EQ,,,
4/10/1998,3.9,4,3.9,3.9,145500,EQ,,,
4/13/1998,3.85,3.95,3.75,3.75,235200,EQ,,,
4/15/1998,3.9,4.05,3.9,4,314700,EQ,,,
4/16/1998,4,4.05,3.9,3.9,146600,EQ,,,
4/17/1998,3.9,3.9,3.8,3.85,107300,EQ,,,
4/20/1998,3.9,3.9,3.8,3.8,131500,EQ,,,
4/21/1998,3.8,3.95,3.8,3.9,264900,EQ,,,
4/22/1998,4.1,4.3,4.05,4.1,664700,EQ,,,
4/23/1998,4.1,4.15,3.9,3.95,307100,EQ,,,
4/24/1998,3.95,4,3.75,3.95,239500,EQ,,,
4/27/1998,3.9,4,3.85,3.9,255000,EQ,,,
4/28/1998,3.8,3.95,3.8,3.9,380500,EQ,,,
4/29/1998,3.95,4.05,3.75,3.8,359700,EQ,,,
4/30/1998,3.8,3.85,3.75,3.85,189300,EQ,,,
5/5/1998,3.85,3.9,3.8,3.85,133000,EQ,,,
5/6/1998,3.9,3.9,3.8,3.8,96800,EQ,,,
5/8/1998,3.85,3.85,3.6,3.7,306100,EQ,,,
5/11/1998,3.7,3.85,3.6,3.8,324300,EQ,,,
5/12/1998,3.75,3.75,3.45,3.65,368700,EQ,,,
5/13/1998,3.65,3.7,3.5,3.55,147900,EQ,,,
5/14/1998,3.45,3.75,3.4,3.7,350500,EQ,,,
5/15/1998,3.75,3.75,3.55,3.65,182300,EQ,,,
5/18/1998,3.65,3.7,3.6,3.65,84000,EQ,,,
5/19/1998,3.6,3.65,3.6,3.65,311100,EQ,,,
5/20/1998,3.7,3.75,3.65,3.7,115000,EQ,,,
5/21/1998,3.75,3.75,3.6,3.6,100200,EQ,,,
5/22/1998,3.6,3.65,3.55,3.6,66800,EQ,,,
5/25/1998,3.55,3.6,3.55,3.55,36700,EQ,,,
5/26/1998,3.55,3.6,3.45,3.6,255600,EQ,,,
5/27/1998,3.65,3.7,3.5,3.55,112900,EQ,,,
5/28/1998,3.55,3.6,3.5,3.5,65200,EQ,,,
5/29/1998,3.35,3.5,3.3,3.45,101500,EQ,,,
6/1/1998,3.5,3.55,3.35,3.4,118600,EQ,,,
6/2/1998,3.3,3.4,3.2,3.25,148400,EQ,,,
6/3/1998,3.4,3.55,3.3,3.35,237900,EQ,,,
6/4/1998,3.4,3.4,3.35,3.35,57900,EQ,,,
6/5/1998,3.35,3.4,3.3,3.35,123400,EQ,,,
6/8/1998,3.3,3.35,3.1,3.2,190000,EQ,,,
6/9/1998,3.25,3.35,3.15,3.3,109400,EQ,,,
6/10/1998,3.3,3.3,3.15,3.2,134500,EQ,,,
6/11/1998,3.1,3.15,3.05,3.15,180700,EQ,,,
6/12/1998,3.2,3.2,3.1,3.15,165700,EQ,,,
6/15/1998,3.1,3.15,2.95,2.95,116600,EQ,,,
6/16/1998,2.9,3,2.75,2.95,148900,EQ,,,
6/17/1998,3.05,3.2,3.05,3.2,618400,EQ,,,
6/18/1998,3.1,3.2,3.1,3.1,143700,EQ,,,
6/19/1998,3.05,3.15,2.95,3.1,88200,EQ,,,
6/22/1998,2.95,3,2.8,2.9,176900,EQ,,,
6/23/1998,2.9,3,2.8,2.95,77000,EQ,,,
6/24/1998,3,3.05,2.95,3.05,56700,EQ,,,
6/25/1998,3.05,3.1,3.05,3.05,55200,EQ,,,
6/26/1998,3.05,3.1,3,3.05,73200,EQ,,,
6/29/1998,3,3.05,3,3.05,103100,EQ,,,
6/30/1998,3.05,3.35,3,3.25,243400,EQ,,,
7/1/1998,3.15,3.15,3.05,3.1,46700,EQ,,,
7/2/1998,3.05,3.05,2.95,2.95,43800,EQ,,,
7/3/1998,2.95,2.95,2.85,2.85,71400,EQ,,,
7/6/1998,2.85,2.95,2.85,2.85,57100,EQ,,,
7/7/1998,2.85,2.9,2.8,2.85,80600,EQ,,,
7/8/1998,2.95,3,2.9,3,56700,EQ,,,
7/9/1998,3.05,3.1,2.95,3,56500,EQ,,,
7/10/1998,3.1,3.25,3,3.15,218100,EQ,,,
7/13/1998,3.3,3.4,3.2,3.35,254100,EQ,,,
7/14/1998,3.3,3.55,3.25,3.45,238100,EQ,,,
7/15/1998,3.6,3.6,3.3,3.3,132600,EQ,,,
7/16/1998,3.3,3.4,3.3,3.4,160600,EQ,,,
7/17/1998,3.4,3.4,3.35,3.35,83800,EQ,,,
7/20/1998,3.3,3.35,3.25,3.35,80600,EQ,,,
7/21/1998,3.3,3.35,3.25,3.3,85300,EQ,,,
7/22/1998,3.3,3.35,3.25,3.25,58100,EQ,,,
7/23/1998,3.2,3.25,3.15,3.15,40000,EQ,,,
7/24/1998,3.15,3.15,3.05,3.1,46300,EQ,,,
7/27/1998,3.05,3.15,3,3,34100,EQ,,,
7/28/1998,3,3.25,3,3.1,111100,EQ,,,
7/29/1998,3.2,3.2,3.1,3.15,84700,EQ,,,
7/30/1998,3.15,3.35,3.1,3.15,165800,EQ,,,
7/31/1998,3.15,3.2,3.15,3.2,48400,EQ,,,
8/3/1998,3.15,3.15,3.05,3.05,71000,EQ,,,
8/4/1998,3.1,3.1,3,3,74500,EQ,,,
8/5/1998,3,3.2,2.9,3.15,267100,EQ,,,
8/6/1998,3.2,3.2,3,3.05,52100,EQ,,,
8/7/1998,3,3.1,3,3,62400,EQ,,,
8/10/1998,3.05,3.05,3,3,76800,EQ,,,
8/11/1998,3,3.2,2.95,3.15,363500,EQ,,,
8/12/1998,3.1,3.2,3,3.15,286400,EQ,,,
8/13/1998,3.1,3.15,3.05,3.1,125100,EQ,,,
8/14/1998,3.1,3.1,3,3.05,69300,EQ,,,
8/17/1998,3.05,3.1,3.05,3.05,37300,EQ,,,
8/18/1998,3.05,3.1,2.95,3.1,260200,EQ,,,
8/19/1998,3.1,3.2,3,3.15,285900,EQ,,,
8/20/1998,3.15,3.15,3.1,3.1,95300,EQ,,,
8/21/1998,3.05,3.1,3,3.05,120200,EQ,,,
8/24/1998,3,3.05,3,3,183400,EQ,,,
8/25/1998,3,3,3,3,225000,EQ,,,
8/27/1998,3.05,3.2,3,3,490600,EQ,,,
8/28/1998,3,3,2.8,2.8,246800,EQ,,,
8/31/1998,2.8,2.9,2.8,2.9,109500,EQ,,,
9/1/1998,2.8,2.85,2.8,2.85,121800,EQ,,,
9/2/1998,2.9,2.95,2.85,2.9,73700,EQ,,,
9/3/1998,2.9,2.95,2.85,2.9,86100,EQ,,,
9/4/1998,2.95,2.95,2.85,2.9,47500,EQ,,,
9/7/1998,2.9,3.15,2.9,3.15,277000,EQ,,,
9/8/1998,3.2,3.3,3.1,3.2,313800,EQ,,,
9/9/1998,3.3,3.35,3.2,3.2,187100,EQ,,,
9/10/1998,3.2,3.25,3.2,3.25,125000,EQ,,,
9/11/1998,3.2,3.2,3.15,3.2,62500,EQ,,,
9/14/1998,3.3,3.4,3.2,3.4,304500,EQ,,,
9/15/1998,3.4,3.4,3.35,3.35,135800,EQ,,,
9/16/1998,3.4,3.4,3.3,3.3,66500,EQ,,,
9/17/1998,3.3,3.35,3.3,3.3,54500,EQ,,,
9/18/1998,3.3,3.4,3.3,3.35,106100,EQ,,,
9/21/1998,3.4,3.65,3.4,3.6,267100,EQ,,,
9/22/1998,3.6,3.6,3.4,3.45,138200,EQ,,,
9/23/1998,3.5,3.5,3.45,3.5,89200,EQ,,,
9/24/1998,3.55,3.55,3.45,3.45,49100,EQ,,,
9/25/1998,3.45,3.5,3.4,3.4,37200,EQ,,,
9/28/1998,3.4,3.4,3.25,3.3,56100,EQ,,,
9/29/1998,3.3,3.3,3.15,3.15,116500,EQ,,,
9/30/1998,3.2,3.25,3.15,3.25,34900,EQ,,,
10/5/1998,3.05,3.1,3.05,3.05,64700,EQ,,,
10/6/1998,3,3.1,3,3.1,58300,EQ,,,
10/7/1998,3.15,3.2,3.15,3.15,58000,EQ,,,
10/8/1998,3.15,3.2,3.1,3.1,15700,EQ,,,
10/9/1998,3.15,3.15,3.05,3.1,26800,EQ,,,
10/12/1998,3.1,3.1,2.9,2.9,51400,EQ,,,
10/13/1998,2.85,2.95,2.85,2.85,58900,EQ,,,
10/14/1998,2.95,3,2.9,2.95,149100,EQ,,,
10/15/1998,2.95,2.95,2.85,2.85,80500,EQ,,,
10/16/1998,2.9,2.9,2.75,2.8,84900,EQ,,,
10/19/1998,2.85,2.85,2.8,2.8,21800,EQ,,,
10/20/1998,2.75,2.75,2.55,2.55,80100,EQ,,,
10/22/1998,2.7,2.8,2.6,2.7,146300,EQ,,,
10/23/1998,2.7,2.75,2.6,2.7,57600,EQ,,,
10/26/1998,2.75,2.9,2.7,2.75,100400,EQ,,,
10/27/1998,2.7,2.75,2.6,2.65,63100,EQ,,,
10/28/1998,2.7,2.7,2.6,2.6,80700,EQ,,,
10/29/1998,2.6,2.7,2.55,2.65,46800,EQ,,,
10/30/1998,2.7,2.7,2.65,2.65,119400,EQ,,,
10/31/1998,2.6,2.65,2.6,2.65,8100,EQ,,,
11/2/1998,2.65,2.65,2.6,2.6,22900,EQ,,,
11/3/1998,2.6,2.6,2.4,2.45,96900,EQ,,,
11/5/1998,2.5,2.5,2.4,2.5,53300,EQ,,,
11/6/1998,2.45,2.55,2.45,2.5,78600,EQ,,,
11/9/1998,2.55,2.6,2.55,2.6,144200,EQ,,,
11/10/1998,2.6,2.75,2.6,2.75,108600,EQ,,,
11/11/1998,2.65,2.95,2.65,2.85,369100,EQ,,,
11/12/1998,2.8,2.9,2.75,2.9,135800,EQ,,,
11/13/1998,2.85,2.85,2.8,2.8,94800,EQ,,,
11/16/1998,2.75,2.8,2.7,2.75,64600,EQ,,,
11/17/1998,2.7,2.75,2.7,2.7,147600,EQ,,,
11/18/1998,2.75,2.8,2.7,2.8,116300,EQ,,,
11/19/1998,2.8,2.8,2.7,2.75,59300,EQ,,,
11/20/1998,2.7,2.75,2.65,2.7,54700,EQ,,,
11/21/1998,2.65,2.7,2.65,2.7,5200,EQ,,,
11/23/1998,2.7,2.7,2.6,2.6,50600,EQ,,,
11/24/1998,2.6,2.7,2.6,2.7,82900,EQ,,,
11/26/1998,2.6,2.65,2.55,2.6,34900,EQ,,,
11/27/1998,2.6,2.6,2.5,2.55,46200,EQ,,,
11/28/1998,2.5,2.6,2.5,2.55,16100,EQ,,,
11/30/1998,2.55,2.6,2.45,2.55,37300,EQ,,,
12/1/1998,2.55,2.6,2.55,2.6,46200,EQ,,,
12/2/1998,2.65,2.7,2.6,2.65,35200,EQ,,,
12/3/1998,2.6,2.65,2.6,2.6,22600,EQ,,,
12/4/1998,2.6,2.6,2.55,2.55,28800,EQ,,,
12/7/1998,2.55,2.6,2.55,2.6,29900,EQ,,,
12/8/1998,2.6,2.65,2.55,2.6,61600,EQ,,,
12/9/1998,2.65,2.65,2.55,2.6,38100,EQ,,,
12/10/1998,2.6,2.6,2.6,2.6,23200,EQ,,,
12/11/1998,2.6,2.6,2.6,2.6,20900,EQ,,,
12/14/1998,2.6,2.65,2.6,2.6,63200,EQ,,,
12/15/1998,2.6,2.6,2.6,2.6,38900,EQ,,,
12/16/1998,2.55,2.6,2.55,2.6,28500,EQ,,,
12/17/1998,2.55,2.6,2.5,2.55,51300,EQ,,,
12/18/1998,2.55,2.7,2.5,2.65,143800,EQ,,,
12/21/1998,2.65,2.7,2.65,2.7,71600,EQ,,,
12/22/1998,2.65,2.7,2.6,2.6,84700,EQ,,,
12/23/1998,2.65,2.7,2.65,2.65,62500,EQ,,,
12/24/1998,2.6,2.8,2.6,2.7,105900,EQ,,,
12/28/1998,2.8,2.8,2.7,2.7,138100,EQ,,,
12/29/1998,2.7,2.75,2.7,2.75,118200,EQ,,,
12/30/1998,2.8,2.9,2.8,2.85,121900,EQ,,,
12/31/1998,2.85,2.85,2.7,2.75,57500,EQ,,,
1/1/1999,2.75,2.75,2.7,2.75,29800,EQ,,,
1/4/1999,2.75,2.85,2.75,2.75,78300,EQ,,,
1/5/1999,2.75,2.8,2.75,2.8,125000,EQ,,,
1/6/1999,2.85,2.9,2.8,2.85,53700,EQ,,,
1/7/1999,2.85,3.05,2.8,3.05,389500,EQ,,,
1/8/1999,3.25,3.25,3,3.25,363600,EQ,,,
1/11/1999,3.3,3.35,3.2,3.2,421000,EQ,,,
1/12/1999,3.15,3.3,3.1,3.2,244900,EQ,,,
1/13/1999,3.3,3.4,3.25,3.3,240400,EQ,,,
1/14/1999,3.2,3.3,3.2,3.3,132500,EQ,,,
1/15/1999,3.3,3.3,3,3.1,184400,EQ,,,
1/18/1999,3.1,3.1,2.9,2.95,103900,EQ,,,
1/19/1999,2.95,3,2.75,2.8,172700,EQ,,,
1/21/1999,2.8,2.85,2.75,2.8,131000,EQ,,,
1/22/1999,2.85,2.9,2.85,2.85,87100,EQ,,,
1/25/1999,2.8,2.85,2.65,2.8,79000,EQ,,,
1/27/1999,2.95,2.95,2.8,2.85,101600,EQ,,,
1/28/1999,2.85,2.85,2.8,2.8,74100,EQ,,,
1/29/1999,2.8,3.05,2.8,3.05,161700,EQ,,,
2/1/1999,2.95,3,2.8,2.8,78700,EQ,,,
2/2/1999,2.9,2.9,2.75,2.75,109500,EQ,,,
2/3/1999,2.9,2.9,2.8,2.8,77200,EQ,,,
2/4/1999,2.85,2.85,2.75,2.75,29200,EQ,,,
2/5/1999,2.75,2.8,2.7,2.7,44500,EQ,,,
2/8/1999,2.65,2.7,2.55,2.55,60000,EQ,,,
2/9/1999,2.55,2.6,2.5,2.55,128700,EQ,,,
2/10/1999,2.6,2.65,2.6,2.6,72300,EQ,,,
2/11/1999,2.6,2.7,2.6,2.6,66900,EQ,,,
2/12/1999,2.6,2.65,2.6,2.6,39400,EQ,,,
2/15/1999,2.6,2.6,2.55,2.6,43500,EQ,,,
2/16/1999,2.6,2.6,2.5,2.55,86800,EQ,,,
2/17/1999,2.6,2.75,2.55,2.7,88200,EQ,,,
2/18/1999,2.7,2.75,2.65,2.75,104700,EQ,,,
2/19/1999,2.75,2.85,2.7,2.8,78300,EQ,,,
2/22/1999,2.8,2.8,2.65,2.65,53800,EQ,,,
2/23/1999,2.65,2.65,2.6,2.65,67400,EQ,,,
2/24/1999,2.65,2.65,2.6,2.65,28200,EQ,,,
2/25/1999,2.6,2.6,2.55,2.6,26800,EQ,,,
2/26/1999,2.55,2.6,2.45,2.5,61100,EQ,,,
2/27/1999,2.55,2.7,2.55,2.6,97400,EQ,,,
3/1/1999,2.55,2.65,2.5,2.6,168900,EQ,,,
3/3/1999,2.8,2.8,2.8,2.8,21900,EQ,,,
3/4/1999,3,3,2.8,3,636100,EQ,,,
3/5/1999,3.1,3.25,3,3.15,853600,EQ,,,
3/8/1999,3.15,3.3,3.1,3.2,585800,EQ,,,
3/9/1999,3.15,3.2,3.05,3.15,378100,EQ,,,
3/10/1999,3.2,3.2,2.9,2.9,207800,EQ,,,
3/11/1999,2.8,2.95,2.7,2.7,185900,EQ,,,
3/12/1999,2.75,2.9,2.7,2.9,280000,EQ,,,
3/15/1999,2.8,2.9,2.8,2.85,235700,EQ,,,
3/16/1999,2.8,2.8,2.65,2.65,215500,EQ,,,
3/17/1999,2.7,2.75,2.7,2.7,121500,EQ,,,
3/18/1999,2.7,2.8,2.7,2.8,210400,EQ,,,
3/19/1999,2.65,2.8,2.65,2.7,176100,EQ,,,
3/20/1999,2.7,2.7,2.7,2.7,12000,EQ,,,
3/22/1999,2.7,2.8,2.65,2.75,206300,EQ,,,
3/23/1999,2.7,2.9,2.7,2.9,306800,EQ,,,
3/24/1999,3,3.1,2.95,3,428600,EQ,,,
3/25/1999,3.05,3.25,3.05,3.1,318600,EQ,,,
3/26/1999,3.15,3.2,3,3.15,626500,EQ,,,
3/30/1999,3.1,3.3,3.1,3.25,1829900,EQ,,,
3/31/1999,3.5,3.5,3.45,3.5,182691,EQ,,,
4/1/1999,3.5,3.5,3.3,3.4,72508,EQ,,,
4/5/1999,3.25,3.3,3.15,3.2,133563,EQ,,,
4/6/1999,3.1,3.45,3.1,3.45,147729,EQ,,,
4/7/1999,3.45,3.45,3.3,3.3,185562,EQ,,,
4/8/1999,3.25,3.35,3.25,3.25,87229,EQ,,,
4/9/1999,3.25,3.3,3.2,3.25,114455,EQ,,,
4/12/1999,3.25,3.3,3.2,3.3,54476,EQ,,,
4/13/1999,3.3,3.3,3.25,3.25,63058,EQ,,,
4/15/1999,3.2,3.25,3.2,3.25,124967,EQ,,,
4/16/1999,3.25,3.5,3.25,3.5,203589,EQ,,,
4/17/1999,3.55,3.6,3.25,3.25,341930,EQ,,,
4/19/1999,3.25,3.4,3.2,3.35,163586,EQ,,,
4/20/1999,3.4,3.45,3.3,3.35,219279,EQ,,,
4/21/1999,3.35,3.4,3.25,3.3,155719,EQ,,,
4/22/1999,3.3,3.3,3.2,3.2,166768,EQ,,,
4/23/1999,3.2,3.25,3.15,3.25,102899,EQ,,,
4/26/1999,3.05,3.1,2.95,2.95,250637,EQ,,,
4/28/1999,2.95,3.1,2.9,3.05,293573,EQ,,,
4/29/1999,3.05,3.2,3.05,3.15,107480,EQ,,,
4/30/1999,3.15,3.25,3.15,3.25,116518,EQ,,,
5/3/1999,3.25,3.3,3.15,3.15,79101,EQ,,,
5/4/1999,3.15,3.3,3.15,3.3,120475,EQ,,,
5/5/1999,3.3,3.4,3.2,3.35,253557,EQ,,,
5/6/1999,3.35,3.4,3.3,3.4,107483,EQ,,,
5/7/1999,3.45,3.65,3.4,3.65,313242,EQ,,,
5/10/1999,3.95,3.95,3.85,3.95,264254,EQ,,,
5/11/1999,4.25,4.25,3.75,3.85,327727,EQ,,,
5/12/1999,3.9,4,3.6,3.7,182156,EQ,,,
5/13/1999,3.9,3.9,3.7,3.85,88675,EQ,,,
5/14/1999,3.9,4,3.75,3.85,210410,EQ,,,
5/17/1999,3.85,3.85,3.55,3.6,123402,EQ,,,
5/18/1999,3.6,3.75,3.55,3.6,184342,EQ,,,
5/19/1999,3.7,3.9,3.7,3.9,197337,EQ,,,
5/20/1999,3.95,4.1,3.8,3.8,173157,EQ,,,
5/21/1999,3.9,3.9,3.7,3.75,165192,EQ,,,
5/24/1999,3.75,3.75,3.7,3.7,67288,EQ,,,
5/25/1999,3.7,3.8,3.7,3.75,115033,EQ,,,
5/26/1999,3.7,3.8,3.7,3.7,76570,EQ,,,
5/27/1999,3.7,3.8,3.65,3.65,63036,EQ,,,
5/28/1999,3.7,3.8,3.6,3.8,169745,EQ,,,
5/31/1999,3.9,4.05,3.9,4.05,236841,EQ,,,
6/1/1999,3.95,4,3.8,3.85,141417,EQ,,,
6/2/1999,3.7,3.9,3.7,3.9,60015,EQ,,,
6/3/1999,3.9,3.9,3.8,3.9,47364,EQ,,,
6/4/1999,3.95,3.95,3.8,3.85,50439,EQ,,,
6/7/1999,3.9,3.9,3.8,3.8,38874,EQ,,,
6/8/1999,3.7,4,3.7,4,49662,EQ,,,
6/9/1999,3.85,3.9,3.8,3.8,34125,EQ,,,
6/10/1999,3.9,3.9,3.8,3.8,13371,EQ,,,
6/11/1999,3.8,3.8,3.65,3.75,69180,EQ,,,
6/14/1999,3.6,3.75,3.6,3.75,65128,EQ,,,
6/15/1999,3.75,3.85,3.7,3.75,83795,EQ,,,
6/16/1999,3.6,3.9,3.6,3.85,79780,EQ,,,
6/17/1999,3.85,3.9,3.8,3.8,37021,EQ,,,
6/18/1999,3.95,3.95,3.8,3.8,89505,EQ,,,
6/21/1999,3.75,3.85,3.75,3.85,24340,EQ,,,
6/22/1999,3.85,3.9,3.8,3.85,51149,EQ,,,
6/23/1999,3.8,3.8,3.75,3.75,22112,EQ,,,
6/24/1999,3.7,3.75,3.7,3.75,9330,EQ,,,
6/25/1999,3.8,3.8,3.75,3.75,13180,EQ,,,
6/28/1999,3.85,3.85,3.7,3.75,34455,EQ,,,
6/29/1999,3.75,3.75,3.7,3.75,28514,EQ,,,
6/30/1999,3.7,3.75,3.7,3.7,20005,EQ,,,
7/1/1999,3.75,3.75,3.65,3.65,10238,EQ,,,
7/2/1999,3.7,3.7,3.65,3.7,16867,EQ,,,
7/5/1999,3.9,3.9,3.65,3.7,29581,EQ,,,
7/6/1999,3.7,3.8,3.7,3.75,124095,EQ,,,
7/7/1999,3.8,3.9,3.8,3.85,128790,EQ,,,
7/8/1999,3.7,3.9,3.7,3.85,46930,EQ,,,
7/9/1999,3.85,3.85,3.75,3.8,38776,EQ,,,
7/12/1999,3.9,4.1,3.85,4.05,250909,EQ,,,
7/13/1999,4.1,4.3,4.1,4.2,380072,EQ,,,
7/14/1999,4.4,4.55,4.35,4.45,361340,EQ,,,
7/15/1999,4.5,4.5,4.2,4.25,236988,EQ,,,
7/16/1999,4.25,4.45,4.2,4.25,213709,EQ,,,
7/19/1999,4.4,4.4,4.25,4.3,130997,EQ,,,
7/20/1999,4.25,4.3,4.1,4.2,336249,EQ,,,
7/21/1999,4.3,4.3,4.1,4.25,119461,EQ,,,
7/22/1999,4.3,4.35,4.25,4.25,164670,EQ,,,
7/23/1999,4.3,4.3,4.25,4.25,179043,EQ,,,
7/26/1999,4.3,4.3,4.2,4.25,103787,EQ,,,
7/27/1999,4.25,4.3,4.2,4.3,132667,EQ,,,
7/28/1999,4.3,4.5,4.3,4.35,173044,EQ,,,
7/29/1999,4.3,4.35,4.3,4.3,63227,EQ,,,
7/30/1999,4.3,4.3,4.2,4.25,59864,EQ,,,
8/2/1999,4.25,4.25,4.2,4.2,50379,EQ,,,
8/3/1999,4.15,4.25,4.1,4.15,96641,EQ,,,
8/4/1999,4.25,4.25,4.15,4.2,297980,EQ,,,
8/5/1999,4.2,4.2,4.15,4.15,34087,EQ,,,
8/6/1999,4.1,4.2,4,4.15,28797,EQ,,,
8/9/1999,4.2,4.2,4.05,4.1,30590,EQ,,,
8/10/1999,4,4.2,3.85,4.15,83979,EQ,,,
8/11/1999,4.2,4.2,4.1,4.1,23500,EQ,,,
8/12/1999,4.1,4.1,4.05,4.05,32918,EQ,,,
8/13/1999,4.05,4.1,4,4,45960,EQ,,,
8/16/1999,4,4.05,3.9,4,36131,EQ,,,
8/17/1999,4,4.1,3.95,4,45045,EQ,,,
8/18/1999,4.15,4.25,4.05,4.15,79483,EQ,,,
8/19/1999,4.2,4.25,4,4,125415,EQ,,,
8/20/1999,4.05,4.1,4,4.05,28424,EQ,,,
8/23/1999,4.05,4.35,4.05,4.35,297914,EQ,,,
8/24/1999,4.4,4.65,4.25,4.65,499933,EQ,,,
8/25/1999,4.75,4.75,4.35,4.4,211094,EQ,,,
8/26/1999,4.4,4.6,4.4,4.45,88511,EQ,,,
8/27/1999,4.5,4.55,4.4,4.45,52715,EQ,,,
8/30/1999,4.5,4.65,4.4,4.45,166368,EQ,,,
8/31/1999,4.4,4.4,4.3,4.3,167833,EQ,,,
9/1/1999,4.4,4.4,4.2,4.35,177320,EQ,,,
9/2/1999,4.25,4.35,4.25,4.3,78028,EQ,,,
9/3/1999,4.35,4.35,4.25,4.3,71962,EQ,,,
9/6/1999,4.35,4.35,4.3,4.35,83877,EQ,,,
9/7/1999,4.35,4.6,4.35,4.55,195350,EQ,,,
9/8/1999,4.7,4.9,4.7,4.9,279207,EQ,,,
9/9/1999,5.3,5.3,5.3,5.3,184173,EQ,,,
9/10/1999,5.3,5.35,4.9,4.95,340543,EQ,,,
9/14/1999,5.25,5.25,4.8,4.8,267311,EQ,,,
9/15/1999,5.15,5.15,4.6,4.7,149707,EQ,,,
9/16/1999,4.55,4.75,4.55,4.7,92061,EQ,,,
9/17/1999,4.7,4.95,4.6,4.85,188383,EQ,,,
9/20/1999,4.9,4.9,4.5,4.55,87367,EQ,,,
9/21/1999,4.55,4.6,4.35,4.5,156708,EQ,,,
9/22/1999,4.55,4.8,4.5,4.75,194022,EQ,,,
9/23/1999,4.8,4.85,4.75,4.75,82894,EQ,,,
9/24/1999,4.8,4.8,4.75,4.8,87146,EQ,,,
9/27/1999,4.75,4.85,4.7,4.75,90949,EQ,,,
9/28/1999,4.7,4.85,4.65,4.75,131435,EQ,,,
9/29/1999,4.85,4.95,4.75,4.75,53889,EQ,,,
9/30/1999,4.8,5.15,4.75,5.1,330134,EQ,,,
10/1/1999,4.95,5,4.8,4.95,114705,EQ,,,
10/4/1999,4.85,4.85,4.75,4.75,142969,EQ,,,
10/5/1999,4.8,4.85,4.6,4.8,107189,EQ,,,
10/6/1999,4.8,5,4.75,4.75,157668,EQ,,,
10/7/1999,4.95,5,4.8,4.9,183044,EQ,,,
10/8/1999,4.95,5.1,4.85,4.95,261947,EQ,,,
10/11/1999,5.1,5.15,4.9,4.95,257386,EQ,,,
10/12/1999,4.95,5.25,4.75,5.05,248053,EQ,,,
10/13/1999,5.1,5.2,4.75,5.1,313442,EQ,,,
10/14/1999,5.1,5.15,4.95,5,279459,EQ,,,
10/15/1999,5.1,5.25,4.9,4.9,94487,EQ,,,
10/18/1999,4.9,5.25,4.9,5.15,290406,EQ,,,
10/20/1999,5.25,5.35,5.1,5.2,119247,EQ,,,
10/21/1999,5.25,5.25,4.9,4.9,133370,EQ,,,
10/22/1999,4.95,5,4.9,5,288802,EQ,,,
10/23/1999,5.05,5.1,5,5.1,46654,EQ,,,
10/25/1999,5.15,5.15,4.75,4.8,166715,EQ,,,
10/26/1999,4.7,4.85,4.7,4.7,146705,EQ,,,
10/27/1999,4.8,4.9,4.75,4.9,55762,EQ,,,
10/28/1999,4.9,4.9,4.7,4.75,56695,EQ,,,
10/29/1999,4.8,4.8,4.4,4.65,315094,EQ,,,
11/1/1999,4.5,4.65,4.5,4.55,93570,EQ,,,
11/2/1999,4.5,4.7,4.5,4.65,92137,EQ,,,
11/3/1999,4.75,4.85,4.75,4.75,152285,EQ,,,
11/4/1999,4.5,4.8,4.5,4.7,48490,EQ,,,
11/5/1999,4.7,4.75,4.7,4.7,25815,EQ,,,
11/9/1999,4.6,4.8,4.55,4.65,46630,EQ,,,
11/10/1999,4.5,4.7,4.5,4.7,27180,EQ,,,
11/11/1999,4.7,4.7,4.65,4.7,24449,EQ,,,
11/12/1999,4.6,4.65,4.55,4.65,22293,EQ,,,
11/15/1999,4.65,4.65,4.55,4.6,20075,EQ,,,
11/16/1999,4.6,4.65,4.55,4.6,46114,EQ,,,
11/17/1999,4.7,4.7,4.55,4.55,17669,EQ,,,
11/18/1999,4.5,4.6,4.5,4.55,35174,EQ,,,
11/19/1999,4.6,4.6,4.55,4.55,21380,EQ,,,
11/22/1999,4.5,4.8,4.45,4.7,55825,EQ,,,
11/24/1999,4.75,4.75,4.55,4.6,119453,EQ,,,
11/25/1999,4.6,4.65,4.55,4.6,156304,EQ,,,
11/26/1999,4.75,4.95,4.7,4.95,365275,EQ,,,
11/29/1999,5.1,5.35,5.1,5.35,297398,EQ,,,
11/30/1999,5.7,5.75,5.6,5.75,256320,EQ,,,
12/1/1999,6.15,6.25,5.65,6.2,1028582,EQ,,,
12/2/1999,6.3,6.7,6.2,6.65,870390,EQ,,,
12/3/1999,7,7.15,6.85,7.15,698539,EQ,,,
12/6/1999,7.65,7.75,7.4,7.75,1035370,EQ,,,
12/7/1999,8.2,8.2,7.3,7.65,741376,EQ,,,
12/8/1999,7.9,7.9,7.05,7.45,757000,EQ,,,
12/9/1999,7.6,8.05,7.25,8,817855,EQ,,,
12/10/1999,8.05,8.3,7.7,7.85,376006,EQ,,,
12/13/1999,7.95,7.95,7.6,7.75,375393,EQ,,,
12/14/1999,7.8,7.95,7.55,7.6,359027,EQ,,,
12/15/1999,7.5,8.2,7.4,8.2,402993,EQ,,,
12/16/1999,8.7,8.85,8.5,8.85,83265,EQ,,,
12/17/1999,9.45,9.6,9.1,9.15,511908,EQ,,,
12/20/1999,9.35,9.5,8.75,8.85,325743,EQ,,,
12/21/1999,8.9,9,8.65,8.8,452740,EQ,,,
12/22/1999,9,9.25,8.7,8.8,252000,EQ,,,
12/23/1999,8.75,8.75,8.25,8.35,59106,EQ,,,
12/24/1999,8.25,8.3,7.9,8.05,154125,EQ,,,
12/27/1999,8,8,7.5,7.55,119902,EQ,,,
12/28/1999,7.5,8,7.1,7.6,157351,EQ,,,
12/29/1999,7.9,8,7.75,7.8,65532,EQ,,,
12/30/1999,7.9,8,7.75,7.85,209822,EQ,,,
1/3/2000,8.3,8.5,8.3,8.5,33259,EQ,,,
1/4/2000,9.1,9.15,8.55,8.7,168710,EQ,,,
1/5/2000,8.5,8.7,8.25,8.35,159820,EQ,,,
1/6/2000,8.4,8.5,8.25,8.4,85026,EQ,,,
1/7/2000,8.1,8.55,8.1,8.4,85144,EQ,,,
1/10/2000,8.65,9,8.25,8.3,100434,EQ,,,
1/11/2000,8.3,8.4,7.85,8.15,145784,EQ,,,
1/12/2000,8.2,8.4,8.1,8.25,85952,EQ,,,
1/13/2000,8.5,8.5,8.25,8.25,48276,EQ,,,
1/14/2000,8.4,8.4,8.2,8.25,58152,EQ,,,
1/17/2000,8.7,8.95,8.6,8.95,137404,EQ,,,
1/18/2000,8.95,8.95,8.25,8.3,255652,EQ,,,
1/19/2000,8.6,8.95,8.6,8.95,349818,EQ,,,
1/20/2000,9.25,9.25,8.8,8.95,269098,EQ,,,
1/21/2000,8.8,9.6,8.6,9.4,472329,EQ,,,
1/24/2000,9.95,10.15,9.65,10.05,449366,EQ,,,
1/25/2000,9.95,10.85,9.95,10.85,290291,EQ,,,
1/27/2000,11.2,11.7,11.05,11.5,563582,EQ,,,
1/28/2000,11.5,11.65,11.2,11.4,479165,EQ,,,
1/31/2000,11.5,12.3,11.5,11.9,637380,EQ,,,
2/1/2000,11.8,12.2,11.75,12.05,390779,EQ,,,
2/2/2000,13,13,11.95,12.2,343832,EQ,,,
2/3/2000,12.2,12.5,11.2,11.3,284687,EQ,,,
2/4/2000,11.5,11.6,10.9,11.45,265704,EQ,,,
2/7/2000,11.75,12.35,11.5,12.35,389035,EQ,,,
2/8/2000,12.5,12.7,12,12.55,305208,EQ,,,
2/9/2000,12.75,13.05,12.3,12.6,317233,EQ,,,
2/10/2000,12.5,13.1,12.4,12.6,210086,EQ,,,
2/11/2000,12.75,12.95,11.6,11.6,264823,EQ,,,
2/14/2000,11.75,11.75,11,11.65,252544,EQ,,,
2/15/2000,11.7,11.75,11.25,11.4,194087,EQ,,,
2/16/2000,12.25,12.3,11.5,12.3,70600,EQ,,,
2/17/2000,12.9,12.9,12.4,12.5,234160,EQ,,,
2/18/2000,12.55,12.65,11.95,12.15,118777,EQ,,,
2/21/2000,12.15,12.4,11.75,11.8,110472,EQ,,,
2/22/2000,11.8,12,10.85,10.9,174806,EQ,,,
2/23/2000,11.3,11.75,10.9,10.95,134508,EQ,,,
2/24/2000,11.1,11.5,10.8,11.35,87892,EQ,,,
2/25/2000,11.5,11.7,11.1,11.35,126532,EQ,,,
2/28/2000,11.5,11.5,11,11.4,85721,EQ,,,
2/29/2000,11.4,11.95,10.5,10.85,258688,EQ,,,
3/1/2000,10.9,11.7,10.9,11.7,32094,EQ,,,
3/2/2000,12.5,12.65,12.5,12.65,39936,EQ,,,
3/3/2000,13.65,13.65,13.65,13.65,64294,EQ,,,
3/6/2000,14.75,14.75,12.75,13.3,203641,EQ,,,
3/7/2000,13.25,13.4,12.75,12.9,162412,EQ,,,
3/8/2000,13.25,13.95,13.1,13.6,200477,EQ,,,
3/9/2000,13.5,14,12.55,13.5,133979,EQ,,,
3/10/2000,13.05,13.15,12.4,12.7,146833,EQ,,,
3/13/2000,12.5,13.7,12.5,13.5,207982,EQ,,,
3/14/2000,13.8,14,12.8,13.25,178202,EQ,,,
3/15/2000,13.5,13.5,12.35,13,82786,EQ,,,
3/16/2000,13.1,13.1,12.75,12.85,132464,EQ,,,
3/21/2000,13,13,12.35,12.8,160111,EQ,,,
3/22/2000,13,13.25,12.7,13.05,76130,EQ,,,
3/23/2000,12.9,14.1,12.9,14,253844,EQ,,,
3/24/2000,13.75,13.9,13.2,13.65,117154,EQ,,,
3/27/2000,13.75,13.9,13.3,13.6,61131,EQ,,,
3/28/2000,13.4,13.9,13.4,13.75,98364,EQ,,,
3/29/2000,13.8,14.4,13.15,13.25,98480,EQ,,,
3/30/2000,12.8,13.3,12.55,13.15,95368,EQ,,,
3/31/2000,12.65,13,12.6,12.85,74360,EQ,,,
4/3/2000,13,13.65,12,12.35,168588,EQ,,,
4/4/2000,12.15,12.15,11.35,11.35,71783,EQ,,,
4/5/2000,11.6,11.6,10.45,10.45,87281,EQ,,,
4/6/2000,10.35,10.6,9.65,9.65,83506,EQ,,,
4/7/2000,9.75,10.4,9.25,10.4,160929,EQ,,,
4/10/2000,11.2,11.25,11,11.25,156056,EQ,,,
4/11/2000,11.25,11.75,10.45,11.3,295933,EQ,,,
4/12/2000,11.9,12.15,11.15,11.65,130901,EQ,,,
4/13/2000,11.45,11.7,10.75,11.55,191316,EQ,,,
4/17/2000,11.25,11.25,10.65,10.65,128329,EQ,,,
4/18/2000,10.7,11.25,10.7,11.1,136898,EQ,,,
4/19/2000,11.45,11.6,10.95,11.3,140953,EQ,,,
4/20/2000,11.15,11.35,10.75,11.3,179397,EQ,,,
4/24/2000,11.25,11.8,11.2,11.6,198636,EQ,,,
4/25/2000,11.4,11.75,11,11.55,256016,EQ,,,
4/26/2000,12,12.45,11.55,12.45,188978,EQ,,,
4/27/2000,12.75,12.75,11.65,12.3,255768,EQ,,,
4/28/2000,12.1,12.5,12,12.25,167249,EQ,,,
5/2/2000,12.35,12.7,12,12.55,253873,EQ,,,
5/3/2000,12.15,12.5,11.6,12.3,222892,EQ,,,
5/4/2000,12.75,12.85,12.3,12.55,172245,EQ,,,
5/5/2000,12.4,13.5,12.35,13,284419,EQ,,,
5/8/2000,13.25,13.75,12.8,13,138220,EQ,,,
5/9/2000,12.8,13.25,12.65,13.05,114288,EQ,,,
5/10/2000,13,13.25,12.6,13.15,187477,EQ,,,
5/11/2000,12.75,13.55,12.7,13.3,243138,EQ,,,
5/12/2000,13.55,13.55,13,13.1,129698,EQ,,,
5/15/2000,12.9,13.1,12.55,12.85,165313,EQ,,,
5/16/2000,12.85,13.1,12.75,12.8,107407,EQ,,,
5/17/2000,13,13.05,12.75,12.9,80143,EQ,,,
5/18/2000,12.75,12.95,12.75,12.8,48871,EQ,,,
5/19/2000,12.6,13,12.6,12.8,216905,EQ,,,
5/22/2000,12.8,12.9,12.15,12.45,110150,EQ,,,
5/23/2000,12.35,12.35,10.95,11.7,203910,EQ,,,
5/24/2000,11.5,12.6,11,12.1,319841,EQ,,,
5/25/2000,12.1,12.4,11.5,11.7,157631,EQ,,,
5/26/2000,11.55,11.8,11.25,11.5,138735,EQ,,,
5/29/2000,11.4,11.6,10.6,11.25,141151,EQ,,,
5/30/2000,11.35,11.5,10.8,11.2,146745,EQ,,,
5/31/2000,11.55,11.95,11.25,11.5,152669,EQ,,,
6/1/2000,11.35,11.6,11.3,11.45,93573,EQ,,,
6/2/2000,11.6,12.35,11.6,12.2,221847,EQ,,,
6/5/2000,12.3,13.2,12.2,12.35,157111,EQ,,,
6/6/2000,12.75,12.75,11.85,12.25,91793,EQ,,,
6/7/2000,11.9,12,11.7,12,80002,EQ,,,
6/8/2000,12,12.25,11.85,12,63662,EQ,,,
6/9/2000,12.1,12.5,12.1,12.25,108211,EQ,,,
6/12/2000,12.3,12.45,12.15,12.2,64144,EQ,,,
6/13/2000,12,12.75,11.95,12.7,114014,EQ,,,
6/14/2000,12.95,12.95,12.45,12.5,70730,EQ,,,
6/15/2000,12.55,12.65,12.4,12.55,63502,EQ,,,
6/16/2000,12.15,12.65,12.15,12.55,55813,EQ,,,
6/19/2000,12.25,12.65,12.25,12.6,74185,EQ,,,
6/20/2000,12.75,12.95,12.3,12.75,100754,EQ,,,
6/21/2000,12.9,13.15,12.65,12.8,183914,EQ,,,
6/22/2000,12.9,13.1,12.8,12.85,65074,EQ,,,
6/23/2000,12.7,12.95,12.7,12.85,75781,EQ,,,
6/26/2000,12.7,12.85,12.7,12.75,66041,EQ,,,
6/27/2000,12.75,12.75,12.55,12.6,74332,EQ,,,
6/28/2000,13,13,12.4,12.5,60383,EQ,,,
6/29/2000,12.6,12.95,12.55,12.9,77404,EQ,,,
6/30/2000,12.75,12.8,12.6,12.6,38450,EQ,,,
7/3/2000,12.65,13.9,12.6,13.45,200434,EQ,,,
7/4/2000,13.4,14.05,13.3,13.95,313429,EQ,,,
7/5/2000,14.25,14.25,13.55,13.9,219271,EQ,,,
7/6/2000,13.9,14,13.65,13.8,95733,EQ,,,
7/7/2000,13.85,14.25,13.75,14.1,212198,EQ,,,
7/10/2000,14,14.15,13.65,13.8,144167,EQ,,,
7/11/2000,13.95,14,13.7,13.75,91841,EQ,,,
7/12/2000,13.75,13.95,13.05,13.4,182915,EQ,,,
7/13/2000,13.7,13.8,13.1,13.3,205966,EQ,,,
7/14/2000,13.25,13.5,13.2,13.3,77555,EQ,,,
7/17/2000,13.2,13.2,12.7,12.7,112576,EQ,,,
7/18/2000,12.7,12.75,12.5,12.5,142612,EQ,,,
7/19/2000,12.4,12.65,12.4,12.55,69404,EQ,,,
7/20/2000,12.5,12.9,12.25,12.4,98811,EQ,,,
7/21/2000,12.4,12.5,12,12.1,114812,EQ,,,
7/24/2000,11.75,11.9,11.25,11.55,213982,EQ,,,
7/25/2000,11.3,12.45,11.15,12.15,102331,EQ,,,
7/26/2000,12.45,12.6,12.1,12.25,60763,EQ,,,
7/27/2000,12.15,12.3,12.05,12.2,30942,EQ,,,
7/28/2000,12.1,12.3,11.7,11.75,129944,EQ,,,
7/31/2000,11.75,11.8,11.5,11.65,24643,EQ,,,
8/1/2000,11.8,11.8,11.3,11.35,73100,EQ,,,
8/2/2000,11.4,11.5,10.9,11.2,117080,EQ,,,
8/3/2000,11.25,12.9,11.2,12.6,295403,EQ,,,
8/4/2000,12.25,12.7,12.1,12.5,283882,EQ,,,
8/7/2000,12.4,12.5,11.5,11.75,149415,EQ,,,
8/8/2000,11.6,12.9,11.55,12.65,196672,EQ,,,
8/9/2000,12.7,12.75,12.1,12.2,63731,EQ,,,
8/10/2000,12.1,12.45,12.05,12.2,43949,EQ,,,
8/11/2000,11.75,12.2,11.75,12.1,50662,EQ,,,
8/14/2000,12.1,12.2,12.05,12.2,55175,EQ,,,
8/16/2000,12.3,12.4,12.2,12.3,30975,EQ,,,
8/17/2000,12.25,12.75,12.25,12.35,118270,EQ,,,
8/18/2000,12.2,12.2,11.85,12,246231,EQ,,,
8/21/2000,11.75,11.9,11.3,11.75,280119,EQ,,,
8/22/2000,11.65,11.65,11.45,11.5,111177,EQ,,,
8/23/2000,12.15,12.15,11.55,11.65,107574,EQ,,,
8/24/2000,11.65,11.7,11.55,11.6,39067,EQ,,,
8/25/2000,11.5,12.35,11.5,11.95,231272,EQ,,,
8/28/2000,12.1,12.1,11.75,11.75,42923,EQ,,,
8/29/2000,11.7,11.85,11.55,11.75,93645,EQ,,,
8/30/2000,11.85,12,11.75,11.8,111317,EQ,,,
8/31/2000,11.7,12,11.7,11.95,43841,EQ,,,
9/4/2000,12,12.15,11.85,11.9,48180,EQ,,,
9/5/2000,11.85,12.25,11.85,11.95,86969,EQ,,,
9/6/2000,12,12.45,12,12.15,109195,EQ,,,
9/7/2000,11.95,12.25,11.95,12,69755,EQ,,,
9/8/2000,11.9,12.2,11.9,11.95,66476,EQ,,,
9/11/2000,11.95,12.1,11.95,12,67366,EQ,,,
9/12/2000,11.95,12,11.8,11.8,93085,EQ,,,
9/13/2000,11.9,11.9,11.75,11.8,47302,EQ,,,
9/14/2000,11.65,11.8,11.6,11.6,92475,EQ,,,
9/15/2000,11.55,11.55,11.2,11.4,183906,EQ,,,
9/18/2000,11.25,11.25,9.85,10.45,409436,EQ,,,
9/19/2000,10.3,11.75,9.9,11.5,339135,EQ,,,
9/20/2000,11.7,11.8,11,11.25,134233,EQ,,,
9/21/2000,11.25,11.3,11,11.2,78879,EQ,,,
9/22/2000,11,11.15,10.75,10.85,141324,EQ,,,
9/25/2000,11,11.2,10.8,11.2,68289,EQ,,,
9/26/2000,11.1,11.2,11,11.1,91082,EQ,,,
9/27/2000,11,11.35,10.9,11.35,61641,EQ,,,
9/28/2000,11.35,11.4,11,11.2,123104,EQ,,,
9/29/2000,11.4,12,11.15,11.7,161248,EQ,,,
10/3/2000,11.7,12,11.5,11.95,101584,EQ,,,
10/4/2000,12,12,11.6,11.8,53843,EQ,,,
10/5/2000,11.8,11.9,11.6,11.75,53402,EQ,,,
10/6/2000,11.75,12.4,11.1,12.2,416598,EQ,,,
10/9/2000,12,12.3,11.9,12.15,170268,EQ,,,
10/10/2000,11.9,12.25,11.8,11.95,159761,EQ,,,
10/11/2000,11.8,11.95,11.45,11.85,152700,EQ,,,
10/12/2000,11.75,11.9,11.65,11.8,53532,EQ,,,
10/13/2000,11.65,11.9,11.55,11.8,85865,EQ,,,
10/16/2000,12.05,12.2,11.55,11.85,167268,EQ,,,
10/17/2000,11.75,12,11.7,11.9,100692,EQ,,,
10/18/2000,11.8,12,11.6,11.9,87441,EQ,,,
10/19/2000,11.95,12.2,11.9,12.1,116500,EQ,,,
10/20/2000,12.25,12.35,12.15,12.25,98345,EQ,,,
10/23/2000,12.25,12.35,12.1,12.15,49054,EQ,,,
10/24/2000,12.05,12.2,12,12.15,90862,EQ,,,
10/25/2000,12.2,12.2,12,12.05,48428,EQ,,,
10/26/2000,12.25,12.25,12,12.05,13276,EQ,,,
10/27/2000,12.05,12.15,11.85,12,15771,EQ,,,
10/30/2000,11.9,12.45,11.9,12.35,72598,EQ,,,
10/31/2000,12.5,12.75,12.15,12.55,126894,EQ,,,
11/1/2000,12.7,12.7,12.25,12.35,45087,EQ,,,
11/2/2000,12.3,12.65,12.3,12.6,109026,EQ,,,
11/3/2000,12.65,12.65,12.35,12.4,58641,EQ,,,
11/6/2000,12.35,12.65,12.35,12.5,341447,EQ,,,
11/7/2000,12.4,12.5,12.4,12.45,50074,EQ,,,
11/8/2000,12.5,12.5,12.15,12.2,31119,EQ,,,
11/9/2000,12.1,12.3,12,12.25,46373,EQ,,,
11/10/2000,12.2,12.35,12.2,12.25,50891,EQ,,,
11/13/2000,12.05,12.2,12,12,37935,EQ,,,
11/14/2000,12,12,11.6,11.8,96156,EQ,,,
11/15/2000,12,12.2,11.9,12,178827,EQ,,,
11/16/2000,12,12.05,11.45,11.65,338613,EQ,,,
11/17/2000,11.5,11.6,11.2,11.5,227452,EQ,,,
11/20/2000,11.45,11.5,11.2,11.45,84421,EQ,,,
11/21/2000,11.4,11.45,11.2,11.25,172557,EQ,,,
11/22/2000,11.5,11.5,11.1,11.2,154451,EQ,,,
11/23/2000,11.15,11.2,10.7,10.85,203242,EQ,,,
11/24/2000,10.95,11.25,10.9,11.2,169502,EQ,,,
11/27/2000,11.25,11.3,11.15,11.3,167926,EQ,,,
11/28/2000,11.3,11.35,11,11.1,184557,EQ,,,
11/29/2000,11.95,11.95,10.95,11.1,155730,EQ,,,
11/30/2000,11.2,11.3,10.9,11.05,122224,EQ,,,
12/1/2000,11,11,10.5,10.8,365183,EQ,,,
12/4/2000,10.75,10.95,10.75,10.8,108820,EQ,,,
12/5/2000,10.9,10.9,10.65,10.7,227174,EQ,,,
12/6/2000,10.9,11.5,10.9,11,236651,EQ,,,
12/7/2000,10.95,11,10.9,10.9,81015,EQ,,,
12/8/2000,10.95,11.1,10.9,10.95,175181,EQ,,,
12/11/2000,11.05,11.25,11,11.15,158635,EQ,,,
12/12/2000,11.25,11.6,11.25,11.45,456843,EQ,,,
12/13/2000,11.5,12.2,11.45,11.7,496545,EQ,,,
12/14/2000,11.75,11.85,11.4,11.45,174675,EQ,,,
12/15/2000,11.6,11.6,10.95,11,224568,EQ,,,
12/18/2000,10.65,11,10.65,10.85,138443,EQ,,,
12/19/2000,10.85,10.95,10.7,10.75,263238,EQ,,,
12/20/2000,10.85,11.1,10.8,11,177651,EQ,,,
12/21/2000,10.85,11,10.75,10.9,137770,EQ,,,
12/22/2000,11,11,10.8,10.8,106109,EQ,,,
12/26/2000,10.75,10.95,10.6,10.75,190046,EQ,,,
12/27/2000,10.8,11,10.8,10.9,71141,EQ,,,
12/28/2000,10.95,11.25,10.95,11,175348,EQ,,,
12/29/2000,11.05,11.25,11,11.15,180270,EQ,,,
1/1/2001,11.25,11.3,11.1,11.1,100359,EQ,,,
1/2/2001,11.15,11.25,10.95,11.2,178681,EQ,,,
1/3/2001,11.35,11.75,11.25,11.3,420754,EQ,,,
1/4/2001,11.4,11.5,11.25,11.25,212527,EQ,,,
1/5/2001,11.25,11.5,11.25,11.45,161844,EQ,,,
1/8/2001,11.35,11.6,11.35,11.5,259613,EQ,,,
1/9/2001,11.55,11.9,11.45,11.8,269985,EQ,,,
1/10/2001,11.95,12,11.2,11.25,325928,EQ,,,
1/11/2001,11.4,11.6,11.3,11.45,189900,EQ,,,
1/12/2001,11.6,11.95,11.5,11.85,394676,EQ,,,
1/15/2001,12,12.6,11.95,12.45,489958,EQ,,,
1/16/2001,12.5,12.6,12.3,12.5,286315,EQ,,,
1/17/2001,12.45,12.55,12.25,12.45,208308,EQ,,,
1/18/2001,12.5,12.5,12.3,12.5,169451,EQ,,,
1/19/2001,12.5,12.7,12.3,12.6,306254,EQ,,,
1/22/2001,12.65,13,12.3,12.4,255351,EQ,,,
1/23/2001,12.4,12.65,12.4,12.5,107406,EQ,,,
1/24/2001,12.45,12.55,12.3,12.45,107105,EQ,,,
1/25/2001,12.5,12.75,12.4,12.5,127993,EQ,,,
1/29/2001,12.4,12.5,12.15,12.25,164108,EQ,,,
1/30/2001,12.25,12.5,12.15,12.45,122735,EQ,,,
1/31/2001,12.3,12.75,12.3,12.7,174052,EQ,,,
2/1/2001,12.7,12.75,12.4,12.55,94243,EQ,,,
2/2/2001,12.55,12.7,12.4,12.6,84263,EQ,,,
2/5/2001,12.6,13.6,12.55,13.2,528047,EQ,,,
2/6/2001,13.15,13.25,12.85,13,102320,EQ,,,
2/7/2001,13,13.2,12.5,12.55,114416,EQ,,,
2/8/2001,12.6,12.95,12.5,12.9,124721,EQ,,,
2/9/2001,13,13.95,13,13.6,799552,EQ,,,
2/12/2001,13.65,13.7,13.05,13.1,220103,EQ,,,
2/13/2001,13.15,13.3,12.9,12.95,181101,EQ,,,
2/14/2001,13,13.3,12.85,13.2,264106,EQ,,,
2/15/2001,13.3,13.3,13,13.05,93948,EQ,,,
2/16/2001,13.2,13.5,12.6,12.7,223898,EQ,,,
2/19/2001,13.05,13.2,12.7,12.85,178961,EQ,,,
2/20/2001,12.8,12.9,12.5,12.55,144267,EQ,,,
2/21/2001,12.7,12.7,11.95,12.5,211877,EQ,,,
2/22/2001,12.5,12.8,12.45,12.6,236774,EQ,,,
2/23/2001,12.65,12.65,12.2,12.35,269766,EQ,,,
2/26/2001,12.35,12.55,12,12.5,82838,EQ,,,
2/27/2001,12.5,12.6,12.35,12.5,155319,EQ,,,
2/28/2001,13.25,13.45,12.5,12.85,440391,EQ,,,
3/1/2001,13.1,13.75,12.95,13.25,334400,EQ,,,
3/2/2001,13.45,13.6,13.15,13.25,308440,EQ,,,
3/5/2001,13.15,13.35,12.75,12.85,208140,EQ,,,
3/7/2001,12.8,13,12.5,12.85,121635,EQ,,,
3/8/2001,12.8,13.2,12.8,13.1,90497,EQ,,,
3/9/2001,12.9,12.9,12.5,12.65,142838,EQ,,,
3/12/2001,12.55,12.65,12.45,12.5,91542,EQ,,,
3/13/2001,12.45,12.45,10.55,11.05,251489,EQ,,,
3/14/2001,11,12.4,11,12.2,147434,EQ,,,
3/15/2001,12.5,12.5,11.75,12.1,171408,EQ,,,
3/16/2001,12,12.25,11.2,11.6,110751,EQ,,,
3/19/2001,11.3,11.85,11.2,11.75,45727,EQ,,,
3/20/2001,11.7,11.75,11.35,11.45,69982,EQ,,,
3/21/2001,11.3,12.1,11.3,11.8,96100,EQ,,,
3/22/2001,11.8,11.9,11.55,11.65,23625,EQ,,,
3/23/2001,11.6,11.75,11.25,11.5,36179,EQ,,,
3/26/2001,11.15,11.55,11.15,11.35,17177,EQ,,,
3/27/2001,11.4,11.5,11.3,11.35,119070,EQ,,,
3/28/2001,11.45,11.7,11.4,11.45,30500,EQ,,,
3/29/2001,11.45,11.55,11.4,11.5,118095,EQ,,,
3/30/2001,11.45,11.55,11.3,11.4,61899,EQ,,,
4/2/2001,11.3,11.3,10.75,11.15,80742,EQ,,,
4/3/2001,11.05,11.3,10.95,11.25,86186,EQ,,,
4/4/2001,11.15,11.35,11,11.3,31799,EQ,,,
4/6/2001,11.25,11.5,11.25,11.4,45070,EQ,,,
4/9/2001,11.35,11.35,11.1,11.25,51850,EQ,,,
4/10/2001,11.3,11.4,11.25,11.3,86633,EQ,,,
4/11/2001,11.3,11.6,11.25,11.55,93417,EQ,,,
4/12/2001,11.4,11.75,11.2,11.55,104520,EQ,,,
4/16/2001,11.75,12.1,11.45,11.8,98129,EQ,,,
4/17/2001,11.8,12.4,11.75,12.3,130855,EQ,,,
4/18/2001,12.35,12.5,12.15,12.25,112919,EQ,,,
4/19/2001,12.3,12.5,11.8,12,233788,EQ,,,
4/20/2001,12.25,12.25,11.75,12.2,153301,EQ,,,
4/23/2001,12.15,12.25,12.05,12.15,61322,EQ,,,
4/24/2001,12,12.1,11.8,11.9,129229,EQ,,,
4/25/2001,11.85,11.95,11.8,11.85,27245,EQ,,,
4/26/2001,11.9,12,11.8,11.9,21959,EQ,,,
4/27/2001,11.8,11.8,11,11.6,51572,EQ,,,
4/30/2001,11.3,11.8,11.3,11.5,66257,EQ,,,
5/2/2001,11,11.9,11,11.8,55990,EQ,,,
5/3/2001,11.95,12,11.5,11.65,43979,EQ,,,
5/4/2001,11.75,11.75,11.55,11.6,49826,EQ,,,
5/7/2001,11.7,11.9,11.6,11.85,59467,EQ,,,
5/8/2001,11.8,11.85,11.6,11.65,42490,EQ,,,
5/9/2001,11.7,12,11.55,11.9,73186,EQ,,,
5/10/2001,12,12.25,11.75,11.8,107271,EQ,,,
5/11/2001,11.9,11.9,11.65,11.7,30181,EQ,,,
5/14/2001,11.85,12.05,11.6,11.85,78536,EQ,,,
5/15/2001,11.6,12.15,11.3,12.05,72954,EQ,,,
5/16/2001,12.05,12.2,11.7,11.8,124001,EQ,,,
5/17/2001,12,12.15,11.6,11.7,127320,EQ,,,
5/18/2001,11.9,12,11.7,11.8,84460,EQ,,,
5/21/2001,12,12.2,11.65,11.85,162314,EQ,,,
5/22/2001,11.95,12.15,11.75,11.8,88593,EQ,,,
5/23/2001,11.95,11.95,11.85,11.85,65397,EQ,,,
5/24/2001,11.9,11.95,11.8,11.8,18794,EQ,,,
5/25/2001,11.85,11.85,11.5,11.55,124580,EQ,,,
5/28/2001,11.5,11.75,11.5,11.7,96718,EQ,,,
5/29/2001,11.7,11.8,11.6,11.75,141677,EQ,,,
5/30/2001,11.75,11.75,11.4,11.5,179832,EQ,,,
5/31/2001,11.55,11.55,11.4,11.5,77960,EQ,,,
6/1/2001,11.55,11.6,11.45,11.5,40477,EQ,,,
6/4/2001,11.6,11.65,11.45,11.6,81322,EQ,,,
6/5/2001,11.5,11.65,11.5,11.6,81207,EQ,,,
6/6/2001,11.65,11.75,11.6,11.7,46199,EQ,,,
6/7/2001,11.65,11.65,11.4,11.5,124201,EQ,,,
6/8/2001,11.55,11.6,11.4,11.6,111938,EQ,,,
6/11/2001,11.5,11.6,11.4,11.55,37602,EQ,,,
6/12/2001,11.55,11.55,11,11.4,76062,EQ,,,
6/13/2001,11.4,11.45,11.25,11.35,74574,EQ,,,
6/14/2001,11.4,11.4,10.8,10.9,110836,EQ,,,
6/15/2001,10.8,11,10.2,10.7,183718,EQ,,,
6/18/2001,10.75,10.75,9.85,9.9,132060,EQ,,,
6/19/2001,10,10.4,9.95,10.2,305282,EQ,,,
6/20/2001,10.35,10.7,10.3,10.65,129557,EQ,,,
6/21/2001,10.75,11.2,10.75,11.05,128907,EQ,,,
6/22/2001,11,11.3,10.9,10.95,106425,EQ,,,
6/25/2001,10.9,10.95,10.5,10.55,68047,EQ,,,
6/26/2001,10.45,10.9,10.4,10.8,77243,EQ,,,
6/27/2001,10.7,10.85,10.65,10.7,54563,EQ,,,
6/28/2001,10.7,10.8,10.65,10.75,29403,EQ,,,
6/29/2001,10.75,10.8,10.4,10.5,76400,EQ,,,
7/2/2001,10.7,10.7,10.6,10.65,18656,EQ,,,
7/3/2001,10.6,10.7,10.35,10.35,700464,EQ,,,
7/4/2001,10.4,10.4,10,10.15,52449,EQ,,,
7/5/2001,10.25,10.3,10.1,10.2,40349,EQ,,,
7/6/2001,10.1,10.3,10.1,10.2,14117,EQ,,,
7/9/2001,10.05,10.3,10,10.25,10791,EQ,,,
7/10/2001,10.35,10.45,10.15,10.4,21337,EQ,,,
7/11/2001,10.45,10.6,10.45,10.55,25540,EQ,,,
7/12/2001,10.55,10.85,10.5,10.75,42562,EQ,,,
7/13/2001,10.9,11.1,10.75,10.85,62401,EQ,,,
7/16/2001,10.9,11.15,10.9,10.95,242804,EQ,,,
7/17/2001,11,11.1,11,11.05,30005,EQ,,,
7/18/2001,11,11.45,11,11.35,70355,EQ,,,
7/19/2001,11.2,11.35,11.1,11.2,58013,EQ,,,
7/20/2001,11.3,11.35,11.25,11.25,115662,EQ,,,
7/23/2001,11.2,11.2,10.9,10.95,1042,EQ,,,
7/24/2001,10.9,11.4,10.75,11.35,72668,EQ,,,
7/25/2001,11.3,11.65,11.25,11.6,126157,EQ,,,
7/26/2001,11.2,11.6,11.2,11.45,222201,EQ,,,
7/27/2001,11.5,11.7,11.4,11.6,163112,EQ,,,
7/30/2001,11.45,11.65,11.45,11.6,53999,EQ,,,
7/31/2001,11.65,11.8,11.55,11.7,128169,EQ,,,
8/1/2001,11.9,11.9,11.5,11.8,60255,EQ,,,
8/2/2001,12,12.05,11.65,11.7,34322,EQ,,,
8/3/2001,11.75,11.9,11.45,11.6,89105,EQ,,,
8/6/2001,11.4,11.75,11.4,11.7,34583,EQ,,,
8/7/2001,11.55,11.7,11.55,11.6,22494,EQ,,,
8/8/2001,11.35,11.8,11.35,11.75,85925,EQ,,,
8/9/2001,11.6,11.7,11.3,11.4,34957,EQ,,,
8/10/2001,11.55,11.7,11.45,11.5,43856,EQ,,,
8/13/2001,11.4,11.6,11.4,11.55,24547,EQ,,,
8/14/2001,11.55,11.65,11.55,11.6,38540,EQ,,,
8/16/2001,11.6,11.65,11.6,11.65,36637,EQ,,,
8/17/2001,11.75,12.05,11.75,11.95,101665,EQ,,,
8/20/2001,11.8,11.85,11.6,11.75,49102,EQ,,,
8/21/2001,11.75,11.85,11.7,11.75,17038,EQ,,,
8/23/2001,11.7,11.8,11.5,11.75,21387,EQ,,,
8/24/2001,11.75,11.8,11.65,11.8,153212,EQ,,,
8/27/2001,11.8,11.85,11.7,11.75,27141,EQ,,,
8/28/2001,11.8,11.8,11.7,11.75,82995,EQ,,,
8/29/2001,11.7,11.8,11.7,11.75,40412,EQ,,,
8/30/2001,11.95,11.95,11.7,11.75,47143,EQ,,,
8/31/2001,11.8,11.95,11.65,11.85,53678,EQ,,,
9/3/2001,11.9,11.9,11.55,11.75,32980,EQ,,,
9/4/2001,11.8,11.95,11.55,11.6,54193,EQ,,,
9/5/2001,11.75,11.8,11.6,11.75,45314,EQ,,,
9/6/2001,11.75,11.9,11.7,11.75,87171,EQ,,,
9/7/2001,11.55,11.9,11.55,11.6,37295,EQ,,,
9/10/2001,11.8,11.8,11.55,11.65,17100,EQ,,,
9/11/2001,11.6,11.8,11.6,11.75,53446,EQ,,,
9/12/2001,11.25,11.45,10.8,11,71873,EQ,,,
9/13/2001,11.1,11.3,10.8,11,62430,EQ,,,
9/14/2001,10.8,10.95,10.05,10.2,159318,EQ,,,
9/17/2001,10.25,10.25,9.2,9.65,176881,EQ,,,
9/18/2001,9.8,10.6,9.25,10.3,146067,EQ,,,
9/19/2001,10.3,10.8,9.9,10.65,154458,EQ,,,
9/20/2001,10.65,10.95,10.3,10.85,102360,EQ,,,
9/21/2001,10.4,10.7,10.2,10.65,98581,EQ,,,
9/24/2001,10.5,10.6,10,10.1,183386,EQ,,,
9/25/2001,10.3,10.95,10.25,10.4,61079,EQ,,,
9/26/2001,10.45,10.8,10.1,10.75,125562,EQ,,,
9/27/2001,10.75,10.9,10.3,10.75,80479,EQ,,,
9/28/2001,10.6,10.95,10.6,10.85,43916,EQ,,,
10/1/2001,10.8,10.9,10.4,10.5,112498,EQ,,,
10/3/2001,10.5,10.8,10.45,10.55,96131,EQ,,,
10/4/2001,10.55,10.7,10.5,10.6,103431,EQ,,,
10/5/2001,10.6,10.8,10.55,10.7,26954,EQ,,,
10/8/2001,10.5,10.75,9.75,10.7,37871,EQ,,,
10/9/2001,10.7,10.8,10.7,10.7,25146,EQ,,,
10/10/2001,10.7,10.85,10.65,10.8,19322,EQ,,,
10/11/2001,10.85,11.1,10.85,11,66492,EQ,,,
10/12/2001,11.25,11.75,11.25,11.65,178334,EQ,,,
10/15/2001,11.65,11.65,11.3,11.4,33500,EQ,,,
10/16/2001,11.45,11.5,11.25,11.35,15419,EQ,,,
10/17/2001,11.3,11.45,11.15,11.25,67661,EQ,,,
10/18/2001,11.1,11.4,11.1,11.2,54421,EQ,,,
10/19/2001,11.15,11.25,11.1,11.2,58195,EQ,,,
10/22/2001,11.5,11.9,11.05,11.15,136853,EQ,,,
10/23/2001,11.25,11.6,10.9,11.25,136431,EQ,,,
10/24/2001,11.25,11.35,11.25,11.25,70693,EQ,,,
10/25/2001,11.25,11.3,11,11.1,115263,EQ,,,
10/29/2001,11.2,11.2,10.8,10.95,127705,EQ,,,
10/30/2001,10.8,10.95,10.8,10.9,69959,EQ,,,
10/31/2001,10.8,10.95,10.8,10.9,71643,EQ,,,
11/1/2001,10.9,10.9,10.8,10.9,97300,EQ,,,
11/2/2001,11,11.15,10.9,11.1,85268,EQ,,,
11/5/2001,11,11.1,11,11.05,80501,EQ,,,
11/6/2001,11.1,11.1,10.85,10.9,131302,EQ,,,
11/7/2001,11.55,11.55,10.85,10.95,55436,EQ,,,
11/8/2001,10.95,10.95,10.75,10.9,51680,EQ,,,
11/9/2001,10.95,11,10.9,10.95,229174,EQ,,,
11/12/2001,10.9,11,10.9,11,59743,EQ,,,
11/13/2001,10.95,11,10.9,10.95,86343,EQ,,,
11/14/2001,11.05,11.2,11,11.1,16370,EQ,,,
11/15/2001,11.2,11.2,10.95,11.05,122014,EQ,,,
11/19/2001,11.25,11.25,11,11.1,232803,EQ,,,
11/20/2001,11.25,11.3,11.1,11.25,107367,EQ,,,
11/21/2001,11.2,11.35,11.2,11.25,145920,EQ,,,
11/22/2001,11.3,11.3,11.1,11.15,88118,EQ,,,
11/23/2001,11.2,11.3,11.15,11.25,69701,EQ,,,
11/26/2001,11.35,11.5,11.2,11.35,64560,EQ,,,
11/27/2001,11.3,11.5,11.15,11.4,218030,EQ,,,
11/28/2001,11.6,11.65,11.05,11.25,181964,EQ,,,
11/29/2001,11.45,11.45,10.8,11.1,278220,EQ,,,
12/3/2001,11.05,11.3,10.9,11.2,182545,EQ,,,
12/4/2001,11.1,11.25,11.05,11.15,45479,EQ,,,
12/5/2001,11.35,11.35,11.05,11.15,59999,EQ,,,
12/6/2001,11.25,11.45,11.15,11.35,80664,EQ,,,
12/7/2001,11.4,11.8,11.35,11.7,182424,EQ,,,
12/10/2001,11.5,11.75,11.4,11.6,87836,EQ,,,
12/11/2001,11.5,11.5,11.05,11.25,191404,EQ,,,
12/12/2001,11.25,11.4,11.15,11.25,46045,EQ,,,
12/13/2001,11.2,11.75,10.95,11.55,86537,EQ,,,
12/14/2001,11.4,11.4,11.1,11.25,47178,EQ,,,
12/18/2001,11.2,11.2,11,11.05,103799,EQ,,,
12/19/2001,11,11.15,10.9,11,91808,EQ,,,
12/20/2001,11,11.25,10.8,11.1,94111,EQ,,,
12/21/2001,11,11.35,11,11.2,89944,EQ,,,
12/24/2001,10.9,11.05,10.7,11,31547,EQ,,,
12/26/2001,10.95,11.15,10.95,11.05,52153,EQ,,,
12/27/2001,11,11.15,10.95,11.05,44808,EQ,,,
12/28/2001,11.05,11.1,10.9,11.05,57971,EQ,,,
12/31/2001,11,11.4,10.95,11.3,37948,EQ,,,
1/1/2002,11.4,11.5,11.15,11.25,58641,EQ,,,
1/2/2002,11.2,11.3,11.15,11.25,62109,EQ,,,
1/3/2002,11.25,11.4,11.1,11.3,49582,EQ,,,
1/4/2002,11.25,11.4,11.2,11.2,21331,EQ,,,
1/7/2002,11.2,11.3,11.1,11.2,81273,EQ,,,
1/8/2002,11.25,11.25,11,11.15,58901,EQ,,,
1/9/2002,11.1,11.25,11.1,11.2,43375,EQ,,,
1/10/2002,11.25,11.3,11.1,11.3,70669,EQ,,,
1/11/2002,11.3,11.6,11.2,11.3,82187,EQ,,,
1/14/2002,11.3,11.85,11.3,11.7,118558,EQ,,,
1/15/2002,11.7,12.7,11.6,12,220783,EQ,,,
1/16/2002,12.4,12.45,11.45,11.55,63250,EQ,,,
1/17/2002,11.5,11.75,11.35,11.65,63836,EQ,,,
1/18/2002,11.7,11.95,11.7,11.85,65984,EQ,,,
1/21/2002,11.9,12.15,11.7,11.95,54630,EQ,,,
1/22/2002,11.95,12.1,11.85,12.05,53554,EQ,,,
1/23/2002,12.05,12.15,12,12.1,53197,EQ,,,
1/24/2002,12.1,12.2,11.65,11.75,30165,EQ,,,
1/25/2002,11.75,11.75,11.4,11.45,25436,EQ,,,
1/28/2002,11.3,11.6,11.3,11.5,10748,EQ,,,
1/29/2002,11.5,11.55,11.3,11.35,26046,EQ,,,
1/30/2002,11.4,11.4,11.2,11.25,56571,EQ,,,
1/31/2002,11.2,11.35,11,11.25,46595,EQ,,,
2/1/2002,11.3,11.3,11.2,11.25,13668,EQ,,,
2/4/2002,11.3,11.4,11.2,11.25,40232,EQ,,,
2/5/2002,11.2,11.35,11,11.15,219675,EQ,,,
2/6/2002,11.15,11.45,11.1,11.25,170975,EQ,,,
2/7/2002,11.25,11.6,11.2,11.35,66729,EQ,,,
2/8/2002,11.4,11.4,11,11.25,162488,EQ,,,
2/11/2002,11.35,11.5,11.3,11.45,30073,EQ,,,
2/12/2002,11.55,11.7,11.5,11.55,41637,EQ,,,
2/13/2002,11.6,11.6,11.35,11.5,31274,EQ,,,
2/14/2002,11.4,11.6,11.35,11.4,54011,EQ,,,
2/15/2002,11.5,11.85,11.45,11.7,197790,EQ,,,
2/18/2002,12.25,12.75,11.95,12.4,298846,EQ,,,
2/19/2002,12.4,12.5,11.75,11.75,98278,EQ,,,
2/20/2002,11.75,12.25,11.7,11.8,45199,EQ,,,
2/21/2002,12.05,12.1,11.75,11.85,33929,EQ,,,
2/22/2002,11.9,12.4,11.9,12.35,119642,EQ,,,
2/25/2002,12.75,12.75,12,12.15,89132,EQ,,,
2/26/2002,12.05,12.3,11.7,11.8,107678,EQ,,,
2/27/2002,11.8,12.05,11.65,11.85,89796,EQ,,,
2/28/2002,11.95,12.25,11.45,11.7,170760,EQ,,,
3/1/2002,11.6,11.95,11.55,11.8,58519,EQ,,,
3/4/2002,12.05,12.05,11.55,11.8,58075,EQ,,,
3/5/2002,11.7,12,11.7,11.85,156703,EQ,,,
3/6/2002,11.8,12.05,11.7,11.75,44240,EQ,,,
3/7/2002,11.8,12,11.75,11.85,65958,EQ,,,
3/8/2002,11.85,11.9,11.55,11.7,102427,EQ,,,
3/11/2002,11.65,11.85,11.6,11.65,26114,EQ,,,
3/12/2002,11.45,11.65,11.45,11.55,76830,EQ,,,
3/13/2002,11.45,11.75,11.45,11.75,86655,EQ,,,
3/14/2002,11.8,11.8,11.6,11.75,40695,EQ,,,
3/15/2002,11.75,11.8,11.7,11.75,33543,EQ,,,
3/18/2002,11.9,12,11.6,11.95,42694,EQ,,,
3/19/2002,11.9,11.95,11.7,11.75,35971,EQ,,,
3/20/2002,11.6,11.85,11.6,11.75,33154,EQ,,,
3/21/2002,11.7,11.85,11.65,11.7,22072,EQ,,,
3/22/2002,11.8,11.85,11.6,11.7,45557,EQ,,,
3/26/2002,11.65,11.7,11.45,11.5,34025,EQ,,,
3/27/2002,11.45,12.05,11.45,11.9,42827,EQ,,,
3/28/2002,11.85,11.95,11.8,11.85,62503,EQ,,,
4/1/2002,12.1,12.1,11.5,11.7,83509,EQ,,,
4/2/2002,11.8,11.8,11.65,11.75,112307,EQ,,,
4/3/2002,11.65,11.7,11.2,11.4,128357,EQ,,,
4/4/2002,11.4,11.6,11.25,11.25,65912,EQ,,,
4/5/2002,11.95,11.95,11.2,11.25,50042,EQ,,,
4/8/2002,11.4,11.4,11.2,11.25,23828,EQ,,,
4/9/2002,11.3,11.4,11.25,11.3,22023,EQ,,,
4/10/2002,11.45,11.5,11.25,11.35,16144,EQ,,,
4/11/2002,11.3,11.3,11.15,11.2,201294,EQ,,,
4/12/2002,11.2,11.2,11.1,11.15,35285,EQ,,,
4/15/2002,11.35,11.45,11.05,11.1,281517,EQ,,,
4/16/2002,11.25,11.5,11,11.2,77520,EQ,,,
4/17/2002,11.4,11.4,11.15,11.25,30150,EQ,,,
4/18/2002,11.25,11.45,11.2,11.35,101951,EQ,,,
4/19/2002,11.5,11.6,11.2,11.3,80104,EQ,,,
4/22/2002,11.15,11.4,11,11.1,142306,EQ,,,
4/23/2002,11.2,11.45,11.2,11.25,57949,EQ,,,
4/24/2002,11.35,11.35,11.2,11.25,26110,EQ,,,
4/25/2002,11.15,11.25,11,11.1,126499,EQ,,,
4/26/2002,11.2,11.25,11.1,11.2,76480,EQ,,,
4/29/2002,11.05,11.15,10.95,11,164789,EQ,,,
4/30/2002,11.05,11.05,10.9,11,76341,EQ,,,
5/2/2002,11,11.05,10.85,10.9,115411,EQ,,,
5/3/2002,10.95,11,10.8,10.8,130948,EQ,,,
5/6/2002,10.85,10.9,10.8,10.9,68295,EQ,,,
5/7/2002,11.05,11.05,10.85,11,65721,EQ,,,
5/8/2002,11.1,11.1,10.95,11.05,96566,EQ,,,
5/9/2002,11.1,11.15,11,11.1,113870,EQ,,,
5/10/2002,11,11.15,11,11.1,73878,EQ,,,
5/13/2002,10.75,11.1,10.75,10.95,21043,EQ,,,
5/14/2002,10.95,11.1,10.95,11,22187,EQ,,,
5/15/2002,11.1,11.15,11.05,11.1,105545,EQ,,,
5/16/2002,10.55,11.1,10.55,10.85,159300,EQ,,,
5/17/2002,11.05,11.05,10.8,10.95,91996,EQ,,,
5/20/2002,10.05,10.9,10.05,10.85,27163,EQ,,,
5/21/2002,10.6,11.55,10.6,11.2,75771,EQ,,,
5/22/2002,10.95,11,10.8,10.9,71693,EQ,,,
5/23/2002,10.75,10.95,10.65,10.7,47595,EQ,,,
5/24/2002,10.8,11,10.75,10.9,53729,EQ,,,
5/27/2002,11.5,11.5,10.75,11,20628,EQ,,,
5/28/2002,11,11.2,10.95,11.1,35132,EQ,,,
5/29/2002,11.05,11.2,11,11.05,90585,EQ,,,
5/30/2002,10.95,11.25,10.95,11.1,139473,EQ,,,
5/31/2002,11.15,11.6,11.1,11.45,176617,EQ,,,
6/3/2002,11.55,11.75,11.3,11.4,52425,EQ,,,
6/4/2002,11.3,11.55,11.05,11.25,38106,EQ,,,
6/5/2002,11.25,11.25,10.9,11.15,126610,EQ,,,
6/6/2002,11,11.25,10.9,11.1,135120,EQ,,,
6/7/2002,11.15,11.15,10.8,10.85,108535,EQ,,,
6/10/2002,11.1,11.1,10.95,11,64129,EQ,,,
6/11/2002,11.25,11.3,10.95,11.05,36809,EQ,,,
6/12/2002,11.15,11.15,10.95,11,63780,EQ,,,
6/13/2002,10.95,11.05,10.95,11,81673,EQ,,,
6/14/2002,11,11.05,10.95,11,39506,EQ,,,
6/17/2002,11,11,10.95,10.95,143953,EQ,,,
6/18/2002,11,11.05,10.9,10.95,38660,EQ,,,
6/19/2002,10.9,11,10.9,10.95,33252,EQ,,,
6/20/2002,10.95,11.1,10.8,10.9,46363,EQ,,,
6/21/2002,10.95,11.1,10.85,11,22211,EQ,,,
6/24/2002,10.9,10.9,10.7,10.75,119995,EQ,,,
6/25/2002,10.75,10.85,10.65,10.65,69565,EQ,,,
6/26/2002,10.75,10.75,10.7,10.7,13692,EQ,,,
6/27/2002,10.7,10.75,10.3,10.35,116600,EQ,,,
6/28/2002,10.5,10.5,10,10.1,202772,EQ,,,
7/1/2002,10,10.65,10,10.6,173747,EQ,,,
7/2/2002,10.65,10.65,10.4,10.5,91140,EQ,,,
7/3/2002,10.5,10.5,10.4,10.5,38226,EQ,,,
7/4/2002,10.5,10.9,10.4,10.85,115440,EQ,,,
7/5/2002,10.9,10.9,10.55,10.65,46638,EQ,,,
7/8/2002,10.6,10.8,10.45,10.5,66340,EQ,,,
7/9/2002,10.6,10.7,10.4,10.5,86858,EQ,,,
7/10/2002,10.5,10.55,10.45,10.5,128222,EQ,,,
7/11/2002,10.55,10.55,10.4,10.5,49148,EQ,,,
7/12/2002,10.55,10.55,10.45,10.5,18484,EQ,,,
7/15/2002,10.5,10.55,10.45,10.5,33878,EQ,,,
7/16/2002,10.5,10.6,10.35,10.55,64718,EQ,,,
7/17/2002,10.5,10.5,10.4,10.5,75479,EQ,,,
7/18/2002,10.65,10.7,10.45,10.55,36652,EQ,,,
7/19/2002,10.45,10.75,10.45,10.7,96170,EQ,,,
7/22/2002,10.95,10.95,10.55,10.75,217383,EQ,,,
7/23/2002,10.85,10.95,10.65,10.75,112241,EQ,,,
7/24/2002,10.75,10.75,10.45,10.55,40471,EQ,,,
7/25/2002,10.65,10.65,10.5,10.65,34361,EQ,,,
7/26/2002,10.6,10.7,10.45,10.55,73714,EQ,,,
7/29/2002,10.5,10.7,10.5,10.6,44779,EQ,,,
7/30/2002,10.6,10.6,10.5,10.5,45439,EQ,,,
7/31/2002,10.5,10.7,10.45,10.65,56705,EQ,,,
8/1/2002,10.7,10.7,10.4,10.55,50123,EQ,,,
8/2/2002,10.5,10.5,10.4,10.5,18924,EQ,,,
8/5/2002,10.65,10.65,10.5,10.5,22037,EQ,,,
8/6/2002,10.5,10.6,10.45,10.55,25955,EQ,,,
8/7/2002,10.5,10.55,10.5,10.5,32794,EQ,,,
8/8/2002,10.45,10.55,10.4,10.45,37812,EQ,,,
8/9/2002,10.4,10.5,10.4,10.5,77051,EQ,,,
8/12/2002,10.45,10.5,10.45,10.5,50422,EQ,,,
8/13/2002,10.5,10.75,10.45,10.6,32029,EQ,,,
8/14/2002,10.5,10.65,10.35,10.4,23487,EQ,,,
8/16/2002,10.45,10.6,10.4,10.5,68272,EQ,,,
8/19/2002,10.5,10.6,10.5,10.55,49330,EQ,,,
8/20/2002,10.6,10.6,10.5,10.6,38572,EQ,,,
8/21/2002,10.5,10.5,10.4,10.45,134260,EQ,,,
8/22/2002,10.5,10.55,10.35,10.45,44443,EQ,,,
8/23/2002,10.35,10.5,10.35,10.5,57058,EQ,,,
8/26/2002,10.55,10.55,10.4,10.5,31730,EQ,,,
8/27/2002,10.5,10.5,10.45,10.5,16977,EQ,,,
8/28/2002,10.45,10.55,10.45,10.5,19162,EQ,,,
8/29/2002,10.45,10.55,10.4,10.55,22816,EQ,,,
8/30/2002,10.5,10.6,10.45,10.5,169890,EQ,,,
9/2/2002,10.55,10.55,10.5,10.5,18045,EQ,,,
9/3/2002,10.55,10.55,10.45,10.5,19562,EQ,,,
9/4/2002,10.5,10.65,10.45,10.65,33034,EQ,,,
9/5/2002,10.6,10.7,10.5,10.6,35771,EQ,,,
9/6/2002,10.6,10.6,10.5,10.55,22439,EQ,,,
9/9/2002,10.5,10.55,10.45,10.5,19277,EQ,,,
9/11/2002,10.5,10.65,10.5,10.65,32720,EQ,,,
9/12/2002,10.6,10.75,10.5,10.65,29108,EQ,,,
9/13/2002,10.55,10.75,10.55,10.75,40485,EQ,,,
9/16/2002,10.65,10.85,10.65,10.8,29124,EQ,,,
9/17/2002,10.7,11.2,10.7,11.15,65112,EQ,,,
9/18/2002,11.05,11.3,11,11.25,110382,EQ,,,
9/19/2002,11.25,11.25,11,11,36995,EQ,,,
9/20/2002,11,11.1,10.9,11,17198,EQ,,,
9/23/2002,11,11.05,10.95,11,96244,EQ,,,
9/24/2002,10.95,10.95,10.7,10.85,48467,EQ,,,
9/25/2002,10.85,10.85,10.5,10.5,56126,EQ,,,
9/26/2002,10.5,10.65,10.4,10.5,15418,EQ,,,
9/27/2002,10.45,11.25,10.45,11.05,148191,EQ,,,
9/30/2002,10.85,11.05,10.55,10.95,65278,EQ,,,
10/1/2002,10.8,10.85,10.55,10.6,45803,EQ,,,
10/3/2002,10.65,10.65,10.4,10.5,145215,EQ,,,
10/4/2002,10.5,10.6,10.4,10.5,74638,EQ,,,
10/7/2002,10.5,10.55,10.4,10.45,82004,EQ,,,
10/8/2002,10.4,10.55,10.4,10.45,72413,EQ,,,
10/9/2002,10.45,10.5,10.4,10.4,122320,EQ,,,
10/10/2002,10.4,10.4,10.25,10.3,83125,EQ,,,
10/11/2002,10.4,10.4,10.3,10.35,42270,EQ,,,
10/14/2002,10.35,10.45,10.35,10.4,63841,EQ,,,
10/16/2002,10.45,10.45,10.2,10.2,82658,EQ,,,
10/17/2002,10.25,10.35,9.95,10,193846,EQ,,,
10/18/2002,10.15,10.15,9.7,9.8,173293,EQ,,,
10/21/2002,10,10,9.8,9.85,151437,EQ,,,
10/22/2002,10.05,10.05,9.8,9.8,85600,EQ,,,
10/23/2002,9.95,9.95,9.7,9.75,54674,EQ,,,
10/24/2002,9.75,9.8,9.65,9.7,233552,EQ,,,
10/25/2002,9.65,9.8,9.55,9.6,107728,EQ,,,
10/28/2002,9.65,9.8,9.65,9.7,138090,EQ,,,
10/29/2002,9.65,9.85,9.65,9.75,55944,EQ,,,
10/30/2002,9.65,9.8,9.3,9.45,140307,EQ,,,
10/31/2002,9.5,9.6,9.45,9.5,95990,EQ,,,
11/1/2002,9.45,9.7,9.4,9.5,196187,EQ,,,
11/4/2002,9.6,9.7,9.55,9.6,13910,EQ,,,
11/5/2002,9.65,9.75,9.55,9.75,20320,EQ,,,
11/7/2002,9.75,9.8,9.65,9.75,35542,EQ,,,
11/8/2002,9.8,9.8,9.7,9.75,49075,EQ,,,
11/11/2002,9.75,9.8,9.75,9.8,28920,EQ,,,
11/12/2002,9.85,9.95,9.75,9.9,19643,EQ,,,
11/13/2002,9.5,9.9,9.5,9.7,122238,EQ,,,
11/14/2002,9.65,9.75,9.45,9.65,132530,EQ,,,
11/15/2002,9.65,9.65,9.6,9.65,187023,EQ,,,
11/18/2002,9.6,9.75,9.6,9.7,69249,EQ,,,
11/20/2002,9.7,9.75,9.6,9.7,50100,EQ,,,
11/21/2002,9.7,9.7,9.6,9.7,77988,EQ,,,
11/22/2002,9.75,9.8,9.65,9.8,101586,EQ,,,
11/25/2002,9.8,10,9.75,9.75,488654,EQ,,,
11/26/2002,9.85,9.85,9.75,9.8,68406,EQ,,,
11/27/2002,9.8,9.9,9.7,9.8,128081,EQ,,,
11/28/2002,9.8,9.8,9.75,9.75,114623,EQ,,,
11/29/2002,9.8,9.8,9.75,9.75,123063,EQ,,,
12/2/2002,9.8,9.8,9.7,9.75,73633,EQ,,,
12/3/2002,9.75,9.8,9.7,9.75,108026,EQ,,,
12/4/2002,9.65,9.95,9.65,9.8,151088,EQ,,,
12/5/2002,9.85,9.95,9.75,9.9,47359,EQ,,,
12/6/2002,10,10.05,9.8,9.9,58471,EQ,,,
12/9/2002,9.5,10,9.5,9.8,101049,EQ,,,
12/10/2002,9.75,9.75,9.4,9.5,141389,EQ,,,
12/11/2002,9.5,9.6,9.35,9.4,84652,EQ,,,
12/12/2002,9.5,9.9,9.45,9.7,311628,EQ,,,
12/13/2002,9.85,10.25,9.85,10.15,502623,EQ,,,
12/16/2002,10.25,10.8,10.25,10.5,345437,EQ,,,
12/17/2002,10.55,10.8,10.25,10.75,222956,EQ,,,
12/18/2002,10.8,11,10.6,10.9,267483,EQ,,,
12/19/2002,10.75,10.95,10.65,10.9,197377,EQ,,,
12/20/2002,10.95,11.1,10.85,11,151988,EQ,,,
12/23/2002,11.05,11.15,10.9,11,87463,EQ,,,
12/24/2002,10.95,11.05,10.9,10.9,83455,EQ,,,
12/26/2002,11,11,10.9,10.9,33996,EQ,,,
12/27/2002,10.85,11,10.85,10.95,207767,EQ,,,
12/30/2002,10.85,10.9,10.65,10.7,33827,EQ,,,
12/31/2002,10.65,11,10.55,10.8,130035,EQ,,,
1/1/2003,11,11,10.75,10.8,18752,EQ,,,
1/2/2003,10.85,10.95,10.75,10.9,31539,EQ,,,
1/3/2003,10.8,10.9,10.75,10.75,34211,EQ,,,
1/6/2003,10.75,10.8,10.7,10.75,90909,EQ,,,
1/7/2003,10.75,10.9,10.75,10.9,88901,EQ,,,
1/8/2003,10.8,10.85,10.7,10.75,121544,EQ,,,
1/9/2003,10.7,10.75,10.6,10.7,152386,EQ,,,
1/10/2003,10.6,10.85,10.5,10.75,142193,EQ,,,
1/13/2003,10.8,10.95,10.8,10.85,59613,EQ,,,
1/14/2003,10.9,10.9,10.8,10.9,57997,EQ,,,
1/15/2003,10.95,11.15,10.8,10.85,135584,EQ,,,
1/16/2003,11,11,10.9,10.95,65633,EQ,,,
1/17/2003,11,11.8,11,11.2,180136,EQ,,,
1/20/2003,11.2,11.3,11.1,11.2,96987,EQ,,,
1/21/2003,11.2,11.4,11.15,11.3,102769,EQ,,,
1/22/2003,11.35,12.1,11.35,12,393737,EQ,,,
1/23/2003,12.1,12.15,11.75,11.8,147069,EQ,,,
1/24/2003,11.85,12,11.7,11.9,151801,EQ,,,
1/27/2003,11.9,12,11.75,11.9,163080,EQ,,,
1/28/2003,11.9,12,11.05,11.6,191557,EQ,,,
1/29/2003,12,12,11.35,11.45,31929,EQ,,,
1/30/2003,11.4,11.6,11.2,11.35,60936,EQ,,,
1/31/2003,11.45,11.95,11.3,11.85,200312,EQ,,,
2/3/2003,11.1,12.15,11.1,11.9,146708,EQ,,,
2/4/2003,12,12.2,11.9,12,225801,EQ,,,
2/5/2003,12.05,12.05,11.95,12,64409,EQ,,,
2/6/2003,12,12.15,12,12.1,79260,EQ,,,
2/7/2003,12.15,12.5,12.1,12.35,295679,EQ,,,
2/10/2003,12.3,12.35,12.1,12.3,78241,EQ,,,
2/11/2003,12.25,12.45,12.25,12.3,149638,EQ,,,
2/12/2003,12.35,12.5,12.05,12.45,278563,EQ,,,
2/14/2003,12.5,12.6,12.3,12.4,193587,EQ,,,
2/17/2003,12.35,12.5,12.3,12.4,43115,EQ,,,
2/18/2003,12.4,12.5,12.25,12.3,61293,EQ,,,
2/19/2003,12.5,12.65,12.35,12.6,341219,EQ,,,
2/20/2003,12.75,12.8,12.45,12.5,117455,EQ,,,
2/21/2003,12.6,12.6,12.25,12.5,101212,EQ,,,
2/24/2003,12.35,12.5,12.3,12.4,42826,EQ,,,
2/25/2003,12.35,12.4,12.25,12.3,22236,EQ,,,
2/26/2003,12.3,12.5,12.25,12.45,80646,EQ,,,
2/27/2003,12.4,12.5,12.3,12.4,69178,EQ,,,
2/28/2003,12.4,12.7,12.2,12.5,212786,EQ,,,
3/3/2003,12.5,12.6,12.05,12.15,36165,EQ,,,
3/4/2003,12.1,12.3,12,12.15,56164,EQ,,,
3/5/2003,12.15,12.25,12,12.05,71007,EQ,,,
3/6/2003,12.15,12.15,12,12.05,63424,EQ,,,
3/7/2003,12,12,11.85,11.9,156291,EQ,,,
3/10/2003,11.9,12.3,11.9,12,50717,EQ,,,
3/11/2003,11.85,12.3,11.75,11.9,33954,EQ,,,
3/12/2003,11.9,11.95,11.85,11.9,31489,EQ,,,
3/13/2003,12,12.1,11.95,11.95,142497,EQ,,,
3/17/2003,11.95,12,11.9,11.95,246925,EQ,,,
3/19/2003,11.95,12.15,11.8,12.05,153220,EQ,,,
3/20/2003,12.15,12.3,11.9,12.25,80892,EQ,,,
3/21/2003,12.1,12.5,11.9,12.1,68664,EQ,,,
3/22/2003,12.05,12.2,11.85,11.9,19273,EQ,,,
3/24/2003,12.45,12.45,11.7,11.8,97538,EQ,,,
3/25/2003,11.7,11.85,11.5,11.65,28170,EQ,,,
3/26/2003,11.7,11.95,10.25,11.9,45963,EQ,,,
3/27/2003,11.9,11.9,10.8,11.35,80504,EQ,,,
3/28/2003,11.45,11.85,11.35,11.8,54433,EQ,,,
3/31/2003,11.7,11.95,11.6,11.75,98015,EQ,,,
4/1/2003,11.65,11.8,11.55,11.7,43108,EQ,,,
4/2/2003,11.8,11.85,11.55,11.65,116211,EQ,,,
4/3/2003,11.65,11.85,11.65,11.85,32183,EQ,,,
4/4/2003,11.75,12.1,11.7,11.95,65009,EQ,,,
4/7/2003,12.05,12.5,12.05,12.3,106192,EQ,,,
4/8/2003,12.4,12.4,11.9,12,120123,EQ,,,
4/9/2003,12,12,11.6,11.75,61539,EQ,,,
4/10/2003,11.55,12.5,11.55,11.8,157312,EQ,,,
4/11/2003,12.05,12.25,11.75,12,107262,EQ,,,
4/15/2003,12.25,12.25,11.9,12.05,135814,EQ,,,
4/16/2003,12.2,12.3,12.15,12.2,428456,EQ,,,
4/17/2003,12.2,12.45,12.15,12.35,369924,EQ,,,
4/21/2003,12.3,12.35,12.2,12.25,70843,EQ,,,
4/22/2003,12.15,12.25,12.1,12.2,119501,EQ,,,
4/23/2003,12.2,12.2,11.8,11.85,153565,EQ,,,
4/24/2003,11.9,12.15,11.8,12,154002,EQ,,,
4/25/2003,11.9,12.3,11.9,12.2,103252,EQ,,,
4/28/2003,12.3,12.3,12.1,12.2,40796,EQ,,,
4/29/2003,12.25,12.45,12.15,12.25,138332,EQ,,,
4/30/2003,12.15,12.45,12.1,12.35,238604,EQ,,,
5/2/2003,12.4,12.8,12.3,12.65,336690,EQ,,,
5/5/2003,12.75,12.85,12.4,12.5,173757,EQ,,,
5/6/2003,12.25,12.5,12.25,12.4,102158,EQ,,,
5/7/2003,12.4,12.4,12.15,12.3,144015,EQ,,,
5/8/2003,12.3,12.3,12.1,12.15,77703,EQ,,,
5/9/2003,12.4,12.4,12.1,12.3,40765,EQ,,,
5/12/2003,12.25,12.4,12.1,12.15,97259,EQ,,,
5/13/2003,12.35,12.35,12.15,12.25,39488,EQ,,,
5/14/2003,12,12.25,12,12.2,24511,EQ,,,
5/15/2003,12.2,12.5,12.15,12.45,51185,EQ,,,
5/16/2003,12.45,12.6,12.45,12.55,81685,EQ,,,
5/19/2003,12.7,12.7,12.25,12.4,167472,EQ,,,
5/20/2003,12.35,12.4,12.25,12.25,71134,EQ,,,
5/21/2003,12.4,12.6,11.95,12.35,116477,EQ,,,
5/22/2003,12.5,12.65,12,12.05,53920,EQ,,,
5/23/2003,12.4,12.4,12.1,12.15,43224,EQ,,,
5/26/2003,12.3,12.6,12.2,12.5,139529,EQ,,,
5/27/2003,12.55,12.6,12.2,12.25,50708,EQ,,,
5/28/2003,12.4,12.4,12.1,12.15,51050,EQ,,,
5/29/2003,12.05,12.5,12.05,12.35,174400,EQ,,,
5/30/2003,12.3,12.5,12.2,12.25,110524,EQ,,,
6/2/2003,12.15,12.4,12.05,12.2,92367,EQ,,,
6/3/2003,12.05,12.55,12.05,12.45,544884,EQ,,,
6/4/2003,12.6,12.8,12.5,12.6,153436,EQ,,,
6/5/2003,12.7,12.85,12.55,12.6,195030,EQ,,,
6/6/2003,12.65,13.2,12.6,12.95,554751,EQ,,,
6/9/2003,13.05,13.35,12.95,13.1,200769,EQ,,,
6/10/2003,12.9,13,12.55,12.65,77421,EQ,,,
6/11/2003,12.8,13.05,12.5,12.9,334366,EQ,,,
6/12/2003,12.8,12.9,12.5,12.6,74323,EQ,,,
6/13/2003,12.55,12.85,12.5,12.6,120609,EQ,,,
6/16/2003,12.6,12.7,12.55,12.65,130150,EQ,,,
6/17/2003,12.75,12.85,12.6,12.65,184293,EQ,,,
6/18/2003,12.7,12.75,12.4,12.6,116769,EQ,,,
6/19/2003,12.7,12.7,12.45,12.45,159101,EQ,,,
6/20/2003,12.55,12.7,12.2,12.4,139204,EQ,,,
6/23/2003,12.45,12.5,12.1,12.15,60771,EQ,,,
6/24/2003,12.2,12.25,12,12.05,157769,EQ,,,
6/25/2003,12.05,12.2,12,12.1,157947,EQ,,,
6/26/2003,12.1,12.35,11.95,12.25,311125,EQ,,,
6/27/2003,12.2,12.55,12.2,12.4,207054,EQ,,,
6/30/2003,12.5,13.05,12.5,12.9,245734,EQ,,,
7/1/2003,13.25,13.4,12.8,13.05,213122,EQ,,,
7/2/2003,13.3,13.35,13,13.15,268772,EQ,,,
7/3/2003,13.35,15.1,13.35,14.5,1548863,EQ,,,
7/4/2003,14.25,14.35,13.65,13.85,271078,EQ,,,
7/7/2003,13.5,14.3,13.5,13.9,222938,EQ,,,
7/8/2003,14.5,15.2,14.15,14.2,482408,EQ,,,
7/9/2003,14.2,14.3,14.05,14.15,107555,EQ,,,
7/10/2003,14.15,14.3,14.1,14.2,251522,EQ,,,
7/11/2003,14.2,14.55,14.2,14.5,592725,EQ,,,
7/14/2003,14.7,14.8,14,14.25,363993,EQ,,,
7/15/2003,14.7,14.95,13.7,13.85,193934,EQ,,,
7/16/2003,13.95,14.25,13.8,14.15,377155,EQ,,,
7/17/2003,14.1,14.1,13.5,13.65,119780,EQ,,,
7/18/2003,13.55,13.9,13.25,13.85,107796,EQ,,,
7/21/2003,13.9,14,13.65,13.85,124196,EQ,,,
7/22/2003,13.75,14,13.4,13.5,83495,EQ,,,
7/23/2003,13.85,13.85,12.65,12.8,426440,EQ,,,
7/24/2003,12.95,13.05,12.8,12.9,305012,EQ,,,
7/25/2003,13,13.45,12.95,13.25,252472,EQ,,,
7/28/2003,13.5,13.5,13.15,13.3,90865,EQ,,,
7/29/2003,13.4,13.5,13,13.3,111947,EQ,,,
7/30/2003,13.35,13.7,13.3,13.55,178857,EQ,,,
7/31/2003,13.6,13.6,13.15,13.25,227137,EQ,,,
8/1/2003,13.3,13.4,13.15,13.3,51130,EQ,,,
8/4/2003,13.3,13.55,13.3,13.45,100997,EQ,,,
8/5/2003,13.55,14.1,13.4,14,441570,EQ,,,
8/6/2003,14,14,13.6,13.85,157921,EQ,,,
8/7/2003,13.8,13.8,13.55,13.6,73170,EQ,,,
8/8/2003,13.6,14,13.35,13.75,204525,EQ,,,
8/11/2003,13.6,13.85,13.6,13.75,94742,EQ,,,
8/12/2003,13.9,13.9,13.6,13.65,86250,EQ,,,
8/13/2003,13.6,13.75,11.75,13.6,263763,EQ,,,
8/14/2003,13.75,13.8,13.25,13.35,193673,EQ,,,
8/18/2003,13.4,14,13.3,13.9,253052,EQ,,,
8/19/2003,13.95,14.1,13.9,14.05,226708,EQ,,,
8/20/2003,14.1,14.45,14.05,14.25,277947,EQ,,,
8/21/2003,14.2,14.5,14.05,14.4,177914,EQ,,,
8/22/2003,14.3,14.6,14.25,14.45,152501,EQ,,,
8/25/2003,14.45,14.45,13.2,14.05,261905,EQ,,,
8/26/2003,14.15,14.15,13.9,13.95,116402,EQ,,,
8/27/2003,14.15,14.45,14,14.15,235968,EQ,,,
8/28/2003,14.3,14.3,13.9,14.05,379679,EQ,,,
8/29/2003,13.7,14.05,13.6,13.8,371507,EQ,,,
9/1/2003,13.75,14,13.75,13.9,131486,EQ,,,
9/2/2003,13.75,14.45,13.75,14.1,119877,EQ,,,
9/3/2003,14,14.55,14,14,486713,EQ,,,
9/4/2003,14,14.15,13.5,14,367317,EQ,,,
9/5/2003,14,14.2,13.9,14,341929,EQ,,,
9/8/2003,13.8,14.15,13.8,13.9,128305,EQ,,,
9/9/2003,13.85,14.1,13.75,14,204692,EQ,,,
9/10/2003,13.65,14.05,13.65,13.85,188614,EQ,,,
9/11/2003,13.9,14.05,13.85,13.9,179166,EQ,,,
9/12/2003,13.95,14.05,13.8,13.95,239498,EQ,,,
9/15/2003,13.95,14,13.7,13.8,150973,EQ,,,
9/16/2003,13.6,14,13.6,13.85,281607,EQ,,,
9/17/2003,14,14,13.55,13.65,229526,EQ,,,
9/18/2003,13.6,13.6,13.15,13.25,190452,EQ,,,
9/19/2003,13.3,13.6,13.2,13.6,169243,EQ,,,
9/22/2003,13.75,13.75,13.2,13.25,199667,EQ,,,
9/23/2003,13.25,13.5,13.2,13.35,191787,EQ,,,
9/24/2003,13.5,13.8,13.3,13.7,257395,EQ,,,
9/25/2003,13.6,13.75,13.3,13.4,197906,EQ,,,
9/26/2003,13.4,13.6,13.25,13.55,148024,EQ,,,
9/29/2003,13.75,13.9,13.4,13.5,730059,EQ,,,
9/30/2003,13.5,13.85,13.5,13.75,639435,EQ,,,
10/1/2003,13.85,14.3,13.8,14.15,393687,EQ,,,
10/3/2003,14.5,14.8,14.35,14.7,663901,EQ,,,
10/6/2003,14.9,16,14.8,15.7,560291,EQ,,,
10/7/2003,16,16.25,15.35,15.45,1354746,EQ,,,
10/8/2003,15.65,15.75,15.35,15.5,522187,EQ,,,
10/9/2003,15.7,15.8,15.55,15.7,263530,EQ,,,
10/10/2003,16.25,16.25,15.1,15.25,754506,EQ,,,
10/13/2003,15.4,15.7,15.35,15.45,501738,EQ,,,
10/14/2003,16.5,16.5,15.4,15.5,562173,EQ,,,
10/15/2003,15.6,15.65,15.2,15.55,283357,EQ,,,
10/16/2003,15.6,15.75,15.5,15.7,265957,EQ,,,
10/17/2003,15.7,16.25,15.7,15.8,740645,EQ,,,
10/20/2003,15.85,16.1,15.65,15.75,447860,EQ,,,
10/21/2003,15.6,15.8,15.4,15.55,281070,EQ,,,
10/22/2003,15.45,15.65,14.95,15.05,199404,EQ,,,
10/23/2003,15.15,15.2,14.85,15,228604,EQ,,,
10/24/2003,15.05,15.45,14.8,15.4,140043,EQ,,,
10/25/2003,15.5,15.7,15.25,15.3,29214,EQ,,,
10/27/2003,15.3,15.7,15,15.05,266767,EQ,,,
10/28/2003,15.15,15.7,15.05,15.6,434545,EQ,,,
10/29/2003,15.65,15.9,15.65,15.85,372936,EQ,,,
10/30/2003,15.6,16,15.6,15.9,350662,EQ,,,
10/31/2003,16.05,16.05,15.5,15.8,318952,EQ,,,
11/3/2003,16,16.15,15.85,16,349660,EQ,,,
11/4/2003,16.1,16.1,15.35,15.5,320720,EQ,,,
11/5/2003,15.65,15.65,15.4,15.45,180072,EQ,,,
11/6/2003,15.35,15.5,15.15,15.4,262158,EQ,,,
11/7/2003,15.5,15.5,15.1,15.25,452609,EQ,,,
11/10/2003,15.75,15.75,15.2,15.45,142533,EQ,,,
11/11/2003,15.55,15.65,15.25,15.35,213568,EQ,,,
11/12/2003,15.4,15.4,14.9,14.95,354834,EQ,,,
11/13/2003,15.2,15.2,14.9,14.95,131581,EQ,,,
11/14/2003,13.3,15.15,13.3,14.85,136940,EQ,,,
11/15/2003,14.95,15.05,14.85,14.95,63719,EQ,,,
11/17/2003,14.95,15.25,14.9,15.2,132660,EQ,,,
11/18/2003,15.4,15.4,15.05,15.15,289446,EQ,,,
11/19/2003,14.95,15.1,14.7,15,524270,EQ,,,
11/20/2003,14.95,15.1,14.7,14.9,154006,EQ,,,
11/21/2003,14.7,15.25,14.7,15.15,200717,EQ,,,
11/24/2003,15.45,15.45,15.1,15.15,435226,EQ,,,
11/25/2003,15.05,15.3,15.05,15.15,380785,EQ,,,
11/27/2003,15.3,15.5,15,15.1,404952,EQ,,,
11/28/2003,15.2,15.4,15,15.15,480564,EQ,,,
12/1/2003,15.35,15.7,15.2,15.55,1044179,EQ,,,
12/2/2003,15.75,16,15.6,15.9,661712,EQ,,,
12/3/2003,16,16.55,16,16.45,921014,EQ,,,
12/4/2003,16.5,16.8,16.35,16.7,840123,EQ,,,
12/5/2003,16.8,16.8,16.25,16.4,411667,EQ,,,
12/8/2003,16.4,16.65,16.05,16.35,216037,EQ,,,
12/9/2003,16.75,16.85,16.55,16.6,359580,EQ,,,
12/10/2003,16.65,17.2,16.3,17,724407,EQ,,,
12/11/2003,17,17.6,16.9,17.5,709516,EQ,,,
12/12/2003,17.55,18.35,17.3,18.15,797532,EQ,,,
12/15/2003,18.3,18.3,17.55,17.7,145727,EQ,,,
12/16/2003,17.8,18.25,17.75,18,378592,EQ,,,
12/17/2003,17.95,18.05,17.75,17.95,422794,EQ,,,
12/18/2003,18,18.05,17.6,17.75,254468,EQ,,,
12/19/2003,17.65,18,17.65,17.9,279470,EQ,,,
12/22/2003,17.8,18.05,17.8,18,200101,EQ,,,
12/23/2003,17.95,18.25,17.55,17.6,174916,EQ,,,
12/24/2003,17.8,18.05,17.6,18,210119,EQ,,,
12/26/2003,18,18.25,17.75,17.95,138438,EQ,,,
12/29/2003,18.1,19.25,18.1,19,397287,EQ,,,
12/30/2003,19.05,19.2,18.25,18.4,1049503,EQ,,,
12/31/2003,18.5,18.9,18.15,18.25,221920,EQ,,,
1/1/2004,18.15,18.4,18,18.35,188854,EQ,,,
1/2/2004,18.7,18.75,17.9,18.15,460975,EQ,,,
1/5/2004,18.4,18.6,18.1,18.25,293251,EQ,,,
1/6/2004,18,18.6,17.95,18.1,438381,EQ,,,
1/7/2004,18.15,18.5,17.85,18.05,386085,EQ,,,
1/8/2004,18.1,18.2,17.65,18.1,644874,EQ,,,
1/9/2004,18.3,19.3,18.15,18.4,987734,EQ,,,
1/12/2004,18.3,18.45,18.15,18.25,586876,EQ,,,
1/13/2004,18.25,18.35,18.1,18.25,643660,EQ,,,
1/14/2004,18.3,18.45,18.15,18.4,688836,EQ,,,
1/15/2004,18.55,20.15,18.55,19.25,1504691,EQ,,,
1/16/2004,19.35,20,18.6,19.1,887834,EQ,,,
1/19/2004,19.25,19.25,18.4,18.5,620088,EQ,,,
1/20/2004,18.55,19.05,18.4,18.5,709717,EQ,,,
1/21/2004,18.5,18.55,18,18.45,663593,EQ,,,
1/22/2004,18.9,18.9,18.2,18.35,510394,EQ,,,
1/23/2004,17.6,18.65,15.05,18.25,272725,EQ,,,
1/27/2004,18.25,18.6,18,18.3,354858,EQ,,,
1/28/2004,20.35,20.35,17.85,18,337460,EQ,,,
1/29/2004,18,18.75,17.25,17.8,407486,EQ,,,
1/30/2004,17.65,17.65,16.8,17.25,238679,EQ,,,
2/3/2004,17,17.6,16.5,16.85,627827,EQ,,,
2/4/2004,16.6,17.7,16.3,17.5,292302,EQ,,,
2/5/2004,17.4,18,17.25,17.85,296028,EQ,,,
2/6/2004,17.9,18,17.25,17.75,379995,EQ,,,
2/9/2004,18,18.4,17.9,18.2,413923,EQ,,,
2/10/2004,18.4,18.8,18.35,18.65,340528,EQ,,,
2/11/2004,18.8,18.9,18.6,18.75,274915,EQ,,,
2/12/2004,18.9,19.1,18.55,18.75,247048,EQ,,,
2/13/2004,18.7,18.8,18.4,18.75,180176,EQ,,,
2/16/2004,19,19,18.7,18.9,237702,EQ,,,
2/17/2004,18.75,19.15,18.7,19.05,296749,EQ,,,
2/18/2004,18.8,19.15,18.75,18.95,144477,EQ,,,
2/19/2004,19,19,18.65,18.75,166963,EQ,,,
2/20/2004,18.7,18.75,17.8,18.25,482967,EQ,,,
2/23/2004,17.8,18.45,17.7,18.35,136203,EQ,,,
2/24/2004,18.3,18.7,18.1,18.6,249059,EQ,,,
2/25/2004,18.7,18.7,18.05,18.25,162646,EQ,,,
2/26/2004,18.15,18.6,18.15,18.45,404542,EQ,,,
2/27/2004,18.5,18.9,18.2,18.75,295340,EQ,,,
3/1/2004,18.85,19.2,18.6,18.95,223641,EQ,,,
3/3/2004,19,20,18.85,19.6,583356,EQ,,,
3/4/2004,19.6,19.6,18.85,19.15,262076,EQ,,,
3/5/2004,19.25,19.4,19,19.1,214875,EQ,,,
3/8/2004,19.3,19.6,18.9,19,291667,EQ,,,
3/9/2004,19.4,19.4,18.6,18.75,107602,EQ,,,
3/10/2004,18.75,19,18.5,18.9,236552,EQ,,,
3/11/2004,18.9,19,18.6,18.8,219820,EQ,,,
3/12/2004,18.7,18.8,18,18.35,310585,EQ,,,
3/15/2004,18.7,18.7,18,18.1,214875,EQ,,,
3/16/2004,17.7,18.2,17.3,17.95,313984,EQ,,,
3/17/2004,17.9,18.25,17.55,17.95,223159,EQ,,,
3/18/2004,17.95,18.05,17.4,17.75,150868,EQ,,,
3/19/2004,17.55,17.9,17.5,17.7,187337,EQ,,,
3/22/2004,17.9,17.9,16.75,16.95,196848,EQ,,,
3/23/2004,16.95,17.4,16.8,17.25,183344,EQ,,,
3/24/2004,17.5,18.5,17.1,17.9,161380,EQ,,,
3/25/2004,18,18.25,17.9,18.15,235129,EQ,,,
3/26/2004,18.2,18.9,18.1,18.7,211330,EQ,,,
3/29/2004,18.85,19,18.5,18.9,163471,EQ,,,
3/30/2004,18.8,18.85,18.15,18.45,211173,EQ,,,
3/31/2004,18.7,19.1,18.3,18.95,287790,EQ,,,
4/1/2004,19.1,19.3,18.4,19.2,373580,EQ,,,
4/2/2004,19.35,19.6,19.15,19.45,228941,EQ,,,
4/5/2004,19.55,20,19.1,19.35,348500,EQ,,,
4/6/2004,19.6,19.65,19,19.1,156070,EQ,,,
4/7/2004,19.25,19.35,19,19.05,80087,EQ,,,
4/8/2004,18.9,19.55,18.8,19,288827,EQ,,,
4/12/2004,19.2,19.2,18.6,18.75,123806,EQ,,,
4/13/2004,18.85,19.2,18.75,19.15,153948,EQ,,,
4/15/2004,19.25,19.3,18.9,19.05,223224,EQ,,,
4/16/2004,19.2,19.5,18.85,18.9,168564,EQ,,,
4/17/2004,19.1,19.5,18.75,18.85,71999,EQ,,,
4/19/2004,19,19.05,18.7,18.9,261918,EQ,,,
4/20/2004,18.9,19.05,18.7,18.75,185804,EQ,,,
4/21/2004,18.85,18.85,18.55,18.65,441406,EQ,,,
4/22/2004,18.75,18.95,18.5,18.75,339204,EQ,,,
4/23/2004,18.95,19.25,18.7,19,304964,EQ,,,
4/27/2004,18.75,19.25,18.5,19.05,309271,EQ,,,
4/28/2004,19.1,19.25,18.8,19,192559,EQ,,,
4/29/2004,19,19.25,18.55,19.1,206598,EQ,,,
4/30/2004,19.1,19.15,18.8,18.9,117795,EQ,,,
5/3/2004,18.75,18.95,18.65,18.9,96645,EQ,,,
5/4/2004,19,19.25,18.75,18.8,109367,EQ,,,
5/5/2004,18.9,19.75,18.85,19.1,322568,EQ,,,
5/6/2004,19.2,19.65,19.05,19.15,271564,EQ,,,
5/7/2004,19.15,19.25,18.5,18.75,158176,EQ,,,
5/10/2004,18.4,19.4,18.4,19.1,127083,EQ,,,
5/11/2004,18.7,18.8,18.5,18.6,203481,EQ,,,
5/12/2004,18.55,18.75,17.65,18.35,281442,EQ,,,
5/13/2004,18.25,19,17.55,18.45,254628,EQ,,,
5/14/2004,18.2,18.6,16.75,17.65,387223,EQ,,,
5/17/2004,17.5,17.5,12.8,14,261073,EQ,,,
5/18/2004,14,18,13.75,17.6,561324,EQ,,,
5/19/2004,17.75,18.5,17.05,17.65,247602,EQ,,,
5/20/2004,17.75,18,17.25,17.7,228136,EQ,,,
5/21/2004,17.25,18.2,16.95,18.1,173486,EQ,,,
5/24/2004,18.05,18.6,18.05,18.45,119554,EQ,,,
5/25/2004,18.15,18.5,18.1,18.45,155495,EQ,,,
5/26/2004,18.7,19,18.35,18.45,187740,EQ,,,
5/27/2004,18.1,18.95,18.05,18.7,314135,EQ,,,
5/28/2004,18.55,18.9,18.25,18.45,275997,EQ,,,
5/31/2004,18.15,18.3,17.4,17.55,332414,EQ,,,
6/1/2004,17.8,17.95,17.4,17.55,264570,EQ,,,
6/2/2004,17.7,18,17.5,17.85,186101,EQ,,,
6/3/2004,18,18.1,17.45,17.55,190314,EQ,,,
6/4/2004,17.5,17.9,17.3,17.8,135118,EQ,,,
6/7/2004,18,18.45,17.8,17.95,500172,EQ,,,
6/8/2004,18.1,18.4,18,18.2,162061,EQ,,,
6/9/2004,18.2,18.6,18.1,18.5,122134,EQ,,,
6/10/2004,18.5,19.6,18.5,18.95,689945,EQ,,,
6/11/2004,19,19.25,17.85,18,291806,EQ,,,
6/14/2004,18.1,18.35,17.75,18.05,432137,EQ,,,
6/15/2004,18.15,18.4,17.9,18.25,298305,EQ,,,
6/16/2004,18.45,18.55,18.3,18.45,225915,EQ,,,
6/17/2004,18.4,18.8,18.35,18.75,242877,EQ,,,
6/18/2004,18.85,18.9,18.55,18.75,160664,EQ,,,
6/21/2004,18.75,19,18.65,18.9,123832,EQ,,,
6/22/2004,18.75,19,18.6,18.8,206616,EQ,,,
6/23/2004,18.95,19,18.1,18.25,280851,EQ,,,
6/24/2004,18.45,19.55,18,19.05,358100,EQ,,,
6/25/2004,18.75,18.95,17.9,18.35,584669,EQ,,,
6/28/2004,18.35,18.55,18,18.4,282565,EQ,,,
6/29/2004,18.45,18.6,18.3,18.5,220054,EQ,,,
6/30/2004,18.5,18.5,18.25,18.5,147758,EQ,,,
7/1/2004,18.5,18.7,18.35,18.6,161508,EQ,,,
7/2/2004,18.5,18.5,18.1,18.2,207718,EQ,,,
7/5/2004,17.5,18.1,17.05,18.1,553859,EQ,,,
7/6/2004,18,18.4,17.8,18.35,290068,EQ,,,
7/7/2004,18.2,18.6,18.2,18.5,248391,EQ,,,
7/8/2004,18.3,18.7,18,18.2,305673,EQ,,,
7/9/2004,17.95,18.6,17.85,18.45,279259,EQ,,,
7/12/2004,18.5,18.65,18.25,18.4,198444,EQ,,,
7/13/2004,18.5,18.5,18,18.25,142267,EQ,,,
7/14/2004,18.45,18.65,18.15,18.25,257953,EQ,,,
7/15/2004,18.4,18.5,18.2,18.25,116517,EQ,,,
7/16/2004,18.3,18.4,18,18.3,131491,EQ,,,
7/19/2004,18.45,18.5,18.25,18.3,109108,EQ,,,
7/20/2004,18.3,18.55,18.15,18.5,149960,EQ,,,
7/21/2004,18.6,18.75,18.35,18.5,387084,EQ,,,
7/22/2004,18.75,18.75,18.4,18.5,279070,EQ,,,
7/23/2004,18.4,18.55,18.2,18.5,161937,EQ,,,
7/26/2004,18.45,18.8,18.25,18.75,268138,EQ,,,
7/27/2004,18.6,18.8,18.35,18.7,557968,EQ,,,
7/28/2004,18.7,18.7,18.4,18.6,270920,EQ,,,
7/29/2004,18.55,19,18.45,18.8,330085,EQ,,,
7/30/2004,18.8,18.85,18.5,18.75,261144,EQ,,,
8/2/2004,18.75,18.75,18.5,18.6,112299,EQ,,,
8/3/2004,18.6,18.6,18.2,18.25,357937,EQ,,,
8/4/2004,18.25,18.45,18,18.25,122340,EQ,,,
8/5/2004,18.3,18.75,18.25,18.6,131523,EQ,,,
8/6/2004,18.4,18.5,18.05,18.4,133738,EQ,,,
8/9/2004,18.4,18.6,18.25,18.5,89898,EQ,,,
8/10/2004,18.5,18.8,18.5,18.7,194897,EQ,,,
8/11/2004,18.55,18.8,18.4,18.7,225207,EQ,,,
8/12/2004,18.55,18.7,18.4,18.55,84376,EQ,,,
8/13/2004,18.55,18.6,18.15,18.25,73231,EQ,,,
8/16/2004,18.2,18.25,18.05,18.1,85715,EQ,,,
8/17/2004,18.35,18.5,18.05,18.2,731896,EQ,,,
8/18/2004,18.2,18.25,18,18.1,208225,EQ,,,
8/19/2004,18.45,18.45,18,18.05,426217,EQ,,,
8/20/2004,18.05,18.2,17.8,17.85,57909,EQ,,,
8/23/2004,18.05,18.3,17.65,18.2,87380,EQ,,,
8/24/2004,18.25,18.8,18.1,18.75,128460,EQ,,,
8/25/2004,18.75,18.85,18.55,18.75,121203,EQ,,,
8/26/2004,18.75,19.1,18.6,18.95,264992,EQ,,,
8/27/2004,18.95,18.95,18.45,18.5,73503,EQ,,,
8/30/2004,18.5,18.7,18.4,18.55,58261,EQ,,,
8/31/2004,18.4,18.5,18.3,18.4,131559,EQ,,,
9/1/2004,18.4,18.5,18.3,18.45,106183,EQ,,,
9/2/2004,18.35,18.7,18.35,18.55,70570,EQ,,,
9/3/2004,18.6,18.65,18.4,18.5,108694,EQ,,,
9/6/2004,18.55,18.9,18.45,18.85,143894,EQ,,,
9/7/2004,19,19.25,18.8,19.1,350501,EQ,,,
9/8/2004,19.1,20,18.6,19.7,1507364,EQ,,,
9/9/2004,19.95,20.15,18.9,19.1,1642372,EQ,,,
9/10/2004,19.15,19.75,19.1,19.5,813822,EQ,,,
9/13/2004,19.25,19.75,19.2,19.4,398479,EQ,,,
9/14/2004,19.5,19.75,19.25,19.55,333071,EQ,,,
9/15/2004,19.65,20.05,19.6,19.75,791956,EQ,,,
9/16/2004,19.9,20,19.75,19.75,305714,EQ,,,
9/17/2004,19.65,20.35,19.65,20.15,621392,EQ,,,
9/20/2004,20.15,20.5,19.75,20.25,642275,EQ,,,
9/21/2004,20.75,20.75,20.1,20.3,486474,EQ,,,
9/22/2004,20.45,20.7,20.2,20.6,890248,EQ,,,
9/23/2004,20.6,20.85,20.4,20.5,540321,EQ,,,
9/24/2004,20.4,20.6,20.1,20.25,675734,EQ,,,
9/27/2004,20.25,20.3,19.75,19.9,734574,EQ,,,
9/28/2004,20,20.45,20,20.25,724611,EQ,,,
9/29/2004,19.8,20.5,19.8,20.2,475617,EQ,,,
9/30/2004,20.4,20.4,20,20.1,381244,EQ,,,
10/1/2004,20.5,20.7,20.25,20.55,675180,EQ,,,
10/4/2004,20.8,20.95,20.55,20.8,517465,EQ,,,
10/5/2004,20.85,20.95,20.7,20.8,350771,EQ,,,
10/6/2004,20.9,20.9,20.55,20.6,221115,EQ,,,
10/7/2004,20.85,20.85,20.3,20.5,143741,EQ,,,
10/8/2004,20.6,20.6,20.4,20.5,212553,EQ,,,
10/9/2004,20.6,20.6,20.3,20.4,10173,EQ,,,
10/11/2004,20.4,20.6,20.35,20.45,114477,EQ,,,
10/12/2004,20.4,20.45,20.05,20.15,91045,EQ,,,
10/14/2004,20.2,20.25,19.8,20,157384,EQ,,,
10/15/2004,20.35,20.4,20.05,20.3,239912,EQ,,,
10/18/2004,20.5,20.55,20.3,20.45,197057,EQ,,,
10/19/2004,20.45,20.85,20.45,20.75,402236,EQ,,,
10/20/2004,20.75,20.8,20.45,20.55,194931,EQ,,,
10/21/2004,20.6,20.6,20,20.2,282028,EQ,,,
10/25/2004,20.4,20.6,20.25,20.5,323804,EQ,,,
10/26/2004,20.35,20.6,20.2,20.45,145897,EQ,,,
10/27/2004,20.65,21.15,20.5,20.85,414834,EQ,,,
10/28/2004,21.1,21.25,20.7,20.8,438046,EQ,,,
10/29/2004,20.55,20.9,20.55,20.75,252122,EQ,,,
11/1/2004,21.15,21.15,20.8,21.1,551578,EQ,,,
11/2/2004,20.95,21.15,20.8,21.05,275550,EQ,,,
11/3/2004,21.05,21.5,21.05,21.4,418615,EQ,,,
11/4/2004,21.7,21.7,21.2,21.25,183492,EQ,,,
11/5/2004,21.5,21.8,21.35,21.65,247172,EQ,,,
11/8/2004,21.85,22.7,21.7,22.6,667538,EQ,,,
11/9/2004,22.75,23.05,22.4,22.85,382821,EQ,,,
11/10/2004,22.95,23.85,22.95,23.65,579934,EQ,,,
11/11/2004,23.55,23.75,23.25,23.4,254973,EQ,,,
11/12/2004,23.6,23.7,23.3,23.4,33593,EQ,,,
11/16/2004,23.5,24.45,23.4,24.2,548287,EQ,,,
11/17/2004,24.25,24.35,24.05,24.15,445483,EQ,,,
11/18/2004,24.25,24.3,23.7,23.9,506175,EQ,,,
11/19/2004,24.1,24.6,23.95,24.15,583978,EQ,,,
11/22/2004,24.25,24.3,23.5,24.15,522200,EQ,,,
11/23/2004,24.3,24.4,24.05,24.35,180651,EQ,,,
11/24/2004,24.35,24.35,24.05,24.2,183491,EQ,,,
11/25/2004,24.4,25.1,24.2,24.95,431967,EQ,,,
11/29/2004,24.3,25.2,21.45,24.95,269587,EQ,,,
11/30/2004,25.1,25.15,24.75,24.85,307919,EQ,,,
12/1/2004,24.95,25.1,24.1,24.2,467946,EQ,,,
12/2/2004,24.75,24.75,24.25,24.4,564240,EQ,,,
12/3/2004,24.5,24.75,23.85,24.15,583063,EQ,,,
12/6/2004,24.15,24.55,23.75,23.85,579607,EQ,,,
12/7/2004,23.95,24.2,23.95,24.05,527168,EQ,,,
12/8/2004,24.6,24.6,23.45,23.55,201712,EQ,,,
12/9/2004,24,24,23.75,23.85,333104,EQ,,,
12/10/2004,23.75,23.75,23.2,23.35,470292,EQ,,,
12/13/2004,23.5,23.85,23.45,23.65,978039,EQ,,,
12/14/2004,23.8,23.95,23.7,23.75,338782,EQ,,,
12/15/2004,23.8,24,23.6,23.7,344810,EQ,,,
12/16/2004,23.9,24.35,23.9,24.1,437489,EQ,,,
12/17/2004,24.3,24.4,23.8,24.1,282506,EQ,,,
12/20/2004,24.15,24.75,24.15,24.6,381817,EQ,,,
12/21/2004,24.75,24.85,24.55,24.8,479292,EQ,,,
12/22/2004,24.9,26,24.35,24.65,445764,EQ,,,
12/23/2004,25,25,24.4,24.7,282985,EQ,,,
12/24/2004,25,25.25,24.85,25.1,282533,EQ,,,
12/27/2004,25.25,25.35,24.85,25.25,158866,EQ,,,
12/28/2004,25.25,26,25.25,25.95,253389,EQ,,,
12/29/2004,26,26.2,25.5,25.75,152323,EQ,,,
12/30/2004,25.75,26.5,25.55,26.2,199639,EQ,,,
12/31/2004,26.05,26.25,25.85,26,108115,EQ,,,
1/3/2005,25.8,26.4,25.8,26.25,129558,EQ,,,
1/4/2005,26.25,26.55,25.25,25.95,223806,EQ,,,
1/5/2005,26,26,24.35,25,398787,EQ,,,
1/6/2005,25,25.5,23.95,24.25,482951,EQ,,,
1/7/2005,24.4,24.7,24.2,24.5,264900,EQ,,,
1/10/2005,25,25.4,24.25,24.5,661287,EQ,,,
1/11/2005,24.5,24.6,24,24.15,239111,EQ,,,
1/12/2005,24.15,24.35,23.75,24.05,141879,EQ,,,
1/13/2005,24,25.4,24,24.95,539592,EQ,,,
1/14/2005,24.95,26.1,24.6,25.75,795192,EQ,,,
1/17/2005,26,26.45,25.4,26,474179,EQ,,,
1/18/2005,26.4,26.4,25,25.7,500006,EQ,,,
1/19/2005,25.9,26.25,25.5,25.95,451746,EQ,,,
1/20/2005,25.55,26.05,25,25.55,1090807,EQ,,,
1/24/2005,25.7,25.7,24.3,24.55,839776,EQ,,,
1/25/2005,26.25,26.95,24.6,26.05,1006248,EQ,,,
1/27/2005,26.1,27.4,25.9,26.9,1211154,EQ,,,
1/28/2005,26.9,27.45,26.35,27,487588,EQ,,,
1/31/2005,26.8,28.5,26.75,28.25,667854,EQ,,,
2/1/2005,28.3,28.45,27.5,28,386403,EQ,,,
2/2/2005,28.25,28.25,27.65,27.95,230247,EQ,,,
2/3/2005,27.95,28.75,27.85,28.7,404119,EQ,,,
2/4/2005,28.5,28.95,28.15,28.35,178917,EQ,,,
2/7/2005,28.25,28.75,27.6,28.1,120125,EQ,,,
2/8/2005,27.9,28.75,27.85,28.5,175716,EQ,,,
2/9/2005,28.6,29.5,28.5,29.4,301754,EQ,,,
2/10/2005,29.5,29.5,28.75,29,170770,EQ,,,
2/11/2005,29,29,28.4,28.75,243036,EQ,,,
2/14/2005,28.1,28.9,28.1,28.45,312996,EQ,,,
2/15/2005,28.75,28.9,28,28.1,317150,EQ,,,
2/16/2005,28.25,28.65,27.85,28.1,436908,EQ,,,
2/17/2005,28,28.2,27.75,27.9,150740,EQ,,,
2/18/2005,28.1,28.35,28,28.2,161693,EQ,,,
2/21/2005,28.45,28.45,27.7,28,310870,EQ,,,
2/22/2005,27.8,28.25,27.8,28.05,173266,EQ,,,
2/23/2005,28,28.05,27.7,27.9,309906,EQ,,,
2/24/2005,28.2,28.9,27.95,28.8,335642,EQ,,,
2/25/2005,28.8,28.8,28.1,28.5,162048,EQ,,,
2/28/2005,28.85,30,28.55,29.35,744543,EQ,,,
3/1/2005,29.35,29.35,28.65,28.9,423016,EQ,,,
3/2/2005,29.1,29.1,28.5,28.85,196067,EQ,,,
3/3/2005,29,29,28.7,28.8,231185,EQ,,,
3/4/2005,28.95,29.85,28.85,29.3,328107,EQ,,,
3/7/2005,29.6,30.25,29.45,30.05,405290,EQ,,,
3/8/2005,30.15,31.25,30.15,30.7,547898,EQ,,,
3/9/2005,30.95,31.25,30.5,31.2,319268,EQ,,,
3/10/2005,31,31.45,30.6,30.75,228614,EQ,,,
3/11/2005,31,31,30.3,30.5,260980,EQ,,,
3/14/2005,30.5,30.6,30.05,30.15,243916,EQ,,,
3/15/2005,30.15,30.15,29.1,29.7,123703,EQ,,,
3/16/2005,29.75,30.2,29.2,29.7,184475,EQ,,,
3/17/2005,29.65,29.65,28.55,28.6,377073,EQ,,,
3/18/2005,28.6,28.7,28.1,28.3,156819,EQ,,,
3/21/2005,28.5,28.5,27.8,27.95,150385,EQ,,,
3/22/2005,27.5,27.8,27.3,27.6,212297,EQ,,,
3/23/2005,27.5,27.5,26.15,26.6,411913,EQ,,,
3/24/2005,30.2,30.2,25.4,25.95,420557,EQ,,,
3/28/2005,26.45,27,26.3,26.65,104387,EQ,,,
3/29/2005,26.7,27.25,26.25,26.85,163383,EQ,,,
3/30/2005,26.75,26.9,26.3,26.65,428849,EQ,,,
3/31/2005,26.95,27.5,26.75,27.25,222964,EQ,,,
4/1/2005,27.3,27.85,27.05,27.6,167983,EQ,,,
4/4/2005,27.6,27.7,27,27.6,126634,EQ,,,
4/5/2005,27.85,28.1,26.85,27,192027,EQ,,,
4/6/2005,26.8,27.85,26.8,27.65,212686,EQ,,,
4/7/2005,28,28.35,27.9,28.15,254462,EQ,,,
4/8/2005,28.2,28.25,26.9,27.35,242715,EQ,,,
4/11/2005,28.4,28.4,27.25,27.85,208717,EQ,,,
4/12/2005,27.95,28,27.5,27.9,122636,EQ,,,
4/13/2005,28.25,28.7,27.85,28.05,501443,EQ,,,
4/15/2005,28.05,28.1,26.65,26.9,280183,EQ,,,
4/18/2005,26.7,26.7,25.8,26,447662,EQ,,,
4/19/2005,26.5,26.75,26.3,26.55,284556,EQ,,,
4/20/2005,26.1,27.3,26.1,27.05,314391,EQ,,,
4/21/2005,31.6,31.6,26.25,27.3,144256,EQ,,,
4/22/2005,28.15,28.15,26.75,27,143353,EQ,,,
4/25/2005,27.25,27.25,26.75,27,141429,EQ,,,
4/26/2005,27.05,27.2,26.8,26.95,145955,EQ,,,
4/27/2005,26.55,27.05,26.55,26.85,102382,EQ,,,
4/28/2005,26.85,27.2,26.25,27,229509,EQ,,,
4/29/2005,26.8,27,26.15,26.75,203680,EQ,,,
5/2/2005,26.75,27,26.75,27,100303,EQ,,,
5/3/2005,26.95,27.1,26.85,27,220663,EQ,,,
5/4/2005,26.7,27,26.6,26.95,74719,EQ,,,
5/5/2005,27.2,27.75,27.2,27.3,267709,EQ,,,
5/6/2005,27.35,27.35,26.8,27.05,144877,EQ,,,
5/9/2005,22.4,27.75,22.4,27,435177,EQ,,,
5/10/2005,27,27.25,26.75,27.05,221775,EQ,,,
5/11/2005,26.7,26.85,26.4,26.75,301176,EQ,,,
5/12/2005,26.75,27,26.35,26.45,425237,EQ,,,
5/13/2005,26.35,26.8,26.35,26.65,267681,EQ,,,
5/16/2005,26.95,27.1,26.7,27,118771,EQ,,,
5/17/2005,27.75,27.75,26.75,26.85,49424,EQ,,,
5/18/2005,26.85,26.85,26.4,26.75,221725,EQ,,,
5/19/2005,27.25,27.25,26.95,27.15,197914,EQ,,,
5/20/2005,26.8,27.2,26.8,26.9,50456,EQ,,,
5/23/2005,26.9,27.6,26.9,27.5,108786,EQ,,,
5/24/2005,27.5,27.7,26.75,27.3,71111,EQ,,,
5/25/2005,27.35,27.35,26.85,27,142989,EQ,,,
5/26/2005,27.05,27.25,26.5,26.9,465605,EQ,,,
5/27/2005,26.9,27.2,26.8,27.05,203015,EQ,,,
5/30/2005,26.9,27.1,26.65,27,91429,EQ,,,
5/31/2005,27.2,27.2,26.7,27,186077,EQ,,,
6/1/2005,27.1,27.1,26.7,26.8,168181,EQ,,,
6/2/2005,27.1,27.15,26.8,27,149121,EQ,,,
6/3/2005,27,27.35,26.8,27.3,165376,EQ,,,
6/4/2005,27.15,27.3,26.8,26.95,16590,EQ,,,
6/6/2005,27.2,27.85,27.05,27.65,234518,EQ,,,
6/7/2005,27.65,30,27.4,29.4,550172,EQ,,,
6/8/2005,29.6,29.75,29.1,29.3,354522,EQ,,,
6/9/2005,29.4,29.4,28.75,28.95,200068,EQ,,,
6/10/2005,29,29.45,28.5,28.8,330245,EQ,,,
6/13/2005,29.2,29.25,28.4,29.1,160121,EQ,,,
6/14/2005,29.2,29.75,29.1,29.7,242283,EQ,,,
6/15/2005,30.35,30.35,29,29.55,233255,EQ,,,
6/16/2005,29.6,29.95,29.5,29.75,1690214,EQ,,,
6/17/2005,30,30.05,29.4,29.85,196983,EQ,,,
6/20/2005,30,30,29.65,29.95,223962,EQ,,,
6/21/2005,29.8,30.25,29.6,30.15,370495,EQ,,,
6/22/2005,30.2,30.2,29.25,29.5,235419,EQ,,,
6/23/2005,29.9,29.9,28.75,29,248864,EQ,,,
6/24/2005,29.25,29.35,28.65,29.1,170602,EQ,,,
6/27/2005,29,30.15,29,30,321640,EQ,,,
6/28/2005,29.9,29.9,29.1,29.5,177169,EQ,,,
6/29/2005,29.75,30.5,29.5,30.1,649553,EQ,,,
6/30/2005,30.1,32.15,30.1,31.8,1163893,EQ,,,
7/1/2005,30.8,31.25,30.65,30.9,224993,EQ,,,
7/4/2005,31.15,31.75,31,31.6,223861,EQ,,,
7/5/2005,30.6,32,26.9,31.65,147664,EQ,,,
7/6/2005,31.65,32.5,31.35,32.3,233523,EQ,,,
7/7/2005,32.25,33.1,31.7,32,652269,EQ,,,
7/8/2005,32.2,32.7,32.1,32.6,153745,EQ,,,
7/11/2005,32.8,33.45,32.75,33.2,222659,EQ,,,
7/12/2005,33.15,33.5,32.4,32.9,330002,EQ,,,
7/13/2005,32.9,32.9,31.85,32.15,349002,EQ,,,
7/14/2005,32.15,32.75,31.45,32.25,683970,EQ,,,
7/15/2005,32.25,32.25,31.35,31.55,250318,EQ,,,
7/18/2005,31.65,31.9,31.2,31.4,507605,EQ,,,
7/19/2005,31.75,32,31.55,32,245509,EQ,,,
7/20/2005,32.15,33.75,31.8,32.05,277735,EQ,,,
7/21/2005,32.25,32.45,30.6,32.1,80409,EQ,,,
7/22/2005,31.85,32.5,30.65,32.4,606658,EQ,,,
7/25/2005,32.4,34.75,32.4,33.75,1310145,EQ,,,
7/26/2005,33.75,34.4,33.7,33.9,774235,EQ,,,
7/27/2005,34,35.8,33.35,35.25,677477,EQ,,,
7/29/2005,35,36.5,34,34.95,2187718,EQ,,,
8/1/2005,34.5,34.8,33.5,33.8,306188,EQ,,,
8/2/2005,34,34.1,33.3,33.45,331351,EQ,,,
8/3/2005,33.55,34.45,33.5,33.85,564719,EQ,,,
8/4/2005,37,37,33.85,34.2,204005,EQ,,,
8/5/2005,34.35,34.5,33.55,33.7,227482,EQ,,,
8/8/2005,38.25,38.25,32.55,32.9,411630,EQ,,,
8/9/2005,32.25,33.25,32.25,32.7,221201,EQ,,,
8/10/2005,33.75,33.75,32.75,33,321023,EQ,,,
8/11/2005,33.4,33.6,32.75,33.05,654901,EQ,,,
8/12/2005,32.55,33.5,32.55,33,464260,EQ,,,
8/16/2005,33.4,33.4,32.15,32.35,427233,EQ,,,
8/17/2005,32.45,33.4,32.45,32.8,485640,EQ,,,
8/18/2005,33.4,33.4,32.8,33.15,152830,EQ,,,
8/19/2005,32.9,33.2,32.75,32.95,163856,EQ,,,
8/22/2005,33.65,33.65,32.65,32.9,116985,EQ,,,
8/23/2005,32.5,33.2,31.5,32.45,259585,EQ,,,
8/24/2005,32.25,32.9,31.45,32.6,596455,EQ,,,
8/25/2005,32.5,32.6,31.9,32.45,496103,EQ,,,
8/26/2005,32.95,33.2,31.5,31.75,365237,EQ,,,
8/29/2005,32.15,32.35,31.4,31.95,451248,EQ,,,
8/30/2005,31.75,32.5,31.75,32.35,254575,EQ,,,
8/31/2005,32.45,32.5,31.6,32,152868,EQ,,,
9/1/2005,32.5,32.5,31.45,31.6,143074,EQ,,,
9/2/2005,31.55,32,31.55,31.8,416748,EQ,,,
9/5/2005,31.8,32.2,31.8,32,100451,EQ,,,
9/6/2005,32.05,32.2,31.8,32.1,104340,EQ,,,
9/8/2005,32.2,32.85,32,32.8,193661,EQ,,,
9/9/2005,32.85,34,32.6,33.8,417973,EQ,,,
9/12/2005,33.8,34,33.05,33.85,270625,EQ,,,
9/13/2005,33.75,34.5,33.3,34.35,417180,EQ,,,
9/14/2005,34.15,34.6,33.8,34.4,454762,EQ,,,
9/15/2005,34.4,34.65,34.3,34.6,448085,EQ,,,
9/16/2005,34.9,34.9,34.3,34.6,399143,EQ,,,
9/19/2005,34.85,35.75,34.85,35.4,402832,EQ,,,
9/20/2005,35.15,37,35.15,36.6,670042,EQ,,,
9/21/2005,36.5,36.8,35.55,36.25,636149,EQ,,,
9/22/2005,36,36,34.2,34.6,507668,EQ,,,
9/23/2005,34.6,34.6,33.05,33.5,637241,EQ,,,
9/26/2005,33.5,34,33.25,33.95,390284,EQ,,,
9/27/2005,34,34.8,33.75,34.1,425062,EQ,,,
9/28/2005,34.5,35.2,34.15,34.8,778011,EQ,,,
9/29/2005,34.9,35.35,34,34.8,1646959,EQ,,,
9/30/2005,35,35,31.6,34.25,407559,EQ,,,
10/3/2005,34.25,34.75,33.7,33.85,510975,EQ,,,
10/4/2005,34.5,35.75,34.5,35.5,845723,EQ,,,
10/5/2005,35.05,35.7,34.85,35.15,287378,EQ,,,
10/6/2005,34.75,34.75,33.5,34.1,431651,EQ,,,
10/7/2005,33.95,34.15,33.25,33.9,365661,EQ,,,
10/10/2005,34.6,34.6,34,34.4,210483,EQ,,,
10/11/2005,34.9,34.9,33.55,34.5,234701,EQ,,,
10/13/2005,34.1,34.4,33.75,33.9,300071,EQ,,,
10/14/2005,33.6,33.6,32.75,32.95,395009,EQ,,,
10/17/2005,33.25,33.25,32.05,32.7,465241,EQ,,,
10/18/2005,32.95,33.5,32.75,32.9,459665,EQ,,,
10/19/2005,32.2,33,31.6,32.4,290631,EQ,,,
10/20/2005,32.55,32.65,32,32.2,359116,EQ,,,
10/21/2005,33,33,32.1,32.4,356760,EQ,,,
10/24/2005,32.65,32.65,31.4,31.8,269989,EQ,,,
10/25/2005,32.2,32.2,31.1,31.55,531576,EQ,,,
10/26/2005,32,32,31.35,31.5,382281,EQ,,,
10/27/2005,31.55,31.65,31,31.25,734225,EQ,,,
10/28/2005,31.1,31.1,30.15,30.55,398580,EQ,,,
10/31/2005,30.6,31.3,30.2,30.35,437405,EQ,,,
11/1/2005,31.2,31.75,31,31.45,51973,EQ,,,
11/2/2005,30.8,32.5,30.8,31.05,571075,EQ,,,
11/7/2005,31.25,31.75,30.8,31.25,4984646,EQ,,,
11/8/2005,31.75,32.05,31.4,31.9,659793,EQ,,,
11/9/2005,32.15,32.4,31.2,31.6,831328,EQ,,,
11/10/2005,31.55,31.75,31.2,31.55,670294,EQ,,,
11/11/2005,31.55,32,31.35,31.75,781262,EQ,,,
11/14/2005,32.35,34.1,32.1,33.8,919579,EQ,,,
11/16/2005,33.75,35,33.6,34.5,578880,EQ,,,
11/17/2005,34.75,35,34.5,34.95,408481,EQ,,,
11/18/2005,35,35.35,34.8,34.95,177636,EQ,,,
11/21/2005,34.95,34.95,33.8,34,392630,EQ,,,
11/22/2005,34.15,34.6,33.7,33.9,420691,EQ,,,
11/23/2005,33.95,34.75,33.8,34.5,237735,EQ,,,
11/24/2005,35.2,35.2,34.3,34.55,398574,EQ,,,
11/25/2005,34.65,34.95,34.55,34.9,279498,EQ,,,
11/26/2005,35,35.2,34.5,34.6,90034,EQ,,,
11/28/2005,34.95,35.2,34.6,34.8,238612,EQ,,,
11/29/2005,34.85,34.85,34,34.25,214953,EQ,,,
11/30/2005,34.3,35.1,34.05,34.35,385314,EQ,,,
12/1/2005,34.35,35,33.8,34.85,236651,EQ,,,
12/2/2005,35,35.7,34.75,34.95,336589,EQ,,,
12/5/2005,35,35.05,34.25,34.35,152248,EQ,,,
12/6/2005,34.1,34.7,33.85,34.05,150058,EQ,,,
12/7/2005,34.05,34.9,34.05,34.7,194073,EQ,,,
12/8/2005,34.7,34.8,34.35,34.4,353692,EQ,,,
12/9/2005,34.5,34.75,34,34.4,177900,EQ,,,
12/12/2005,34.65,35.05,34.2,34.4,330029,EQ,,,
12/13/2005,34.7,35.2,34.25,34.75,572098,EQ,,,
12/14/2005,34.85,36.15,34.8,35.95,829679,EQ,,,
12/15/2005,36.2,36.7,35.05,35.2,299536,EQ,,,
12/16/2005,35.1,35.5,34.4,35.05,508638,EQ,,,
12/19/2005,35.35,35.75,34.85,35.6,316233,EQ,,,
12/20/2005,35.6,37.05,35.55,36.75,645905,EQ,,,
12/21/2005,37.2,37.4,36.05,36.35,426286,EQ,,,
12/22/2005,36.5,37.35,36.25,37.1,290066,EQ,,,
12/23/2005,37.05,37.4,35.75,36,234431,EQ,,,
12/26/2005,35.9,36.25,35,35.4,239735,EQ,,,
12/27/2005,35.1,35.75,35,35.4,235553,EQ,,,
12/28/2005,35.9,36.35,35,35.15,325585,EQ,,,
12/29/2005,35.5,35.6,35.2,35.3,237254,EQ,,,
12/30/2005,35.65,35.65,35.15,35.45,212710,EQ,,,
1/2/2006,35.45,36,35.35,35.65,268552,EQ,,,
1/3/2006,34,35.9,34,35.65,128279,EQ,,,
1/4/2006,36,36.75,35.7,36.6,536992,EQ,,,
1/5/2006,36.6,37.15,36.25,37,385350,EQ,,,
1/6/2006,37,38.75,36.5,38.45,861686,EQ,,,
1/9/2006,37.9,38.65,37,38.25,551770,EQ,,,
1/10/2006,38.25,38.5,37.25,37.4,679980,EQ,,,
1/12/2006,37.4,37.95,37,37.35,394951,EQ,,,
1/13/2006,37.65,37.65,36.3,36.5,338288,EQ,,,
1/16/2006,36.95,37.35,36.35,37.05,342812,EQ,,,
1/17/2006,37.05,37.65,37.05,37.45,261012,EQ,,,
1/18/2006,37.2,37.6,36,37.25,624486,EQ,,,
1/19/2006,37.25,37.25,36,36.4,643350,EQ,,,
1/20/2006,36.5,37.2,36.1,36.25,485215,EQ,,,
1/23/2006,36.3,36.5,35.05,36,417751,EQ,,,
1/24/2006,36.1,36.45,35.7,35.8,634509,EQ,,,
1/25/2006,35.8,36.45,35.65,35.95,877702,EQ,,,
1/27/2006,37.25,37.5,36.55,36.85,665114,EQ,,,
1/30/2006,36.85,37.45,36.7,37.2,331146,EQ,,,
1/31/2006,36.8,38.3,36.5,38.1,615004,EQ,,,
2/1/2006,38.25,38.7,36.75,36.95,637204,EQ,,,
2/2/2006,36.95,37.6,36.8,37,477656,EQ,,,
2/3/2006,36.7,37,36.2,36.6,276902,EQ,,,
2/6/2006,36.6,37.5,36.3,37.25,574649,EQ,,,
2/7/2006,36.8,38.75,36.75,38.55,874349,EQ,,,
2/8/2006,38.6,38.6,37.5,38.1,335222,EQ,,,
2/10/2006,38.45,38.6,37.6,38.1,606121,EQ,,,
2/13/2006,37.55,38.1,37.15,37.3,290988,EQ,,,
2/14/2006,37.55,38,36.95,37.4,598994,EQ,,,
2/15/2006,37.45,37.75,36.85,37.2,406091,EQ,,,
2/16/2006,37.2,38.45,36.8,38,474465,EQ,,,
2/17/2006,38.4,38.4,36.8,37.1,479132,EQ,,,
2/20/2006,37,37.25,36,36.1,509248,EQ,,,
2/21/2006,36.5,36.5,36.1,36.25,375557,EQ,,,
2/22/2006,36.25,36.5,36.1,36.35,319447,EQ,,,
2/23/2006,36.1,36.45,35.6,36.1,1105457,EQ,,,
2/24/2006,36.1,36.1,35.3,35.55,963765,EQ,,,
2/27/2006,36,36.6,35.8,36.4,314785,EQ,,,
2/28/2006,36.7,37.2,36.2,36.85,492707,EQ,,,
3/1/2006,36.75,37.5,36.25,37.35,484399,EQ,,,
3/2/2006,37.5,38,36.75,37.9,504291,EQ,,,
3/3/2006,38,38.1,37.35,38,490972,EQ,,,
3/6/2006,38,38.2,37.8,38,316876,EQ,,,
3/7/2006,37.45,38.2,37.45,37.9,551268,EQ,,,
3/8/2006,37.75,38.5,37,38,810113,EQ,,,
3/9/2006,37.25,38,36.95,37.5,726598,EQ,,,
3/10/2006,37.6,38.2,37.25,37.45,792811,EQ,,,
3/13/2006,37.75,38.75,36.55,38.45,549483,EQ,,,
3/14/2006,38.8,38.8,37.5,38.1,366599,EQ,,,
3/16/2006,37.75,38.6,37.75,38.4,605925,EQ,,,
3/17/2006,38.6,38.6,37.65,38.2,240351,EQ,,,
3/20/2006,38.25,38.75,37.95,38.3,527988,EQ,,,
3/21/2006,38.65,38.65,37.55,37.75,332576,EQ,,,
3/22/2006,37.6,38.25,37.5,37.85,430518,EQ,,,
3/23/2006,37.45,37.95,36.9,37.1,284251,EQ,,,
3/24/2006,37.5,37.5,36.5,36.75,338369,EQ,,,
3/27/2006,38.45,38.45,36.75,36.9,1829716,EQ,,,
3/28/2006,36.55,37.35,36.05,37.15,309348,EQ,,,
3/29/2006,37.1,37.5,36.8,37.3,330433,EQ,,,
3/30/2006,37.1,40.6,37.1,39,626978,EQ,,,
3/31/2006,38.75,39.25,38,38.7,494340,EQ,,,
4/3/2006,38.7,39.05,38.1,38.7,318287,EQ,,,
4/4/2006,38.9,41.95,38.9,41.65,694152,EQ,,,
4/5/2006,41.95,42.3,41.6,42.05,388582,EQ,,,
4/7/2006,41.85,42.7,40.05,40.9,366237,EQ,,,
4/10/2006,40.95,42,40.5,41.25,211932,EQ,,,
4/12/2006,41.2,41.25,40.1,40.45,289575,EQ,,,
4/13/2006,40.45,40.85,39.5,40.2,394680,EQ,,,
4/17/2006,40.25,41.1,39.75,40.75,386840,EQ,,,
4/18/2006,41.2,42.1,41.2,41.7,305143,EQ,,,
4/19/2006,42,42.9,42,42.4,491128,EQ,,,
4/20/2006,42.5,42.75,41.5,42.5,381005,EQ,,,
4/21/2006,41.9,43.25,41.9,42.45,1400446,EQ,,,
4/24/2006,42.1,42.4,40.45,41.1,593436,EQ,,,
4/25/2006,41.15,41.75,41,41.25,889338,EQ,,,
4/26/2006,41.25,42.6,41.05,41.85,914988,EQ,,,
4/27/2006,41.85,42.7,40.3,41.2,942507,EQ,,,
4/28/2006,39.95,41.05,37.05,40.85,964505,EQ,,,
4/29/2006,42.15,42.15,40.75,41.3,66304,EQ,,,
5/2/2006,41.95,43.55,41.55,42.55,852249,EQ,,,
5/3/2006,42.65,43.7,42.5,43.15,400833,EQ,,,
5/4/2006,42.5,44.75,42.3,44.2,476374,EQ,,,
5/5/2006,44,44.55,43.05,43.95,467602,EQ,,,
5/8/2006,44.4,44.75,43.25,43.8,1608836,EQ,,,
5/9/2006,44.05,44.7,42.4,42.65,734742,EQ,,,
5/10/2006,42.75,44,42.65,43.55,930034,EQ,,,
5/11/2006,43.45,43.95,41.75,43.5,336036,EQ,,,
5/12/2006,43,43.95,42.55,43.75,217146,EQ,,,
5/15/2006,43.35,43.75,41.55,42.2,381716,EQ,,,
5/16/2006,42,42.5,41.05,42.4,381010,EQ,,,
5/17/2006,43.25,43.25,41.35,42.2,348761,EQ,,,
5/18/2006,41.85,42.2,40.2,41,534499,EQ,,,
5/19/2006,41.7,41.75,38.25,40.5,459709,EQ,,,
5/22/2006,40.5,41.7,35.5,39.35,382825,EQ,,,
5/23/2006,39.75,40,37.15,39.05,532684,EQ,,,
5/24/2006,39.55,39.95,37.35,38.45,1213298,EQ,,,
5/25/2006,37.55,39.5,36.4,37.9,872796,EQ,,,
5/26/2006,38,39.45,37.5,38.7,301993,EQ,,,
5/29/2006,39,39.4,37.9,38.2,241634,EQ,,,
5/30/2006,38.4,38.4,36.3,37.5,278936,EQ,,,
5/31/2006,36.6,38.75,35.75,37.25,622865,EQ,,,
6/1/2006,38,38.6,36.65,36.95,529496,EQ,,,
6/2/2006,37,38.75,36.7,38.25,440687,EQ,,,
6/5/2006,38.15,38.7,36.5,36.95,336165,EQ,,,
6/6/2006,36.75,36.75,35.75,36.15,188536,EQ,,,
6/7/2006,36.1,36.5,35.5,36.05,231780,EQ,,,
6/8/2006,35.55,36.25,32,34.65,725318,EQ,,,
6/9/2006,34.35,36,33.05,35.65,372056,EQ,,,
6/12/2006,35.9,36.4,33.25,34.6,357490,EQ,,,
6/13/2006,33.55,33.9,32,32.6,389665,EQ,,,
6/14/2006,32.4,33.65,30.75,31.95,977627,EQ,,,
6/15/2006,32.2,36.25,32.2,34.9,777248,EQ,,,
6/16/2006,35.5,38.3,35.5,36.7,1229253,EQ,,,
6/19/2006,35.2,37,35.2,36.8,188481,EQ,,,
6/20/2006,36,36.35,35,35.45,268131,EQ,,,
6/21/2006,35.75,35.85,35.1,35.45,222526,EQ,,,
6/22/2006,37.25,38,36.25,36.55,194327,EQ,,,
6/23/2006,35.25,37.5,35.15,37.45,275736,EQ,,,
6/25/2006,38.1,38.1,36.7,37.05,9325,EQ,,,
6/26/2006,36.25,38.6,36.25,38.1,767056,EQ,,,
6/27/2006,37.5,38,36.55,37.05,376170,EQ,,,
6/28/2006,38.75,38.75,36.1,36.35,527592,EQ,,,
6/29/2006,37,38.05,36.55,37.45,1077001,EQ,,,
6/30/2006,37.75,40.75,37.75,39.8,601990,EQ,,,
7/3/2006,40,40,38.55,38.9,502022,EQ,,,
7/4/2006,39,39.5,39,39.35,208645,EQ,,,
7/5/2006,39,40.8,38.9,40.35,641005,EQ,,,
7/6/2006,40,40.25,39.35,40,385242,EQ,,,
7/7/2006,40.1,40.5,37.55,38.95,189555,EQ,,,
7/10/2006,38.55,39,38.15,38.95,139779,EQ,,,
7/11/2006,38.75,38.75,37.75,38.1,113684,EQ,,,
7/12/2006,34,38.6,34,38.05,308310,EQ,,,
7/13/2006,37.8,38.25,37.15,37.3,209205,EQ,,,
7/14/2006,37.3,37.3,35.8,36.45,472450,EQ,,,
7/17/2006,36.5,36.5,35.1,35.35,539177,EQ,,,
7/18/2006,35.25,35.7,35.05,35.5,407670,EQ,,,
7/19/2006,35.6,35.95,34.6,34.85,260238,EQ,,,
7/20/2006,35.55,37,35.55,36.3,445858,EQ,,,
7/21/2006,35.75,36.35,35.25,35.5,303771,EQ,,,
7/24/2006,35.25,36.85,34.6,36.5,283230,EQ,,,
7/25/2006,37,38.5,37,38.3,482862,EQ,,,
7/26/2006,37.75,39.2,37.55,39.05,354458,EQ,,,
7/27/2006,39.25,39.75,38.5,39.4,897812,EQ,,,
7/28/2006,38.95,40.05,38.75,39.8,649851,EQ,,,
7/31/2006,39.75,40.25,39.55,39.75,357476,EQ,,,
8/1/2006,39.8,39.8,38.75,39.05,236354,EQ,,,
8/2/2006,38.85,39.35,38.2,39,634789,EQ,,,
8/3/2006,39,40.25,39,39.9,366237,EQ,,,
8/4/2006,39.9,40.15,39.35,40,235243,EQ,,,
8/7/2006,39.55,40.25,39.55,40.2,722255,EQ,,,
8/8/2006,40.45,40.8,40.2,40.7,171927,EQ,,,
8/9/2006,40.95,40.95,40.15,40.45,326092,EQ,,,
8/10/2006,40.9,40.9,39.9,40.25,205098,EQ,,,
8/11/2006,40.5,40.8,40.15,40.55,134970,EQ,,,
8/14/2006,40.4,40.7,40.05,40.35,87753,EQ,,,
8/16/2006,41.4,43.45,40.9,42.3,653555,EQ,,,
8/17/2006,42.5,42.75,41.75,42.45,493343,EQ,,,
8/18/2006,42.1,42.45,41.55,42.05,204528,EQ,,,
8/21/2006,40.95,42.05,40.95,41.9,183563,EQ,,,
8/22/2006,42.15,43.5,41.5,42.95,401960,EQ,,,
8/23/2006,43,43.5,42.2,42.65,189598,EQ,,,
8/24/2006,42.25,42.9,41.75,42.65,222640,EQ,,,
8/25/2006,42.8,42.8,42.1,42.5,269866,EQ,,,
8/28/2006,42.5,42.5,42,42.25,169031,EQ,,,
8/29/2006,42.4,43,42.05,42.25,219077,EQ,,,
8/30/2006,42,42.8,41.8,42,198117,EQ,,,
8/31/2006,42.1,42.95,41.9,42.6,518637,EQ,,,
9/1/2006,42.6,44,42.6,43.8,373256,EQ,,,
9/4/2006,43.9,44.35,43.8,44,134639,EQ,,,
9/5/2006,43.5,44.05,43.5,43.75,116381,EQ,,,
9/6/2006,44,44.2,43,43.2,291632,EQ,,,
9/7/2006,42.85,42.9,42.1,42.45,576691,EQ,,,
9/8/2006,42.6,42.6,42.1,42.45,354701,EQ,,,
9/11/2006,42.7,42.75,40.8,41.15,806202,EQ,,,
9/12/2006,41.75,42.5,40.75,42,653147,EQ,,,
9/13/2006,42.55,44.45,42.35,43.7,520825,EQ,,,
9/14/2006,43.75,43.9,43.05,43.3,207656,EQ,,,
9/15/2006,43.65,44.35,43.4,43.9,322603,EQ,,,
9/18/2006,43.55,44.35,43.55,44.15,154441,EQ,,,
9/19/2006,44,44.35,43.75,44.05,282832,EQ,,,
9/20/2006,43.75,44.05,42.65,43.8,244605,EQ,,,
9/21/2006,44.2,44.25,43.65,44.15,228399,EQ,,,
9/22/2006,44,44.7,43.15,43.8,250053,EQ,,,
9/25/2006,43,44.3,42.8,43.9,268824,EQ,,,
9/26/2006,44,44.65,43.55,44.45,354983,EQ,,,
9/27/2006,44.75,45.25,44.6,44.95,440267,EQ,,,
9/28/2006,45.2,47.75,45.05,46.45,869511,EQ,,,
9/29/2006,46.75,47.05,45.75,46.25,264527,EQ,,,
10/3/2006,46.5,46.5,45.8,46,222408,EQ,,,
10/4/2006,45.85,46,44.3,44.5,429062,EQ,,,
10/5/2006,45,46.8,44.9,46.55,428296,EQ,,,
10/6/2006,46.95,47.25,46.55,46.7,219746,EQ,,,
10/9/2006,46.25,46.75,46.25,46.5,153598,EQ,,,
10/10/2006,46.5,47.25,46.5,46.9,144851,EQ,,,
10/11/2006,47.25,48.6,47.1,48.3,342744,EQ,,,
10/12/2006,48.35,48.35,47.4,47.95,475613,EQ,,,
10/13/2006,48.9,50,48.85,49.4,345017,EQ,,,
10/16/2006,49.95,53.25,49.6,52.45,985505,EQ,,,
10/17/2006,52.45,53.1,49.8,50.4,1530097,EQ,,,
10/18/2006,51.45,51.45,48.8,49,1380575,EQ,,,
10/19/2006,49.2,49.9,47.75,48.2,574036,EQ,,,
10/20/2006,48.8,48.95,47.65,48,497730,EQ,,,
10/21/2006,48.75,48.75,47.8,48.05,31295,EQ,,,
10/23/2006,48,48.65,47.75,48.5,174371,EQ,,,
10/26/2006,48.25,50.25,48.25,50,1105749,EQ,,,
10/27/2006,50.25,50.65,49.6,49.95,453083,EQ,,,
10/30/2006,49.5,51.85,48.95,51.45,494409,EQ,,,
10/31/2006,51.9,51.9,50.05,50.25,433773,EQ,,,
11/1/2006,50.7,50.9,49.7,49.95,204763,EQ,,,
11/2/2006,49.8,50.9,49.3,50.5,282094,EQ,,,
11/3/2006,50.35,50.6,49.8,50.1,216088,EQ,,,
11/6/2006,50.5,50.55,49.75,49.95,111156,EQ,,,
11/7/2006,50.25,51,49.6,49.75,276727,EQ,,,
11/8/2006,49.95,50.6,49.25,50.15,472178,EQ,,,
11/9/2006,50.3,51.15,50.25,50.9,334922,EQ,,,
11/10/2006,51.35,52.5,51,52.2,630788,EQ,,,
11/13/2006,52.5,53.25,52.3,52.8,402913,EQ,,,
11/14/2006,53,53.75,52,53.3,567768,EQ,,,
11/15/2006,53.5,54,53.3,53.8,836654,EQ,,,
11/16/2006,54.45,57.5,54,57.2,1789927,EQ,,,
11/17/2006,57.35,57.45,55.9,56.3,867712,EQ,,,
11/20/2006,55.8,56,53.4,54.3,737328,EQ,,,
11/21/2006,54.45,55.65,53.5,54.6,623072,EQ,,,
11/22/2006,55.2,55.2,53.25,53.9,877330,EQ,,,
11/23/2006,54.9,56.15,54,55.65,350569,EQ,,,
11/24/2006,55.75,56.35,54.9,55.3,444752,EQ,,,
11/27/2006,54.3,55.95,53,55.55,115843,EQ,,,
11/28/2006,55.25,55.45,54.1,54.35,232284,EQ,,,
11/29/2006,54.05,55.25,54,54.35,387289,EQ,,,
11/30/2006,54.7,56.3,54.7,56.1,917802,EQ,,,
12/1/2006,56.25,56.75,55.75,56.2,457185,EQ,,,
12/4/2006,56.15,56.7,54.9,55,319799,EQ,,,
12/5/2006,55.3,56,54,54.3,273465,EQ,,,
12/6/2006,55.25,55.4,54.1,54.35,252556,EQ,,,
12/7/2006,54.9,55.75,54.4,55.3,306318,EQ,,,
12/8/2006,55.2,55.3,54.2,54.3,185050,EQ,,,
12/11/2006,54.5,54.5,49.55,51.65,666767,EQ,,,
12/12/2006,51.25,53.35,50.05,51.4,632358,EQ,,,
12/13/2006,51.75,53.5,50.5,51.95,435430,EQ,,,
12/14/2006,52.5,52.9,51.5,52.3,459879,EQ,,,
12/15/2006,53.05,53.75,52.5,52.8,307780,EQ,,,
12/18/2006,53,53.8,51.6,53.35,328311,EQ,,,
12/19/2006,53.65,53.65,51.35,51.95,518497,EQ,,,
12/20/2006,52,52.4,50.25,51.05,699132,EQ,,,
12/21/2006,51,51.45,50,50.45,421768,EQ,,,
12/22/2006,50.95,50.95,50.05,50.3,368641,EQ,,,
12/26/2006,50.75,51.75,50.2,51.55,189878,EQ,,,
12/27/2006,51.75,53.15,51.75,53,226047,EQ,,,
12/28/2006,53.25,54.4,52.85,54,452115,EQ,,,
12/29/2006,54.3,54.95,53.15,53.4,310989,EQ,,,
1/2/2007,54,54,53.25,53.5,201677,EQ,,,
1/3/2007,53.4,53.5,52.65,53.25,151605,EQ,,,
1/4/2007,52.8,53.25,51.75,52.5,343342,EQ,,,
1/5/2007,52.75,53.7,51.7,52.85,595467,EQ,,,
1/8/2007,52.7,52.7,50.8,51.25,310703,EQ,,,
1/9/2007,51.6,51.75,50.2,50.7,523160,EQ,,,
1/10/2007,50.9,50.9,49.75,49.95,356775,EQ,,,
1/11/2007,50.4,50.9,49.05,49.8,1005767,EQ,,,
1/12/2007,50.9,53.5,50.8,53.1,683257,EQ,,,
1/15/2007,54,55.15,53.75,54.7,485295,EQ,,,
1/16/2007,55.2,55.25,54,54.8,642347,EQ,,,
1/17/2007,54.95,55,52.45,53.05,869315,EQ,,,
1/18/2007,53.25,53.7,52.55,53.05,659633,EQ,,,
1/19/2007,52.6,53.9,52.6,53.4,450050,EQ,,,
1/22/2007,53.5,53.65,52.3,52.8,344302,EQ,,,
1/23/2007,52.75,52.75,51.4,51.65,534122,EQ,,,
1/24/2007,52,53.25,52,52.9,316194,EQ,,,
1/25/2007,53.05,53.75,52.65,53.3,509282,EQ,,,
1/29/2007,53.5,58,52.5,53.1,524438,EQ,,,
1/31/2007,53.3,54.3,52.3,53.95,824413,EQ,,,
2/1/2007,54,55.55,53.3,55.2,432566,EQ,,,
2/2/2007,55.5,56.25,54.8,55.3,904689,EQ,,,
2/5/2007,54.3,55.7,54.25,55.15,218421,EQ,,,
2/6/2007,55.55,55.55,54.05,54.45,317722,EQ,,,
2/7/2007,54.25,55.75,53.9,55.1,544548,EQ,,,
2/8/2007,55.5,56,54.7,55.5,333564,EQ,,,
2/9/2007,54.4,56,54.4,55.7,450855,EQ,,,
2/12/2007,54.8,56,54.25,54.8,446089,EQ,,,
2/13/2007,54.5,54.5,52.55,53.45,1134788,EQ,,,
2/14/2007,52.4,52.4,50.25,50.85,1336040,EQ,,,
2/15/2007,51.25,53.25,51,52.1,780150,EQ,,,
2/19/2007,52.45,52.6,51.3,51.65,591117,EQ,,,
2/20/2007,51.95,52,51.3,51.6,232269,EQ,,,
2/21/2007,51.5,51.6,50.5,50.8,1126947,EQ,,,
2/22/2007,50.9,51.2,48.9,49.35,1073998,EQ,,,
2/23/2007,49,49.95,46.25,47.9,508629,EQ,,,
2/26/2007,48.9,49.35,47,47.6,375471,EQ,,,
2/27/2007,47.75,49.05,46,48.8,635689,EQ,,,
2/28/2007,45.3,47.4,45,46.75,917052,EQ,,,
3/1/2007,48,49.45,47.05,49,605834,EQ,,,
3/2/2007,49,49,46.2,46.9,651321,EQ,,,
3/5/2007,46.1,46.95,44.2,46.4,471677,EQ,,,
3/6/2007,46.45,47.15,45.5,46.4,672478,EQ,,,
3/7/2007,47.8,48,45.3,45.8,491264,EQ,,,
3/8/2007,45.95,49.5,45.8,48.7,512766,EQ,,,
3/9/2007,49.15,49.45,47.8,48.85,440403,EQ,,,
3/12/2007,48.85,49.2,47.25,47.5,482345,EQ,,,
3/13/2007,48,48.5,47,48,344574,EQ,,,
3/14/2007,46.3,46.95,45.75,46.65,518723,EQ,,,
3/15/2007,48.25,49,45.75,45.9,504577,EQ,,,
3/16/2007,46.75,46.75,44.3,45.2,479865,EQ,,,
3/19/2007,45.5,46.65,45.25,46.25,264983,EQ,,,
3/20/2007,46.75,47.95,46.7,47.75,907110,EQ,,,
3/21/2007,47.9,48.5,47.5,48.3,344457,EQ,,,
3/22/2007,49.45,51.6,48.8,51.3,480426,EQ,,,
3/23/2007,51.5,51.5,49.8,50.55,577582,EQ,,,
3/26/2007,50.9,50.9,48.35,48.65,753260,EQ,,,
3/28/2007,48.65,48.65,47.6,47.9,430816,EQ,,,
3/29/2007,47.6,47.75,46.4,46.7,2563015,EQ,,,
3/30/2007,47.3,48.5,46.9,47.7,1080888,EQ,,,
4/2/2007,45.5,46.1,44.75,45.05,662078,EQ,,,
4/3/2007,45.05,46.2,45.05,45.7,650792,EQ,,,
4/4/2007,46.25,46.85,46,46.25,375139,EQ,,,
4/5/2007,46.25,47.4,45.9,47.15,288620,EQ,,,
4/9/2007,47.5,48.75,47.15,48.55,213569,EQ,,,
4/10/2007,48.75,49.75,47.7,49.6,373437,EQ,,,
4/11/2007,49.5,49.85,48.75,48.95,442687,EQ,,,
4/12/2007,48.5,48.5,47.6,47.9,356667,EQ,,,
4/13/2007,48,49.35,47.6,49.05,420099,EQ,,,
4/16/2007,49.5,49.95,48.3,48.75,311684,EQ,,,
4/17/2007,49.05,49.7,48.6,48.9,740019,EQ,,,
4/18/2007,49.25,49.6,48.7,49,318907,EQ,,,
4/19/2007,48.3,49.6,48,49.1,323518,EQ,,,
4/20/2007,49.3,50.45,48.5,49.75,357502,EQ,,,
4/23/2007,49.95,50.4,49.2,49.35,339648,EQ,,,
4/24/2007,49.35,51.25,48.8,50.7,1718757,EQ,,,
4/25/2007,50.75,52,50.75,51.55,1620419,EQ,,,
4/26/2007,51.95,52.25,50.3,51.7,1263510,EQ,,,
4/27/2007,49.25,52,49.25,50.75,355937,EQ,,,
4/30/2007,50.3,51.5,48.5,51.2,510885,EQ,,,
5/3/2007,51.25,52,50,50.25,1027884,EQ,,,
5/4/2007,50.25,51,50.05,50.4,418707,EQ,,,
5/7/2007,50.55,51,49.9,50,415394,EQ,,,
5/8/2007,50,50,49.35,49.55,476996,EQ,,,
5/9/2007,49.5,49.9,49,49.75,209286,EQ,,,
5/10/2007,50,51.25,50,50.6,647258,EQ,,,
5/11/2007,49.35,50.5,47.9,49.65,714615,EQ,,,
5/14/2007,50.25,51,49.55,49.8,787806,EQ,,,
5/15/2007,49.9,50.75,49.75,50.55,549345,EQ,,,
5/16/2007,51,52.25,50.35,51.75,2384383,EQ,,,
5/17/2007,52.2,53,51.6,52.1,1152117,EQ,,,
5/18/2007,52,54.6,51.65,53.5,2058337,EQ,,,
5/21/2007,54,56.1,53.75,55.35,1120880,EQ,,,
5/22/2007,56.15,56.65,55.3,55.75,755317,EQ,,,
5/23/2007,53.8,56.25,53.8,55.75,541146,EQ,,,
5/24/2007,55.3,56.05,54,54.55,350563,EQ,,,
5/25/2007,53.1,54.25,53.05,53.45,669981,EQ,,,
5/28/2007,54.95,56.75,54.95,56.35,718206,EQ,,,
5/29/2007,56.35,57.55,56.05,57.2,436572,EQ,,,
5/30/2007,57.25,57.25,54.8,55.2,655334,EQ,,,
5/31/2007,55.55,58,55.55,57.4,919550,EQ,,,
6/1/2007,57.35,58.25,57.05,57.65,743373,EQ,,,
6/4/2007,58.3,59.2,57.4,58.4,486938,EQ,,,
6/5/2007,58,58.25,57.5,58,311746,EQ,,,
6/6/2007,58,58.1,55.9,56.35,453831,EQ,,,
6/7/2007,55.95,56.5,55.05,55.3,312215,EQ,,,
6/8/2007,54.5,55,53.8,54.55,491154,EQ,,,
6/11/2007,55.3,56.4,54.5,54.85,458896,EQ,,,
6/12/2007,55.35,55.7,53.55,54.4,199342,EQ,,,
6/13/2007,54.4,54.5,53.75,54.15,364696,EQ,,,
6/14/2007,54.95,56,54.5,54.8,344016,EQ,,,
6/15/2007,55,55.9,54.75,55.5,381407,EQ,,,
6/18/2007,55.05,56.25,54.15,54.4,191889,EQ,,,
6/19/2007,54,55.5,54,55,633922,EQ,,,
6/20/2007,54.75,55.8,54.35,55,668111,EQ,,,
6/21/2007,55,55.7,54.8,55.1,1274407,EQ,,,
6/22/2007,54.85,55.9,54.85,55.15,644961,EQ,,,
6/25/2007,55.5,55.5,54.6,55,367493,EQ,,,
6/26/2007,54.5,55.5,54.5,54.95,743942,EQ,,,
6/27/2007,55.2,55.2,54.15,54.5,478887,EQ,,,
6/28/2007,54.7,55.1,53.75,54.85,732509,EQ,,,
6/29/2007,55,57.55,54.65,57.35,939205,EQ,,,
7/2/2007,58.25,58.25,56.55,57.4,501624,EQ,,,
7/3/2007,57.85,58.65,57,57.5,413075,EQ,,,
7/4/2007,57.7,57.75,56.55,57.55,292551,EQ,,,
7/5/2007,57.75,57.95,56.1,56.45,517374,EQ,,,
7/6/2007,56.9,58.3,56.25,57.9,513182,EQ,,,
7/9/2007,58.25,58.95,58.15,58.4,437757,EQ,,,
7/10/2007,59.95,59.95,57.2,57.45,923812,EQ,,,
7/11/2007,57.6,58.2,56.95,57.45,446998,EQ,,,
7/12/2007,57.85,60.25,57.5,60.05,538606,EQ,,,
7/13/2007,60.3,62,60.15,61.3,861197,EQ,,,
7/16/2007,61.5,61.5,60,60.9,330882,EQ,,,
7/17/2007,61,61.4,59.45,59.95,326410,EQ,,,
7/18/2007,59.5,61,58.8,60,589060,EQ,,,
7/19/2007,59.55,60.95,58.8,60.45,963282,EQ,,,
7/20/2007,61.05,61.3,59.8,60.05,372322,EQ,,,
7/23/2007,59.9,61.75,59.5,61.5,345028,EQ,,,
7/24/2007,61.45,62.75,60.55,62.45,456725,EQ,,,
7/25/2007,62.25,62.25,60.55,61.95,273137,EQ,,,
7/26/2007,61.9,61.9,59.55,60.85,561459,EQ,,,
7/27/2007,59.5,59.5,57.5,58.45,653033,EQ,,,
7/30/2007,58,59.9,57.6,58.45,474781,EQ,,,
7/31/2007,59,60.5,57.55,60.05,618372,EQ,,,
8/1/2007,59.45,59.5,56.05,58.05,980178,EQ,,,
8/2/2007,57.5,58.1,57,57.6,574338,EQ,,,
8/3/2007,58.35,58.45,56.9,57.75,283435,EQ,,,
8/6/2007,56.75,57,55.35,56.6,685039,EQ,,,
8/7/2007,57.9,58.45,56.55,57.05,392536,EQ,,,
8/8/2007,57.25,59.6,57.25,58.6,486752,EQ,,,
8/9/2007,59.4,59.6,56.95,57.8,498173,EQ,,,
8/10/2007,55.05,56.75,54.55,56.5,559167,EQ,,,
8/13/2007,57,57.45,56.1,56.8,349503,EQ,,,
8/14/2007,56.75,57.6,56.3,57.4,186964,EQ,,,
8/16/2007,55.05,55.7,54.05,54.7,663070,EQ,,,
8/17/2007,54.5,54.9,52.55,53.4,890650,EQ,,,
8/20/2007,55.05,56.95,55.05,55.55,810842,EQ,,,
8/21/2007,56.4,56.4,54.95,55.2,223613,EQ,,,
8/22/2007,55.2,56.1,54.9,55.85,545241,EQ,,,
8/23/2007,56.1,57.25,53.75,55,874928,EQ,,,
8/24/2007,54.95,56.1,54,54.9,839549,EQ,,,
8/27/2007,55.1,56.35,55.1,56,550468,EQ,,,
8/28/2007,56.2,57.9,55.95,57.55,514040,EQ,,,
8/29/2007,56.05,59,56,58.1,688425,EQ,,,
8/30/2007,57.6,59.85,57.6,59.05,901446,EQ,,,
8/31/2007,58.65,59.75,57.9,58.6,654291,EQ,,,
9/3/2007,60.9,60.9,58.5,58.8,393071,EQ,,,
9/4/2007,59,59.75,58.3,58.8,231733,EQ,,,
9/5/2007,58.3,59.2,57.9,58.6,201848,EQ,,,
9/6/2007,58,59.4,57.95,59.25,150166,EQ,,,
9/7/2007,58.1,60.3,57,59.8,261271,EQ,,,
9/10/2007,58.55,60.3,58.5,59.8,228252,EQ,,,
9/11/2007,59.8,60.25,59.1,59.4,181117,EQ,,,
9/12/2007,59.6,60.1,59,59.1,125051,EQ,,,
9/13/2007,59.1,60.85,59.1,60.7,563074,EQ,,,
9/14/2007,60.6,62.5,60.5,61.65,447191,EQ,,,
9/17/2007,60.9,62.45,60.75,61.3,240243,EQ,,,
9/18/2007,61,61.75,60.2,61.55,231739,EQ,,,
9/19/2007,63.55,67,62.8,66.2,997162,EQ,,,
9/20/2007,66.35,66.95,65.5,66.3,502425,EQ,,,
9/21/2007,66.1,66.6,65.35,65.9,369855,EQ,,,
9/24/2007,67.1,67.8,66.75,67.3,442510,EQ,,,
9/25/2007,67.3,70.45,67.25,69.8,481666,EQ,,,
9/26/2007,69.5,69.5,68,68.8,778358,EQ,,,
9/27/2007,68.6,72.95,68.55,71.65,1082348,EQ,,,
9/28/2007,71.9,72.2,70.15,71.8,595727,EQ,,,
10/1/2007,72,72.5,69.55,70.6,723098,EQ,,,
10/3/2007,70.7,71.95,70.3,71.25,492265,EQ,,,
10/4/2007,70.4,70.95,69.4,70.5,402905,EQ,,,
10/5/2007,70.5,71,69.6,70.15,296709,EQ,,,
10/8/2007,70.75,72,69.95,70.35,670723,EQ,,,
10/9/2007,68.3,71.25,68.3,71.05,468839,EQ,,,
10/10/2007,71.5,72.5,69.8,70.85,453779,EQ,,,
10/11/2007,71.25,73.75,71.05,73.05,450507,EQ,,,
10/12/2007,72.25,73.05,71.05,71.65,465891,EQ,,,
10/15/2007,72.5,76.25,72.5,74.95,1130254,EQ,,,
10/16/2007,76,76,73.25,75.4,470067,EQ,,,
10/17/2007,70.3,74.25,65.25,73.15,625744,EQ,,,
10/18/2007,72.4,73.15,68,69.4,620155,EQ,,,
10/19/2007,67.5,72,66.9,68.3,497958,EQ,,,
10/22/2007,68.95,69.85,66.55,68.6,564902,EQ,,,
10/23/2007,69.9,75.75,69.4,74.4,888259,EQ,,,
10/24/2007,76,76.25,73.4,75.7,614373,EQ,,,
10/25/2007,74.75,78.95,73.25,77.7,643293,EQ,,,
10/26/2007,76.9,78,74.3,77.3,347163,EQ,,,
10/29/2007,79.1,83.5,78.75,82.35,292898,EQ,,,
10/30/2007,82.75,85.9,80.6,81,403402,EQ,,,
10/31/2007,79.5,83.45,79,82.65,420722,EQ,,,
11/1/2007,86.4,86.4,83.3,84.5,716487,EQ,,,
11/2/2007,82.05,90,82.05,88.5,291806,EQ,,,
11/5/2007,87.5,87.5,83.75,85.8,459300,EQ,,,
11/6/2007,86.25,87.4,84.5,85.4,368364,EQ,,,
11/7/2007,87.4,87.4,80.5,80.85,453604,EQ,,,
11/8/2007,79,79.5,77.25,77.75,521340,EQ,,,
11/9/2007,80,80,76.3,76.8,34392,EQ,,,
11/12/2007,74,76,72.75,73.85,836565,EQ,,,
11/13/2007,71.25,84,71.25,78.7,1032292,EQ,,,
11/14/2007,82,89,81,87.6,1191184,EQ,,,
11/15/2007,87.5,87.5,83.75,85,476846,EQ,,,
11/16/2007,82.5,85.15,81.6,84.35,658433,EQ,,,
11/19/2007,84.5,84.5,82.25,82.75,899410,EQ,,,
11/20/2007,82,83.7,80.5,81.5,581577,EQ,,,
11/21/2007,81.55,82.4,78.25,79.05,578617,EQ,,,
11/22/2007,79,80.25,77.55,79.6,488553,EQ,,,
11/23/2007,79.5,80.35,77.05,78.15,443631,EQ,,,
11/26/2007,83.5,83.75,80.5,82.15,425660,EQ,,,
11/27/2007,81.25,83,80,81.65,556770,EQ,,,
11/28/2007,82,84.75,79.25,80.3,557962,EQ,,,
11/29/2007,81.45,85.5,81.45,83.7,1043514,EQ,,,
11/30/2007,84,87.4,84,85.8,616420,EQ,,,
12/3/2007,86.75,86.75,84,84.8,490452,EQ,,,
12/4/2007,86.4,86.4,84.55,85.1,262366,EQ,,,
12/5/2007,85.25,86.9,84.75,86.2,820097,EQ,,,
12/6/2007,87,89,83.6,84.5,518021,EQ,,,
12/7/2007,85.5,87,85.5,86,591975,EQ,,,
12/10/2007,86,86.5,83.85,84.4,409597,EQ,,,
12/11/2007,84.4,89.75,84.25,89.05,363075,EQ,,,
12/12/2007,88.85,89.95,86.05,89.2,749646,EQ,,,
12/13/2007,88.75,88.95,87.05,87.8,399961,EQ,,,
12/14/2007,88.25,88.25,85,86.2,477824,EQ,,,
12/17/2007,85.95,85.95,83.25,84.2,472556,EQ,,,
12/18/2007,83.4,85.25,80.8,83.1,663386,EQ,,,
12/19/2007,85,85,81.6,82.65,551293,EQ,,,
12/20/2007,82.5,83,81.3,82.15,593690,EQ,,,
12/24/2007,83.3,85.25,82.5,84.9,339653,EQ,,,
12/26/2007,84.9,85.75,84,85.35,216084,EQ,,,
12/27/2007,85.5,87.9,85.5,87.3,436494,EQ,,,
12/28/2007,84.95,86.9,83.35,86.5,337737,EQ,,,
12/31/2007,87.5,87.5,85.4,86.45,188962,EQ,,,
1/1/2008,86.5,86.95,85.25,86.5,131052,EQ,,,
1/2/2008,86.7,86.75,84.5,85.75,623975,EQ,,,
1/3/2008,85.5,85.5,83.8,84.7,701864,EQ,,,
1/4/2008,85.15,85.7,84.7,84.8,372982,EQ,,,
1/7/2008,82.55,83.9,80.6,82.75,632246,EQ,,,
1/8/2008,84.45,86.15,83.5,85.8,916749,EQ,,,
1/9/2008,85.7,88.35,85,87.25,1004919,EQ,,,
1/10/2008,89.5,89.9,85.25,86.1,861100,EQ,,,
1/11/2008,86.4,88.9,86.1,88.25,415110,EQ,,,
1/14/2008,88.7,91.25,86.1,89.15,1167546,EQ,,,
1/15/2008,91,91,88.35,89.45,622842,EQ,,,
1/16/2008,84.75,86.95,82.5,83.7,1228170,EQ,,,
1/17/2008,83.1,83.4,80.6,82.2,1335669,EQ,,,
1/18/2008,79.05,81.3,77.8,78.55,996741,EQ,,,
1/21/2008,79.5,79.5,74,75.35,743489,EQ,,,
1/22/2008,74.95,89,67.55,71.3,1164506,EQ,,,
1/23/2008,75.95,85,69,76.7,933287,EQ,,,
1/24/2008,76.5,81.85,73.75,75.5,814191,EQ,,,
1/25/2008,77.2,84,76.25,80.4,607231,EQ,,,
1/28/2008,77.5,80,71.5,79.5,595807,EQ,,,
1/29/2008,79.95,81.35,75,76.85,609521,EQ,,,
1/30/2008,78.7,78.7,75.25,76.65,396511,EQ,,,
1/31/2008,77.1,79.5,75.75,78.5,639685,EQ,,,
2/1/2008,78.75,79.15,74.25,78.55,728723,EQ,,,
2/4/2008,81.2,81.2,76.3,77.35,549130,EQ,,,
2/5/2008,78,79.85,75,75.6,607141,EQ,,,
2/6/2008,75,75.75,72.55,75,786594,EQ,,,
2/7/2008,74.95,75.6,74.1,74.6,1671532,EQ,,,
2/8/2008,74.55,75.15,71.15,72.1,388066,EQ,,,
2/11/2008,72.1,73.45,67.55,70.55,692689,EQ,,,
2/12/2008,71.5,72.25,69.3,70.4,463092,EQ,,,
2/13/2008,72,74.4,71.5,73.4,584412,EQ,,,
2/14/2008,74.95,77.75,74.95,76.8,633265,EQ,,,
2/15/2008,76,78.75,74.6,78.1,544232,EQ,,,
2/18/2008,78.9,79.5,77,77.85,173924,EQ,,,
2/19/2008,79.8,79.9,77.75,78.6,274471,EQ,,,
2/20/2008,78.5,78.5,75.45,76.85,396955,EQ,,,
2/21/2008,77,78.5,74.85,77.05,298920,EQ,,,
2/22/2008,73.5,77,73,73.7,471917,EQ,,,
2/25/2008,74.95,75.5,69.75,71.1,1366088,EQ,,,
2/26/2008,72.5,73.45,72.25,72.75,617512,EQ,,,
2/27/2008,73.5,74.35,72.05,72.6,460601,EQ,,,
2/28/2008,73.45,74.55,72.6,73.6,624996,EQ,,,
2/29/2008,73,73.7,70.6,72.85,684695,EQ,,,
3/3/2008,71.5,71.5,68.1,69.5,508800,EQ,,,
3/4/2008,69.75,69.75,64.65,67.6,848207,EQ,,,
3/5/2008,67.1,67.6,66,66.65,621752,EQ,,,
3/7/2008,66.5,66.5,62.85,64.1,919192,EQ,,,
3/10/2008,63.25,66.45,61.25,65.6,778227,EQ,,,
3/11/2008,64.25,67.55,63.5,66.65,1037662,EQ,,,
3/12/2008,69.7,72,67.3,68.5,623694,EQ,,,
3/13/2008,67,67.25,64.3,64.95,427985,EQ,,,
3/14/2008,64.75,66.3,63.75,65.75,450340,EQ,,,
3/17/2008,62.25,63.75,59.75,61.3,863718,EQ,,,
3/18/2008,61.2,61.9,58.3,61.55,1211146,EQ,,,
3/19/2008,63.75,66.75,62.25,63.65,1265446,EQ,,,
3/24/2008,64.25,67.55,64.25,67.1,644212,EQ,,,
3/25/2008,68.5,71.75,68.25,70.7,876863,EQ,,,
3/26/2008,70.05,72.85,69.85,71.95,1233084,EQ,,,
3/27/2008,70.05,73.35,69.3,71.65,857787,EQ,,,
3/28/2008,71.25,71.3,68.3,70.35,606507,EQ,,,
3/31/2008,70,70,64.5,66.55,1180107,EQ,,,
4/1/2008,66,67,63.5,65.5,756827,EQ,,,
4/2/2008,69,70.05,65.4,66.4,671183,EQ,,,
4/3/2008,66.25,68.4,65.25,66.55,575905,EQ,,,
4/4/2008,66,66,64.3,64.7,1164966,EQ,,,
4/7/2008,64.4,66.15,63.9,65.15,605200,EQ,,,
4/8/2008,66.25,66.25,64.5,65.4,734923,EQ,,,
4/9/2008,65.45,69.95,64.8,69,786766,EQ,,,
4/10/2008,68.75,68.75,66.05,66.3,542363,EQ,,,
4/11/2008,67.45,67.75,65.1,66.5,417952,EQ,,,
4/15/2008,65.5,66.7,63.75,65.15,897138,EQ,,,
4/16/2008,66.55,66.7,65.05,65.4,551595,EQ,,,
4/17/2008,65.9,70.75,65.9,70.05,1813264,EQ,,,
4/21/2008,70.25,73.7,69.1,73.05,897536,EQ,,,
4/22/2008,72.5,75.8,71.4,75.4,699571,EQ,,,
4/23/2008,75.45,75.45,71.8,72.25,547987,EQ,,,
4/24/2008,73.5,73.5,70.4,72.15,1221151,EQ,,,
4/25/2008,72.75,75.4,72.5,75,545164,EQ,,,
4/28/2008,75,77.45,75,76.15,1156308,EQ,,,
4/29/2008,75.95,77.95,75.05,77.4,591569,EQ,,,
4/30/2008,77.4,77.4,75.25,76.2,809071,EQ,,,
5/2/2008,77.25,78.85,76.6,77,598388,EQ,,,
5/5/2008,77,77.95,75.8,76.4,420155,EQ,,,
5/6/2008,76.25,77.5,76.25,77.15,430998,EQ,,,
5/7/2008,77,77.6,75.75,77.1,344058,EQ,,,
5/8/2008,75,76.15,72.6,75.4,589068,EQ,,,
5/9/2008,78.1,80,72.15,72.6,620423,EQ,,,
5/12/2008,71.3,73.85,71.3,73.4,261763,EQ,,,
5/13/2008,74.5,74.75,73,74,524162,EQ,,,
5/14/2008,73.25,73.75,72.5,73.25,602688,EQ,,,
5/15/2008,72.6,74.35,72.6,73.9,231794,EQ,,,
5/16/2008,75.5,76.4,74.6,75,490926,EQ,,,
5/20/2008,75,75.25,72.5,73.05,631312,EQ,,,
5/21/2008,72.5,72.5,69.6,70.5,1445884,EQ,,,
5/22/2008,70.4,70.4,67.55,69.2,513401,EQ,,,
5/23/2008,70.4,70.55,68.6,69.1,664342,EQ,,,
5/26/2008,68.5,69.1,66.8,67.4,390859,EQ,,,
5/27/2008,68.25,68.5,65.95,66.65,628255,EQ,,,
5/28/2008,66.75,68.05,65.85,67.55,412701,EQ,,,
5/29/2008,68.25,68.75,65.2,66,641726,EQ,,,
5/30/2008,65.05,69.15,65.05,68.45,658076,EQ,,,
6/2/2008,69,69,64.7,65.5,491097,EQ,,,
6/3/2008,65.5,65.5,62.3,63.3,520041,EQ,,,
6/4/2008,63.5,63.5,59.8,60.75,484459,EQ,,,
6/5/2008,61,64.5,59,62.4,1061647,EQ,,,
6/6/2008,62.5,63.75,60.9,61.6,999658,EQ,,,
6/9/2008,60,60,57.95,59.2,556189,EQ,,,
6/10/2008,58.5,59.75,56,56.6,1557871,EQ,,,
6/11/2008,57.25,60.5,56.1,59.8,1278447,EQ,,,
6/12/2008,57.8,58.75,56.05,58.1,1233769,EQ,,,
6/13/2008,57.6,58.7,55.7,56.1,725327,EQ,,,
6/16/2008,56.9,58.6,56.5,57.45,1005163,EQ,,,
6/17/2008,57.5,61.25,57.5,60.7,1287222,EQ,,,
6/18/2008,61.6,61.6,58.1,58.4,1073799,EQ,,,
6/19/2008,56.1,57.75,55.6,56.15,597000,EQ,,,
6/20/2008,56.1,56.9,54.6,54.9,649085,EQ,,,
6/23/2008,53.75,56,53.75,54.8,743423,EQ,,,
6/24/2008,54,55.45,52.1,53,361141,EQ,,,
6/25/2008,52,54.1,50.75,53.7,1297176,EQ,,,
6/26/2008,54.05,54.95,52,53,1398717,EQ,,,
6/27/2008,52.45,52.45,49.8,51.1,1045901,EQ,,,
6/30/2008,50.5,50.75,49.75,50.35,671164,EQ,,,
7/1/2008,50.75,50.75,47.5,48.25,1023168,EQ,,,
7/2/2008,48.25,52.5,47.9,51.4,904017,EQ,,,
7/3/2008,50.9,51,47.25,49.2,1702189,EQ,,,
7/4/2008,49.3,50.35,49.15,50,1401513,EQ,,,
7/7/2008,50,52.5,49.8,50.25,1395633,EQ,,,
7/8/2008,50,51.5,48,50.1,1208192,EQ,,,
7/9/2008,51.45,53.35,50,52.9,2331386,EQ,,,
7/10/2008,52.5,53.8,51.55,52.7,1309515,EQ,,,
7/11/2008,52.25,53.75,51.75,53.4,1052482,EQ,,,
7/14/2008,53.4,53.5,50.55,51.6,964840,EQ,,,
7/15/2008,51,51,45.6,45.9,1856079,EQ,,,
7/16/2008,45.9,47,44.6,45.2,1091585,EQ,,,
7/17/2008,47.45,48.95,47.4,47.95,2324450,EQ,,,
7/18/2008,48.7,52.15,48.7,51.7,2833915,EQ,,,
7/21/2008,52.5,54.7,52.25,54.2,1236512,EQ,,,
7/22/2008,53.5,58.75,53.5,55.05,2257418,EQ,,,
7/23/2008,56.8,60.75,56.8,60.25,2378348,EQ,,,
7/24/2008,62.2,62.45,59.3,60.7,1323033,EQ,,,
7/25/2008,57.65,59.75,55.9,56.3,2006208,EQ,,,
7/28/2008,56.3,57.75,55.5,56.35,1488402,EQ,,,
7/29/2008,56,56,50.15,51.45,2473541,EQ,,,
7/30/2008,52.5,55.25,52.25,54.7,1811777,EQ,,,
7/31/2008,55,56.45,52.9,54.9,1803975,EQ,,,
8/1/2008,54.75,56.25,51.3,55.4,3068500,EQ,,,
8/4/2008,55.5,56.7,54.75,55.45,1005693,EQ,,,
8/5/2008,55,59.75,54.9,59.2,2085817,EQ,,,
8/6/2008,60.6,64.65,59.9,60.8,3327380,EQ,,,
8/7/2008,60,63.25,60,62.65,1889753,EQ,,,
8/8/2008,62.5,64.75,61.3,64.15,2124352,EQ,,,
8/11/2008,66.5,66.8,64.55,65.6,2662865,EQ,,,
8/12/2008,65.6,66,62.75,63.25,1359604,EQ,,,
8/13/2008,62.05,62.5,60.6,60.85,1215999,EQ,,,
8/14/2008,60.85,60.85,58.25,58.75,974292,EQ,,,
8/18/2008,58.45,61.2,58,60.2,1504694,EQ,,,
8/19/2008,59.5,60.5,58.3,60.35,918024,EQ,,,
8/20/2008,60.6,62.4,60.05,61.9,1090954,EQ,,,
8/21/2008,61.6,62,58,58.3,694118,EQ,,,
8/22/2008,58,59.9,57.55,59.7,1006219,EQ,,,
8/25/2008,60.5,62.1,60.2,60.4,753135,EQ,,,
8/26/2008,60,63.1,59.8,62.55,1430390,EQ,,,
8/27/2008,63.2,63.4,61.3,61.7,1424101,EQ,,,
8/28/2008,61.5,62.4,59.9,60.65,1356818,EQ,,,
8/29/2008,61.8,64.75,61.8,63.85,1244446,EQ,,,
9/1/2008,62.5,65.5,62.5,64.9,721174,EQ,,,
9/2/2008,65.1,69.3,64.25,67,2856103,EQ,,,
9/4/2008,65,66.8,64.35,65.15,2519066,EQ,,,
9/5/2008,63.75,64,62,62.4,2396512,EQ,,,
9/8/2008,64.7,65.95,64.55,65.05,1710836,EQ,,,
9/9/2008,63.5,65.7,63.3,64.7,1793358,EQ,,,
9/10/2008,64.5,64.5,62.5,63.8,1669692,EQ,,,
9/11/2008,63.25,64.2,62.4,62.65,1217020,EQ,,,
9/12/2008,62.75,63.75,61.15,62.25,1303429,EQ,,,
9/15/2008,60.25,60.75,57.8,60.15,1741333,EQ,,,
9/16/2008,57.5,62.2,53.8,61.5,1414679,EQ,,,
9/17/2008,62.4,62.4,58.25,59.35,1668649,EQ,,,
9/18/2008,58.95,61.7,54.35,61.2,2710572,EQ,,,
9/19/2008,63,65.2,62.75,65,1816313,EQ,,,
9/22/2008,65.3,66.1,64.1,65.05,1137709,EQ,,,
9/23/2008,63.75,64.6,61.1,61.7,1105494,EQ,,,
9/24/2008,62.45,64.75,62.45,64.05,1307997,EQ,,,
9/25/2008,63.75,65.75,63.4,65.05,1741234,EQ,,,
9/26/2008,65,65,61.5,62.25,1308633,EQ,,,
9/29/2008,63.35,63.35,59.25,60,1426073,EQ,,,
9/30/2008,57,62.15,57,61.5,2316320,EQ,,,
10/1/2008,61.9,65.25,60.55,64.75,1366940,EQ,,,
10/3/2008,64,65.45,63.15,63.8,1395342,EQ,,,
10/6/2008,62.5,63,59.6,60.15,1501859,EQ,,,
10/7/2008,61.5,62.5,54.65,56.45,2864269,EQ,,,
10/8/2008,54.7,56.55,48.75,55.3,3381315,EQ,,,
10/10/2008,52,54.9,48.75,52.4,4538696,EQ,,,
10/13/2008,53.5,59.5,52.45,58.65,2204642,EQ,,,
10/14/2008,61.25,62.4,56.3,57.05,2197531,EQ,,,
10/15/2008,55.75,57.7,55.15,56.85,1644536,EQ,,,
10/16/2008,54.95,56.05,52.05,54.65,2731362,EQ,,,
10/17/2008,56.4,57.25,50.25,51.3,1711714,EQ,,,
10/20/2008,51.75,55.65,51.55,54,1218281,EQ,,,
10/21/2008,55,56.1,53.6,54.5,1544768,EQ,,,
10/22/2008,53.5,55.25,52,52.4,1296022,EQ,,,
10/23/2008,51.25,55.9,49.85,53.7,1706757,EQ,,,
10/24/2008,52.5,52.5,46.1,48.65,3196762,EQ,,,
10/27/2008,47.5,47.5,43.1,46.6,1710811,EQ,,,
10/28/2008,48.9,49.5,47.25,48.35,214082,EQ,,,
10/29/2008,49.5,50,46,47.55,2398279,EQ,,,
10/31/2008,48.25,53,48.25,51.15,2937279,EQ,,,
11/3/2008,52.75,54.9,52,53.5,2155036,EQ,,,
11/4/2008,53.95,56.6,52.5,55.65,2104769,EQ,,,
11/5/2008,57.25,58.4,54,54.9,1501276,EQ,,,
11/6/2008,53,55.25,51.55,53.1,1305438,EQ,,,
11/7/2008,53.3,55.75,51.6,54.5,1378037,EQ,,,
11/10/2008,55.5,55.75,52.6,55.05,1849357,EQ,,,
11/11/2008,54.1,54.4,50.75,51.15,1235410,EQ,,,
11/12/2008,50,53.05,49.6,50.35,1901122,EQ,,,
11/14/2008,51.55,52.95,50.1,50.45,1788903,EQ,,,
11/17/2008,50.55,50.75,45.3,46.8,3584611,EQ,,,
11/18/2008,46,46.55,44.3,45.75,2512091,EQ,,,
11/19/2008,46.25,48.7,43.5,44.2,2438869,EQ,,,
11/20/2008,43,43,40.45,41.05,3242464,EQ,,,
11/21/2008,41.5,43.4,39.9,42.8,3100795,EQ,,,
11/24/2008,42.75,42.85,40.4,41.45,1803667,EQ,,,
11/25/2008,42.25,44.25,41.4,41.75,2416995,EQ,,,
11/26/2008,42.5,46.2,41.75,45.3,2427380,EQ,,,
11/28/2008,40.5,46.8,39.6,46.15,2759252,EQ,,,
12/1/2008,46.25,48.5,44.5,44.95,2147850,EQ,,,
12/2/2008,44,44.75,42.25,44.3,1736484,EQ,,,
12/3/2008,45.1,45.1,43.05,44,1971726,EQ,,,
12/4/2008,43.6,45.95,43.6,45.6,1789549,EQ,,,
12/5/2008,46,46.8,43.25,44.5,1992039,EQ,,,
12/8/2008,46.2,47.7,44.1,44.9,2464332,EQ,,,
12/10/2008,45.15,47,45.15,46.2,3229937,EQ,,,
12/11/2008,46.25,47.45,45.1,45.9,2232919,EQ,,,
12/12/2008,45.25,46.5,43.8,46,1607552,EQ,,,
12/15/2008,46.75,47.95,46.25,47.2,1535339,EQ,,,
12/16/2008,46.85,49.95,46.6,49.25,1893925,EQ,,,
12/17/2008,50.15,51,49.4,50.1,2579839,EQ,,,
12/18/2008,49.9,53.5,49.65,52.95,1985265,EQ,,,
12/19/2008,52.55,54.2,51.65,52.6,2029169,EQ,,,
12/22/2008,52.6,53.25,50.4,50.9,1194269,EQ,,,
12/23/2008,50.6,50.9,48.65,49,1316943,EQ,,,
12/24/2008,49.7,50,47.1,49.2,1354874,EQ,,,
12/26/2008,49.75,51,48.3,48.65,838857,EQ,,,
12/29/2008,47.8,50.5,47.8,50.1,1303029,EQ,,,
12/30/2008,49.95,51.7,49.75,50.95,1885538,EQ,,,
12/31/2008,51.6,51.6,49.4,49.9,1039337,EQ,,,
1/1/2009,49.8,51,49.8,50.7,528750,EQ,,,
1/2/2009,51,51.6,50.15,50.8,1046852,EQ,,,
1/5/2009,51.5,52.5,51.4,52.2,1005908,EQ,,,
1/6/2009,52.2,55.65,51.7,55,1828993,EQ,,,
1/7/2009,55.75,56.25,49.8,50.45,3778238,EQ,,,
1/9/2009,50,52.85,48.75,50.9,2141357,EQ,,,
1/12/2009,50.6,51.1,49.5,50.2,1805657,EQ,,,
1/13/2009,50,50.6,48.75,49.45,1252811,EQ,,,
1/14/2009,52.25,52.25,48.35,48.9,2832517,EQ,,,
1/15/2009,48,48,45.35,46.25,2924749,EQ,,,
1/16/2009,46.9,47.2,46.1,46.9,780880,EQ,,,
1/19/2009,47.45,47.7,46.6,47.05,1014845,EQ,,,
1/20/2009,46.25,46.25,45.1,45.6,801111,EQ,,,
1/21/2009,45.35,45.35,44,44.45,1976040,EQ,,,
1/22/2009,45,45.85,44.1,45,1629960,EQ,,,
1/23/2009,44.65,45.55,43.25,43.6,1592970,EQ,,,
1/27/2009,44.85,45.2,44,44.45,1227493,EQ,,,
1/28/2009,44.9,45.8,44.75,45.6,1317459,EQ,,,
1/29/2009,46.25,46.9,45.5,46.15,2343698,EQ,,,
1/30/2009,44.6,46.75,44.6,46.3,748451,EQ,,,
2/2/2009,46,46,43.85,44.45,1307972,EQ,,,
2/3/2009,44.75,45.5,44.5,44.9,1148020,EQ,,,
2/4/2009,45.5,46.1,44.1,44.3,3799356,EQ,,,
2/5/2009,44.75,45,44,44.2,1077301,EQ,,,
2/6/2009,44.65,45.25,44.3,44.9,1170983,EQ,,,
2/9/2009,45.4,46.1,45.15,45.95,1029056,EQ,,,
2/10/2009,46.25,47.9,46.05,47.35,832199,EQ,,,
2/11/2009,46.35,47.15,45.35,46.7,932139,EQ,,,
2/12/2009,46.75,47.05,46.2,46.7,714032,EQ,,,
2/13/2009,47,47.7,46.85,47.2,760790,EQ,,,
2/16/2009,47,47,45.4,45.7,1399768,EQ,,,
2/17/2009,45.35,45.7,43.5,44,1718267,EQ,,,
2/18/2009,43.75,44.4,43.25,43.8,783049,EQ,,,
2/19/2009,44.2,44.6,43.7,44.2,896079,EQ,,,
2/20/2009,43.8,43.95,42.7,43.3,999745,EQ,,,
2/24/2009,42.65,43,41.75,42.7,768521,EQ,,,
2/25/2009,43.25,43.55,43,43.2,1092631,EQ,,,
2/26/2009,43.3,44.15,42.05,43.75,3243762,EQ,,,
2/27/2009,43.55,44.9,42.15,44.5,1355194,EQ,,,
3/2/2009,43.65,43.85,41.9,42.3,1856911,EQ,,,
3/3/2009,41.85,42.15,41,41.6,1671492,EQ,,,
3/4/2009,41.55,42.5,41.5,41.95,1711999,EQ,,,
3/5/2009,42.5,42.7,39.55,40.05,2422479,EQ,,,
3/6/2009,40,41.4,38.7,40.1,2370854,EQ,,,
3/9/2009,39.95,40.75,39.1,39.95,1758946,EQ,,,
3/12/2009,40.75,41.7,39.55,39.95,2870544,EQ,,,
3/13/2009,40.75,41.85,40.6,41.7,4572630,EQ,,,
3/16/2009,42,42.65,41.35,42.25,2725511,EQ,,,
3/17/2009,42.2,42.95,40.45,41.4,2092351,EQ,,,
3/18/2009,42,43,41.6,42.15,1891041,EQ,,,
3/19/2009,42.45,43.15,40.95,41.6,2442611,EQ,,,
3/20/2009,41.5,42.1,40.55,41.95,2028607,EQ,,,
3/23/2009,42.7,45,42.1,44.25,2044973,EQ,,,
3/24/2009,45.8,48.7,45.5,47.1,3770054,EQ,,,
3/25/2009,47.4,48.85,46.85,48.6,1790900,EQ,,,
3/26/2009,49.4,50.25,48.75,49.65,2315642,EQ,,,
3/27/2009,49.05,50.65,49.05,50.05,2288078,EQ,,,
3/30/2009,49,49,47.05,47.3,1325484,EQ,,,
3/31/2009,47.6,49.4,45.2,48.65,3720270,EQ,,,
4/1/2009,49.25,50.25,47.6,50,1294682,EQ,,,
4/2/2009,50.55,52.6,50.55,51.8,1779566,EQ,,,
4/6/2009,52.75,53.75,52,53.2,1347288,EQ,,,
4/8/2009,53.25,53.25,49.6,52.35,2651426,EQ,,,
4/9/2009,53.2,54,51.6,52.2,1488619,EQ,,,
4/13/2009,52,55.75,52,54.9,1711101,EQ,,,
4/15/2009,52.75,55.25,52.1,54.15,3133776,EQ,,,
4/16/2009,54.95,55.4,52.85,53.3,1952075,EQ,,,
4/17/2009,54.2,54.9,52.8,53.6,2352106,EQ,,,
4/20/2009,53.5,55,52.4,53.35,1146589,EQ,,,
4/21/2009,52,55,51.75,54.35,1504805,EQ,,,
4/22/2009,54.5,55.1,53.25,54.45,1209122,EQ,,,
4/23/2009,54.75,55,53.3,54.6,1441155,EQ,,,
4/24/2009,55,56.15,53.85,55.5,1865513,EQ,,,
4/27/2009,55,57,54.5,55.75,1439279,EQ,,,
4/28/2009,55.9,56.35,53.15,53.6,1480088,EQ,,,
4/29/2009,54.3,55.5,53.6,55,2142815,EQ,,,
5/4/2009,57.5,60.35,56,59.95,2263307,EQ,,,
5/5/2009,60.35,60.5,58.25,59.65,1523194,EQ,,,
5/6/2009,59.5,59.95,58.05,58.6,1214309,EQ,,,
5/7/2009,59,59.4,58.35,58.8,772884,EQ,,,
5/8/2009,58,58.75,55.7,57.2,2256933,EQ,,,
5/11/2009,59.4,59.4,56.9,57.35,1691836,EQ,,,
5/12/2009,57.2,60.2,56.95,59.75,1730442,EQ,,,
5/13/2009,59.75,59.95,57.35,58.2,2375976,EQ,,,
5/14/2009,57.6,58.45,56.05,58.2,960165,EQ,,,
5/15/2009,58.75,59.6,57.85,59.25,2075996,EQ,,,
5/18/2009,63.05,77,63.05,68.9,13575,EQ,,,
5/19/2009,69.6,74.95,60.3,70.6,4965348,EQ,,,
5/20/2009,69.85,70.55,67.55,69.05,1451899,EQ,,,
5/21/2009,68.7,70.25,66.7,68.55,1908835,EQ,,,
5/22/2009,67.95,69.7,67.05,68.5,913804,EQ,,,
5/25/2009,68.75,69.5,67.3,68.2,838067,EQ,,,
5/26/2009,68.4,69.6,66.25,66.8,1247581,EQ,,,
5/27/2009,68.5,70.95,68.35,70.45,2697054,EQ,,,
5/28/2009,70.05,72.7,69.2,72,3515443,EQ,,,
5/29/2009,72.25,73,71.05,72.2,1536070,EQ,,,
6/1/2009,72.7,74.2,70.85,71.7,1111118,EQ,,,
6/2/2009,71.7,72.5,68.95,69.9,978862,EQ,,,
6/3/2009,71,71.4,67.4,68.55,1432976,EQ,,,
6/4/2009,68.05,70,67.6,69.45,1213148,EQ,,,
6/5/2009,69.95,71.55,69.25,70.95,1010742,EQ,,,
6/8/2009,71,71.25,69.25,70,785474,EQ,,,
6/9/2009,69.5,71.5,68.9,71,644665,EQ,,,
6/10/2009,72,77.45,71.75,75.05,1623823,EQ,,,
6/11/2009,76.25,78.5,75.05,77.8,1813649,EQ,,,
6/12/2009,78.3,78.95,75.8,76.4,1174378,EQ,,,
6/15/2009,76.2,78,75.1,76.65,920967,EQ,,,
6/16/2009,75.4,77.5,74.3,77.3,1372904,EQ,,,
6/17/2009,77,79.2,76,77.25,1785571,EQ,,,
6/18/2009,76.5,78.25,75.35,76.25,1566776,EQ,,,
6/19/2009,76.75,78.45,76.25,77.95,891522,EQ,,,
6/22/2009,78.95,78.95,76.2,77.15,1021653,EQ,,,
6/23/2009,75.75,75.75,72.8,74.25,1470650,EQ,,,
6/24/2009,76.85,76.85,72.55,72.9,1189181,EQ,,,
6/25/2009,75,75,72.8,73.2,1989117,EQ,,,
6/26/2009,74,75.05,73.55,74.9,1838766,EQ,,,
6/29/2009,75.25,76.65,74.6,75.4,1810024,EQ,,,
6/30/2009,76.2,76.25,73.95,74.65,1029242,EQ,,,
7/1/2009,74.9,75.9,74.15,75.1,592728,EQ,,,
7/2/2009,75.45,75.45,73.25,75,679260,EQ,,,
7/3/2009,74.5,76.25,74.15,75.8,980527,EQ,,,
7/6/2009,76.25,77.4,70,71.2,1525041,EQ,,,
7/7/2009,72,72.5,70.25,71.35,1033987,EQ,,,
7/8/2009,70.75,70.75,68,68.75,1080970,EQ,,,
7/9/2009,68.8,70.45,68.25,70,584574,EQ,,,
7/10/2009,70.25,70.75,68,68.95,1073391,EQ,,,
7/13/2009,68.5,69.1,67.5,68.7,764128,EQ,,,
7/14/2009,69.55,71.5,67.1,68.1,2553512,EQ,,,
7/15/2009,69.5,69.5,66.65,69.1,2129169,EQ,,,
7/16/2009,70,70.35,68.1,69.5,1442320,EQ,,,
7/17/2009,69.5,72.45,68.7,71.85,1248867,EQ,,,
7/20/2009,72.55,74.3,71,73.7,1125678,EQ,,,
7/21/2009,73.35,74,72.6,73.05,838661,EQ,,,
7/22/2009,73.5,73.7,71.65,72.25,1493461,EQ,,,
7/23/2009,73,73.5,71.75,72.95,1293926,EQ,,,
7/24/2009,73,73.4,71.45,72.5,1105560,EQ,,,
7/27/2009,72.85,73.5,71.25,71.65,985121,EQ,,,
7/28/2009,72.2,72.25,69.85,71.2,1649824,EQ,,,
7/29/2009,71.9,71.9,69.25,70.95,995260,EQ,,,
7/30/2009,70.95,73.6,69.95,73.2,1862077,EQ,,,
7/31/2009,74,75.5,73.7,74.95,1289784,EQ,,,
8/3/2009,75,75.45,73,74.65,546449,EQ,,,
8/4/2009,75.25,75.4,72.8,73.45,972361,EQ,,,
8/5/2009,73.95,73.95,71.7,72.4,1090422,EQ,,,
8/6/2009,72,72.75,70.1,70.7,1665310,EQ,,,
8/7/2009,70.5,71.3,68.95,69.5,1424401,EQ,,,
8/10/2009,70.7,70.75,68,68.75,1383986,EQ,,,
8/11/2009,68.75,69.4,68,68.95,1013536,EQ,,,
8/12/2009,68.25,70.6,67.75,70.3,919641,EQ,,,
8/13/2009,71.75,71.75,70.25,71.2,1026564,EQ,,,
8/14/2009,72.45,72.45,70.55,71.35,612820,EQ,,,
8/17/2009,70.45,71.05,69.75,70.3,1349065,EQ,,,
8/18/2009,70.05,72.75,70.05,72.05,1263725,EQ,,,
8/19/2009,72.05,73,70.55,72.5,1100173,EQ,,,
8/20/2009,72.95,74.5,72.75,74,723880,EQ,,,
8/21/2009,73.95,74.25,72.25,73.3,1041697,EQ,,,
8/24/2009,74.9,75.1,73.35,74.25,637094,EQ,,,
8/25/2009,73.4,74.95,73,74.35,477449,EQ,,,
8/26/2009,74.9,75.95,72.5,73.05,655342,EQ,,,
8/27/2009,72.5,73.1,72.2,72.85,741902,EQ,,,
8/28/2009,72.75,73.25,71.75,72.9,458791,EQ,,,
8/31/2009,71.75,74.15,71.75,73.55,659747,EQ,,,
9/1/2009,74,74.35,71.4,72.3,615704,EQ,,,
9/2/2009,71.6,72.6,71.25,71.95,317137,EQ,,,
9/3/2009,72.25,72.4,71.25,71.75,502983,EQ,,,
9/4/2009,71.75,73,71.25,72.7,533386,EQ,,,
9/7/2009,73,73.8,72.4,73.35,761834,EQ,,,
9/8/2009,73.75,74.1,72.5,72.85,741131,EQ,,,
9/9/2009,73.25,74.1,72.8,73.75,1355300,EQ,,,
9/10/2009,74.5,75.15,74,74.3,888725,EQ,,,
9/11/2009,74.5,74.8,73.25,74.55,721544,EQ,,,
9/14/2009,74.55,75.2,74.2,74.7,622739,EQ,,,
9/15/2009,74.75,75.9,74.6,75.7,1087840,EQ,,,
9/16/2009,76.5,76.75,75.3,75.85,1157872,EQ,,,
9/17/2009,76.35,76.95,76.05,76.75,1205610,EQ,,,
9/18/2009,76.8,76.9,75.55,76.2,411479,EQ,,,
9/22/2009,76,77.5,75.8,77.3,672581,EQ,,,
9/23/2009,77.75,79.95,76.6,78.5,1306570,EQ,,,
9/24/2009,77.3,81.85,77.3,81.2,2222526,EQ,,,
9/25/2009,80.15,81.2,79.6,80.4,561882,EQ,,,
9/29/2009,81.2,81.75,80.05,80.55,388700,EQ,,,
9/30/2009,80.8,83,80.2,82.5,1198862,EQ,,,
10/1/2009,82,83.4,81,82.2,864799,EQ,,,
10/5/2009,81.05,82.25,80.85,81.7,548494,EQ,,,
10/6/2009,82.95,83.25,80.25,83,575364,EQ,,,
10/7/2009,83.7,85.5,83.5,83.9,1084333,EQ,,,
10/8/2009,83,84.75,82.5,84.35,840494,EQ,,,
10/9/2009,83,84.5,83,83.8,450480,EQ,,,
10/12/2009,83.15,85.5,82.25,85.1,780069,EQ,,,
10/14/2009,85.25,86.45,84.3,85.1,782121,EQ,,,
10/15/2009,85.5,86.75,84.7,86.1,938616,EQ,,,
10/16/2009,86.6,86.95,85.6,86,825985,EQ,,,
10/17/2009,84.55,86.95,84.55,85.15,72070,EQ,,,
10/20/2009,84.15,86,84,84.55,469419,EQ,,,
10/21/2009,83,85.1,82.55,83.05,642376,EQ,,,
10/22/2009,82.05,83.85,82,83.3,378987,EQ,,,
10/23/2009,83.75,84.95,83.05,84.6,378849,EQ,,,
10/26/2009,83.55,84.85,83.25,84.65,408241,EQ,,,
10/27/2009,83,85,83,83.5,957757,EQ,,,
10/28/2009,83,83.5,80.25,81,666045,EQ,,,
10/29/2009,80.25,81.95,78.5,80.65,1024544,EQ,,,
10/30/2009,81.1,84.4,80.3,81.05,764619,EQ,,,
11/3/2009,80.85,82,79.2,80,475126,EQ,,,
11/4/2009,80.25,82.35,79.05,81.2,627523,EQ,,,
11/5/2009,81,81.9,79.35,81.15,987145,EQ,,,
11/6/2009,81.75,82.7,81.1,82,573906,EQ,,,
11/9/2009,82.05,85.5,82,85.35,873622,EQ,,,
11/10/2009,85,87.1,84.6,85.15,936435,EQ,,,
11/11/2009,83.75,87,83.75,86.8,759590,EQ,,,
11/12/2009,86.45,87.1,85.4,85.85,784495,EQ,,,
11/13/2009,85.3,87.05,85.3,86.1,862291,EQ,,,
11/16/2009,86.15,87.5,85.95,86.2,606556,EQ,,,
11/17/2009,87.25,87.85,85.05,87.5,700690,EQ,,,
11/18/2009,85.6,87.75,85.6,87.5,946530,EQ,,,
11/19/2009,87.4,87.4,85.2,86,594112,EQ,,,
11/20/2009,85.45,88.1,85.45,87.7,765396,EQ,,,
11/23/2009,86.75,89,86.75,88.25,587322,EQ,,,
11/24/2009,87.5,89,87,88.85,440165,EQ,,,
11/25/2009,87.55,90.45,87.55,90.15,787479,EQ,,,
11/26/2009,87.5,90.5,87.5,88.05,802882,EQ,,,
11/27/2009,87.1,88.2,84.1,87.5,748776,EQ,,,
11/30/2009,88.25,89.35,87.1,88.3,875564,EQ,,,
12/1/2009,89,89.95,87.5,89.5,548753,EQ,,,
12/2/2009,89,90.7,88.8,90.35,1185166,EQ,,,
12/3/2009,89.45,91.2,89.45,90.35,487647,EQ,,,
12/4/2009,89.3,90.05,88.75,89.5,338928,EQ,,,
12/7/2009,89.5,90.4,89.25,89.85,455106,EQ,,,
12/8/2009,89.35,91.95,88.6,91.65,683064,EQ,,,
12/9/2009,90.3,91.75,89.6,90.2,803437,EQ,,,
12/10/2009,89.55,90.25,88.6,89.25,611696,EQ,,,
12/11/2009,89.45,89.95,88.15,89.25,597660,EQ,,,
12/14/2009,89.25,90,87.45,87.85,807112,EQ,,,
12/15/2009,86.85,88.35,84.5,85.05,854318,EQ,,,
12/16/2009,83.85,85.45,83.75,84.65,858092,EQ,,,
12/17/2009,84,84.85,83.35,83.6,659767,EQ,,,
12/18/2009,82.55,83.65,82.35,83.2,628178,EQ,,,
12/21/2009,83.2,83.55,82.35,82.65,859443,EQ,,,
12/22/2009,83,83.35,82.1,82.35,627431,EQ,,,
12/23/2009,82.5,85,82.5,84.5,1010437,EQ,,,
12/24/2009,85.1,86.2,84.2,85.55,371897,EQ,,,
12/29/2009,85.9,85.9,84.35,84.85,520229,EQ,,,
12/30/2009,85,85,83.75,84.6,426551,EQ,,,
12/31/2009,85,85.7,84.5,85.1,575822,EQ,,,
1/4/2010,85,86.4,84.65,85.3,305049,EQ,,,
1/5/2010,85.5,86.25,85.25,85.35,838660,EQ,,,
1/6/2010,85.7,86,84.4,85.4,663984,EQ,,,
1/7/2010,88.4,88.4,85.1,85.65,612398,EQ,,,
1/8/2010,85.6,86.15,85.05,85.75,708590,EQ,,,
1/11/2010,87.45,87.45,85.1,85.4,1376661,EQ,,,
1/12/2010,85.4,85.6,83.95,84.75,490705,EQ,,,
1/13/2010,84.25,84.75,83.3,84.45,1034675,EQ,,,
1/14/2010,85.5,85.7,83.5,84.2,1017264,EQ,,,
1/15/2010,84.9,84.95,83.55,84.7,1158173,EQ,,,
1/18/2010,84.5,88.9,84.1,88.35,2350146,EQ,,,
1/19/2010,88.25,89.45,87.65,88.95,1666422,EQ,,,
1/20/2010,89.25,89.5,87.15,87.8,1365211,EQ,,,
1/21/2010,88.05,88.05,85.25,85.6,1252347,EQ,,,
1/22/2010,84.8,85,82.7,83.85,947370,EQ,,,
1/25/2010,83,83.9,81.55,82.85,602879,EQ,,,
1/27/2010,83.05,83.05,79.35,79.85,1210779,EQ,,,
1/28/2010,80.5,80.95,78.85,79.65,1743223,EQ,,,
1/29/2010,79,81.85,77.6,81.55,1643517,EQ,,,
2/1/2010,81.4,81.4,79.25,80,751733,EQ,,,
2/2/2010,80.35,80.75,78.6,78.95,1033470,EQ,,,
2/3/2010,80,81.6,78.9,81.15,772767,EQ,,,
2/4/2010,80.9,81.25,79.3,80.85,860524,EQ,,,
2/5/2010,79.9,79.9,78.25,78.65,934694,EQ,,,
2/6/2010,79.45,79.45,78.35,78.8,42238,EQ,,,
2/8/2010,79.25,79.45,77.45,78.35,759060,EQ,,,
2/9/2010,78.35,78.9,77.6,78.6,1197375,EQ,,,
2/10/2010,78.75,80.85,78.2,79.7,1386668,EQ,,,
2/11/2010,80.2,81.65,79.5,79.9,726969,EQ,,,
2/15/2010,79.85,81,79.1,80.7,480249,EQ,,,
2/16/2010,80.25,81.15,79.5,80.3,717485,EQ,,,
2/17/2010,80.9,83.05,80.75,82.8,1239834,EQ,,,
2/18/2010,83.25,84.5,82.55,84.2,1000442,EQ,,,
2/19/2010,83.5,85,82.8,84.7,734599,EQ,,,
2/22/2010,85.05,86,84.5,84.85,664017,EQ,,,
2/23/2010,84.25,85.45,84.1,85.05,647289,EQ,,,
2/24/2010,84.5,85.5,84.4,85,560569,EQ,,,
2/25/2010,85.05,85.2,84.1,84.55,583697,EQ,,,
2/26/2010,84.5,86.75,84,85.25,935103,EQ,,,
3/2/2010,86.2,87.8,85.3,87.25,771465,EQ,,,
3/3/2010,87.15,89.05,87.15,88.85,1114796,EQ,,,
3/4/2010,88.75,89.35,87.65,89.05,1351442,EQ,,,
3/5/2010,89.3,89.75,88.55,89.2,1044965,EQ,,,
3/8/2010,90.5,90.5,88.65,89.2,737296,EQ,,,
3/9/2010,88.75,90.75,88.75,90.55,1239769,EQ,,,
3/10/2010,90.6,91,86.5,90.7,1496056,EQ,,,
3/11/2010,90.8,91.75,90.15,91.35,774523,EQ,,,
3/12/2010,91.35,91.5,89.3,90.05,747244,EQ,,,
3/15/2010,89,91,89,90.65,751296,EQ,,,
3/16/2010,90.25,90.5,88.2,90.25,1043625,EQ,,,
3/17/2010,90.25,91.25,89.9,90.4,479484,EQ,,,
3/18/2010,90.6,90.6,89.5,90.05,350197,EQ,,,
3/19/2010,90.75,91.25,89.9,91,633984,EQ,,,
3/22/2010,90.1,92.75,89.9,91.85,1530561,EQ,,,
3/23/2010,91.75,94.5,91.75,94.2,1015438,EQ,,,
3/25/2010,94,96.5,93.5,96.3,2329640,EQ,,,
3/26/2010,96.55,98.3,95.65,97.55,1155286,EQ,,,
3/29/2010,81.45,99.5,81.45,98.25,1322671,EQ,,,
3/30/2010,98.25,98.5,95.05,95.35,936998,EQ,,,
3/31/2010,95,97.15,94.85,96.7,682608,EQ,,,
4/1/2010,97.5,97.5,96.3,96.95,740922,EQ,,,
4/5/2010,97.95,98,96.2,97.4,712384,EQ,,,
4/6/2010,97.5,97.5,96.25,96.65,442144,EQ,,,
4/7/2010,97,97.4,96.3,96.6,537805,EQ,,,
4/8/2010,96.5,96.5,94.7,95.15,623883,EQ,,,
4/9/2010,94.5,97.85,94.5,97.45,620765,EQ,,,
4/12/2010,96.95,98.4,96.95,97.7,457064,EQ,,,
4/13/2010,97.5,98.15,96.55,97.6,634130,EQ,,,
4/15/2010,97.75,98.75,97.2,97.85,954736,EQ,,,
4/16/2010,97.25,98.7,96.3,98.2,523256,EQ,,,
4/19/2010,97.5,97.95,96.3,96.7,612083,EQ,,,
4/20/2010,96.45,97.85,96.45,97.25,543932,EQ,,,
4/21/2010,97.45,98,96.75,97.05,394450,EQ,,,
4/22/2010,96.95,98.5,95.4,96.7,689511,EQ,,,
4/23/2010,96.75,97.85,96.45,97.6,531706,EQ,,,
4/26/2010,97.9,99.85,97.9,99.5,789828,EQ,,,
4/27/2010,99.45,99.8,98.4,99,448447,EQ,,,
4/28/2010,97.9,99.35,97.9,98.4,571177,EQ,,,
4/29/2010,98.6,99.75,97.3,99.3,939645,EQ,,,
4/30/2010,99.9,100.5,99.15,100,710961,EQ,,,
5/3/2010,99.25,99.25,98.1,98.5,500707,EQ,,,
5/4/2010,99.25,99.25,96.6,96.85,458896,EQ,,,
5/5/2010,96.6,96.7,94,95.8,801427,EQ,,,
5/6/2010,95.25,95.8,93.85,94.8,526123,EQ,,,
5/7/2010,93.55,93.75,91.8,92.4,978581,EQ,,,
5/10/2010,93.15,96.9,91.5,96.7,642654,EQ,,,
5/11/2010,96.9,97.75,95.65,97.4,696465,EQ,,,
5/12/2010,97.45,99.05,97.45,98.75,687082,EQ,,,
5/13/2010,99.05,99.75,97.5,98.25,637219,EQ,,,
5/14/2010,98.2,98.65,97.1,97.6,470015,EQ,,,
5/17/2010,97.1,97.35,95.7,96.45,660360,EQ,,,
5/18/2010,95.9,96.25,94.5,94.8,612156,EQ,,,
5/19/2010,93.95,94.4,92.1,93.45,909008,EQ,,,
5/20/2010,93.7,93.8,91.8,92.55,338900,EQ,,,
5/21/2010,91,92.5,90.05,91.35,549862,EQ,,,
5/24/2010,91.75,93.4,90.55,91.25,481091,EQ,,,
5/25/2010,90.6,91,89.25,90.2,553435,EQ,,,
5/26/2010,90.65,92.65,90.6,91.4,700139,EQ,,,
5/27/2010,90.75,95.35,90.55,94.85,1130986,EQ,,,
5/28/2010,94.85,95.7,94.25,94.85,587925,EQ,,,
5/31/2010,94.8,94.95,93.25,94.4,438411,EQ,,,
6/1/2010,94.5,94.5,91.9,92.75,568273,EQ,,,
6/2/2010,92.4,93.15,91.4,92.65,945167,EQ,,,
6/3/2010,93.2,95.5,93.2,95.3,679689,EQ,,,
6/4/2010,95.3,95.5,94,94.3,509435,EQ,,,
6/7/2010,93.35,94.75,90.4,93.85,961913,EQ,,,
6/8/2010,94,94.85,92.65,93.15,567114,EQ,,,
6/9/2010,93,94.8,92.6,94.05,579234,EQ,,,
6/10/2010,94.05,96.1,93.15,95.8,851047,EQ,,,
6/11/2010,96.05,97.5,96.05,97.3,1081538,EQ,,,
6/14/2010,97.3,98.75,97.3,98.65,748898,EQ,,,
6/15/2010,98.75,99,97.65,98.2,456078,EQ,,,
6/16/2010,98.75,99.5,98.4,98.8,908429,EQ,,,
6/17/2010,99.15,99.95,98.4,99.8,798860,EQ,,,
6/18/2010,99.6,99.9,98.9,99.6,490140,EQ,,,
6/21/2010,100.1,100.5,99.5,99.95,710165,EQ,,,
6/22/2010,99.75,100,99.1,99.35,426244,EQ,,,
6/23/2010,99.25,100.2,98.8,99.95,424404,EQ,,,
6/24/2010,99.85,100.35,99,100.1,882655,EQ,,,
6/25/2010,99,99.6,97,97.4,723516,EQ,,,
6/28/2010,97.6,98.2,96.15,97.55,532908,EQ,,,
6/29/2010,97,97.45,94.8,95.2,795116,EQ,,,
6/30/2010,94.75,96.95,93.95,95.95,876756,EQ,,,
7/1/2010,95.6,96.5,94.75,95.35,578363,EQ,,,
7/2/2010,95.35,96.15,95,95.65,411250,EQ,,,
7/5/2010,95.05,96.45,94.9,95.75,258027,EQ,,,
7/6/2010,95.75,98.5,95.5,98.2,624803,EQ,,,
7/7/2010,98.45,98.45,96.55,96.85,396672,EQ,,,
7/8/2010,98,98.5,97.1,97.3,336292,EQ,,,
7/9/2010,97.75,100.6,97.5,100.15,1570118,EQ,,,
7/12/2010,100.45,102.8,100.35,102.45,1486928,EQ,,,
7/13/2010,102.6,104,101.85,103.65,625731,EQ,,,
7/14/2010,104,105.55,103.65,104.3,1055803,EQ,,,
7/15/2010,104.5,104.5,102.75,103.15,323873,EQ,,,
7/16/2010,103.2,103.3,101.55,101.95,471388,EQ,,,
7/19/2010,102.1,103.2,101.1,102.4,876558,EQ,,,
7/20/2010,102.4,104.45,101.8,102.2,668459,EQ,,,
7/21/2010,102.5,103.25,101.25,101.65,464235,EQ,,,
7/22/2010,101.5,103.15,101.25,102.85,557497,EQ,,,
7/23/2010,103.45,103.45,101.3,101.95,692181,EQ,,,
7/26/2010,102.25,103,101.7,102.6,303649,EQ,,,
7/27/2010,102.65,103.9,102.25,103.35,664591,EQ,,,
7/28/2010,103.6,104.5,103,104.3,657106,EQ,,,
7/29/2010,104.55,105.75,104.15,105.05,1126574,EQ,,,
7/30/2010,104.9,106.85,104,106.35,1169966,EQ,,,
8/2/2010,106.5,107.25,106.05,106.8,826334,EQ,,,
8/3/2010,107,107.2,105.6,106.1,811048,EQ,,,
8/4/2010,105.75,106.45,104.55,105.75,736735,EQ,,,
8/5/2010,103.25,106.35,103.25,105,735528,EQ,,,
8/6/2010,104.65,105.5,104.05,104.55,546044,EQ,,,
8/9/2010,104.5,105.2,103.55,104.1,261822,EQ,,,
8/10/2010,104.25,105.1,103.5,104.75,734727,EQ,,,
8/11/2010,105.05,105.65,103.9,104.5,733508,EQ,,,
8/12/2010,103.85,104.15,102.4,103.65,496943,EQ,,,
8/13/2010,103.1,105.05,102.9,104.4,524993,EQ,,,
8/16/2010,103.9,106.35,103.5,104.2,359334,EQ,,,
8/17/2010,105.4,106.8,104.05,106.05,1006591,EQ,,,
8/18/2010,106.5,109.95,106.5,109.6,1942217,EQ,,,
8/19/2010,109.25,112,109.25,111.5,1038196,EQ,,,
8/20/2010,110.6,112,110.25,111.55,419907,EQ,,,
8/23/2010,110.65,111.4,109.15,109.85,409743,EQ,,,
8/24/2010,109.85,111,108,110.45,534014,EQ,,,
8/25/2010,110.05,110.75,108.95,109.6,529561,EQ,,,
8/26/2010,108.95,110.7,108.3,108.9,1019405,EQ,,,
8/27/2010,109,109.5,106.3,106.95,577524,EQ,,,
8/30/2010,108,108.9,105.85,106.6,343823,EQ,,,
8/31/2010,106.25,107,105.6,106.7,469508,EQ,,,
9/1/2010,106.8,107.75,106,107.45,480810,EQ,,,
9/2/2010,108,109.75,108,109.35,579533,EQ,,,
9/3/2010,109.7,110,108.4,109.7,405908,EQ,,,
9/6/2010,109.9,111,109.25,110.2,477322,EQ,,,
9/7/2010,110.8,110.8,109.15,109.95,420392,EQ,,,
9/8/2010,109.4,110,108.55,109,498480,EQ,,,
9/9/2010,109.75,112.5,109.15,112.25,1301479,EQ,,,
9/13/2010,112.5,114.75,112.4,114.1,729779,EQ,,,
9/14/2010,114.3,117.5,114.3,116.7,1634873,EQ,,,
9/15/2010,116.95,119.2,116.8,118.75,1275158,EQ,,,
9/16/2010,118.8,120.75,117.75,119.75,1276739,EQ,,,
9/17/2010,119.75,121.3,119.35,120.05,1075157,EQ,,,
9/20/2010,120.15,123.5,119.8,122.3,754773,EQ,,,
9/21/2010,122.75,124.75,122.75,123.55,1635539,EQ,,,
9/22/2010,123.5,124.5,122.5,124.1,1252451,EQ,,,
9/23/2010,123.6,124.1,122.65,123.2,619017,EQ,,,
9/24/2010,120.4,125.1,120.4,124.75,1395531,EQ,,,
9/27/2010,125,125.55,121.7,121.9,833872,EQ,,,
9/28/2010,121.9,123.1,121.05,122.5,943211,EQ,,,
9/29/2010,123.7,123.7,121.3,122.15,779786,EQ,,,
9/30/2010,121.5,124.95,121.35,124.45,1847989,EQ,,,
10/1/2010,124.6,125.2,123.1,125.05,886513,EQ,,,
10/4/2010,125.05,126.15,124.15,124.7,699023,EQ,,,
10/5/2010,124.05,125.5,121.85,122.4,859833,EQ,,,
10/6/2010,122.75,124,122.5,122.85,410994,EQ,,,
10/7/2010,122.85,123.5,121.35,121.7,450642,EQ,,,
10/8/2010,121.75,122.4,119.5,120.3,745343,EQ,,,
10/11/2010,122.05,122.05,118.35,119.4,991002,EQ,,,
10/12/2010,119.9,120,117,119,780990,EQ,,,
10/13/2010,119.25,122.5,118.35,122.05,1028670,EQ,,,
10/14/2010,122.25,122.8,120.5,121.2,385363,EQ,,,
10/15/2010,121.2,122.15,119,119.3,586327,EQ,,,
10/18/2010,127,127,117.65,119.9,827510,EQ,,,
10/19/2010,121.15,121.15,117.95,118.45,832452,EQ,,,
10/20/2010,118.45,118.6,116.4,116.8,493023,EQ,,,
10/21/2010,116.5,118.75,115.85,118.25,729753,EQ,,,
10/22/2010,119,119,115.9,116.35,647519,EQ,,,
10/25/2010,116.8,118.4,114.95,115.25,862979,EQ,,,
10/26/2010,115.4,116.3,114.55,115.05,506972,EQ,,,
10/27/2010,115.3,115.3,112,112.7,822033,EQ,,,
10/28/2010,112.8,115.8,112.05,113.35,2106923,EQ,,,
10/29/2010,114,114.9,111.85,114,813243,EQ,,,
11/1/2010,114.9,118.3,114.25,117.45,1013480,EQ,,,
11/2/2010,118.25,119.35,117.15,117.5,556102,EQ,,,
11/3/2010,118.05,118.6,117.55,118.1,354076,EQ,,,
11/4/2010,119.5,120.25,118.4,119.45,485816,EQ,,,
11/5/2010,120,120.35,119.25,119.65,39254,EQ,,,
11/8/2010,119.65,120,116.25,116.75,425546,EQ,,,
11/9/2010,117,120.35,116.5,119.9,685805,EQ,,,
11/10/2010,120,121,119.15,119.8,446717,EQ,,,
11/11/2010,119.25,120.45,116.8,117.65,336437,EQ,,,
11/12/2010,117.25,118.95,115.25,115.75,620155,EQ,,,
11/15/2010,115.75,119.6,115.7,119.3,1140798,EQ,,,
11/16/2010,120,120,116.25,118.65,914967,EQ,,,
11/18/2010,120.95,120.95,115.95,117,831599,EQ,,,
11/19/2010,117.25,118.2,114.6,115.2,587634,EQ,,,
11/22/2010,116.05,119.55,115.3,119,551095,EQ,,,
11/23/2010,118.25,119,115.35,118.6,570812,EQ,,,
11/24/2010,117.7,118.7,114.5,115.55,412875,EQ,,,
11/25/2010,116.25,117.95,114.6,116.15,1134387,EQ,,,
11/26/2010,116.3,117,113.8,114.9,756969,EQ,,,
11/29/2010,115,115.9,114.25,114.9,590943,EQ,,,
11/30/2010,114.85,116.7,112.9,114.25,862678,EQ,,,
12/1/2010,114.45,118.75,114,118.35,804072,EQ,,,
12/2/2010,118.9,120,117.65,119.6,736928,EQ,,,
12/3/2010,119.75,120,118.6,119.8,396179,EQ,,,
12/6/2010,121,121.25,118.75,119.15,468156,EQ,,,
12/7/2010,119,119.5,116.4,117.6,859735,EQ,,,
12/8/2010,117,117,113.25,114,1174422,EQ,,,
12/9/2010,113.65,114.2,110.95,111.6,1828392,EQ,,,
12/10/2010,110,111.6,108.5,111.1,2062123,EQ,,,
12/13/2010,112.15,112.25,109.05,111.95,791168,EQ,,,
12/14/2010,112.35,113.8,110.6,111.9,592208,EQ,,,
12/15/2010,111.5,111.5,107.5,108.15,1121021,EQ,,,
12/16/2010,108.15,111,107.5,110.05,975918,EQ,,,
12/20/2010,110,110,107.55,108.6,516122,EQ,,,
12/21/2010,108.65,110.95,108.6,110.7,617558,EQ,,,
12/22/2010,111.65,112,108.5,108.95,750324,EQ,,,
12/23/2010,109,110.2,108.7,109.55,326327,EQ,,,
12/24/2010,109.45,111.25,108.75,110.9,351671,EQ,,,
12/27/2010,110.95,111.5,109.85,110.7,377063,EQ,,,
12/28/2010,111.2,113.45,110.75,112.8,467503,EQ,,,
12/29/2010,112.8,116.85,112.7,116.4,807104,EQ,,,
12/30/2010,116.8,117.15,114.4,115.3,725235,EQ,,,
12/31/2010,115.25,118.25,114.6,117.3,824891,EQ,,,
1/3/2011,118.5,120,117.5,119.5,539839,EQ,,,
1/4/2011,119.3,119.4,116.65,117.3,828413,EQ,,,
1/5/2011,117.5,117.5,114.9,115.4,782592,EQ,,,
1/6/2011,115.8,117.15,115.45,116.4,543509,EQ,,,
1/7/2011,116.3,116.3,113.05,113.45,794801,EQ,,,
1/10/2011,112.8,113.5,106.9,107.6,2007086,EQ,,,
1/11/2011,108.5,110.95,106.25,107.35,1215759,EQ,,,
1/12/2011,108.45,110.7,105.35,110.25,990533,EQ,,,
1/13/2011,110.45,110.85,106.3,107.15,948601,EQ,,,
1/14/2011,107.5,110.4,101.5,102.5,1279141,EQ,,,
1/17/2011,103,104.65,102.55,103.4,1228082,EQ,,,
1/18/2011,104.35,105.8,102.35,105.45,842016,EQ,,,
1/19/2011,105.6,105.7,103.15,103.75,899205,EQ,,,
1/20/2011,103.45,106.7,102.3,105.9,963854,EQ,,,
1/21/2011,105.2,106.25,103.8,104.7,829761,EQ,,,
1/24/2011,104.75,107.7,103.65,107.45,1277416,EQ,,,
1/25/2011,107.55,108.75,103.5,104.2,1411054,EQ,,,
1/27/2011,105,105,102.05,102.55,1894558,EQ,,,
1/28/2011,102.75,104.45,102.1,102.7,1779842,EQ,,,
1/31/2011,102.15,103.15,99.8,102.35,1111803,EQ,,,
2/1/2011,103.85,103.85,100.75,102,855123,EQ,,,
2/2/2011,102.6,103.2,100.3,101,976217,EQ,,,
2/3/2011,101,103.6,100.5,103.05,579603,EQ,,,
2/4/2011,102.55,104.25,100.25,100.9,925320,EQ,,,
2/7/2011,102.25,103,101,101.95,855946,EQ,,,
2/8/2011,103,103,99.25,100.15,719599,EQ,,,
2/9/2011,99.9,101.75,99.05,101.1,735758,EQ,,,
2/10/2011,100.8,102.45,100,100.8,1153559,EQ,,,
2/11/2011,99.75,103,99.75,102.95,1010342,EQ,,,
2/14/2011,102.5,105.5,102.5,105.25,592236,EQ,,,
2/15/2011,105.5,106.4,103.75,105.35,759973,EQ,,,
2/16/2011,105.7,106.1,104.25,104.75,455079,EQ,,,
2/17/2011,105,109.7,104.75,109.3,1180492,EQ,,,
2/18/2011,109.2,112.15,108.25,108.8,1976787,EQ,,,
2/21/2011,108.25,110.4,106.6,110.1,560051,EQ,,,
2/22/2011,109.5,109.6,106.25,106.9,579643,EQ,,,
2/23/2011,106.25,107.65,105,105.7,611422,EQ,,,
2/24/2011,104.35,105.95,102.3,102.95,1002777,EQ,,,
2/25/2011,104.35,104.35,100.9,102.1,630996,EQ,,,
2/28/2011,103.2,106.05,101.75,102.6,1098136,EQ,,,
3/1/2011,103.75,107.5,102.95,106.95,1025058,EQ,,,
3/3/2011,106.75,111.1,106.5,109.65,1266882,EQ,,,
3/4/2011,110.5,111.65,110.3,110.9,985494,EQ,,,
3/7/2011,110.2,110.2,107.55,108.65,642784,EQ,,,
3/8/2011,107.9,110.9,107.8,110.3,898557,EQ,,,
3/9/2011,110.5,111.95,109.75,110.3,904199,EQ,,,
3/10/2011,109.6,110.75,109.1,110.4,747031,EQ,,,
3/11/2011,109.1,110.85,108.75,109.3,655395,EQ,,,
3/14/2011,108.6,110.95,108.6,110.75,654144,EQ,,,
3/15/2011,108.5,110.4,106.5,109.25,1380100,EQ,,,
3/16/2011,109.8,110.25,108.95,109.2,580534,EQ,,,
3/17/2011,108.5,111.65,108.3,109.1,1676062,EQ,,,
3/18/2011,109,109.8,107.1,107.45,482212,EQ,,,
3/21/2011,108.5,108.95,107.3,107.7,615935,EQ,,,
3/22/2011,107.95,108.65,107.1,107.6,471527,EQ,,,
3/23/2011,107.5,109.1,107.25,108.2,465735,EQ,,,
3/24/2011,108.95,109.95,108.4,109.65,441381,EQ,,,
3/25/2011,110.35,113.75,110,113.25,890148,EQ,,,
3/28/2011,113.25,115.6,113.25,114.85,1093031,EQ,,,
3/29/2011,115.5,116.2,114.25,115.25,1081830,EQ,,,
3/30/2011,115.75,118.2,115.3,117.1,1109742,EQ,,,
3/31/2011,117.5,119.8,115.25,117.3,1893191,EQ,,,
4/1/2011,117.65,118.25,116.15,116.7,436929,EQ,,,
4/4/2011,117,120.25,117,120.05,632227,EQ,,,
4/5/2011,120,120.5,118.4,119.8,841266,EQ,,,
4/6/2011,119.55,119.75,117.55,118.8,646986,EQ,,,
4/7/2011,118.75,118.9,117,117.75,655816,EQ,,,
4/8/2011,117.7,119.25,117.25,117.6,772017,EQ,,,
4/11/2011,116.25,116.9,114.45,114.8,1120818,EQ,,,
4/13/2011,113.95,119.2,113.75,118.45,903389,EQ,,,
4/15/2011,118.75,119.6,117.2,118.15,859093,EQ,,,
4/18/2011,118.95,120,115.2,115.6,1035327,EQ,,,
4/19/2011,117,117.95,116.2,117.4,746243,EQ,,,
4/20/2011,118.05,119.45,117.4,118.6,654807,EQ,,,
4/21/2011,119.1,120.85,119.1,120.55,1620535,EQ,,,
4/25/2011,121.15,122.05,119.3,119.55,632287,EQ,,,
4/26/2011,119.35,119.9,117,118,632185,EQ,,,
4/27/2011,118.8,118.95,116.3,117.65,714765,EQ,,,
4/28/2011,118.15,118.45,116.5,116.9,1338482,EQ,,,
4/29/2011,116.25,117,114.05,114.8,931294,EQ,,,
5/2/2011,115.3,115.8,113.1,114.5,707837,EQ,,,
5/3/2011,114.45,114.8,111.1,111.8,1074028,EQ,,,
5/4/2011,112.2,114.25,110.4,113.05,1321061,EQ,,,
5/5/2011,112.8,113.75,110.5,111,934949,EQ,,,
5/6/2011,111.25,116,111.25,114.85,1077573,EQ,,,
5/9/2011,115.1,115.75,112.4,113.95,389859,EQ,,,
5/10/2011,113.9,113.9,111.25,112.3,652322,EQ,,,
5/11/2011,113,113.45,111.05,113.05,491085,EQ,,,
5/12/2011,112.5,113.25,111.75,112,473943,EQ,,,
5/13/2011,111.6,114.5,111.3,112.55,582307,EQ,,,
5/16/2011,112.25,113.3,111.8,112.65,627062,EQ,,,
5/17/2011,112.6,113.7,112.05,112.6,611194,EQ,,,
5/18/2011,112.9,113.9,112.15,113.35,693548,EQ,,,
5/19/2011,113.5,114.2,112.9,113.7,751127,EQ,,,
5/20/2011,113.5,116,112.75,115.8,1191387,EQ,,,
5/23/2011,114.75,114.95,112.3,113.25,1004640,EQ,,,
5/24/2011,112.7,114.6,112.4,112.75,450244,EQ,,,
5/25/2011,112.5,113.35,112.25,112.75,415744,EQ,,,
5/26/2011,112.75,113.85,112,113.2,994995,EQ,,,
5/27/2011,113.25,115.6,113.15,115.2,583102,EQ,,,
5/30/2011,115.2,116.4,114.85,115.4,392475,EQ,,,
5/31/2011,116.25,120.45,115.75,120,1769673,EQ,,,
6/1/2011,119.5,120.35,118.75,119.9,657167,EQ,,,
6/2/2011,117.75,118.35,117.25,118,672276,EQ,,,
6/3/2011,118,118.55,117.4,117.85,598853,EQ,,,
6/6/2011,117.25,119.5,117.25,119.05,584280,EQ,,,
6/7/2011,118.25,119.55,118.2,118.8,406347,EQ,,,
6/8/2011,117.8,118.6,117.4,117.75,513939,EQ,,,
6/9/2011,117.75,118.75,117.1,118.15,322994,EQ,,,
6/10/2011,118.4,118.7,116.5,118.1,437191,EQ,,,
6/13/2011,117.65,119,117.2,118.65,391778,EQ,,,
6/14/2011,118.9,119.9,118.3,119.1,621660,EQ,,,
6/15/2011,119,119.8,118.35,118.65,703894,EQ,,,
6/16/2011,118.2,118.6,116.9,117.15,421265,EQ,,,
6/17/2011,117.5,118.3,116.7,117.45,710674,EQ,,,
6/20/2011,117.1,118.05,113.6,114.95,781285,EQ,,,
6/21/2011,115.1,117.2,115.1,116.3,507886,EQ,,,
6/22/2011,116.6,117.4,115.6,116.15,309158,EQ,,,
6/23/2011,115.95,116.95,115.5,116.7,413379,EQ,,,
6/24/2011,117.45,119.5,117.1,119.15,828773,EQ,,,
6/27/2011,119.15,121.6,118.65,120.8,1025619,EQ,,,
6/28/2011,121.45,121.5,120.25,121.15,609681,EQ,,,
6/29/2011,121.75,124.95,121.75,124.45,1025244,EQ,,,
6/30/2011,124.95,126.25,123.8,125.8,1342060,EQ,,,
7/1/2011,127,127.4,123.9,125.05,665242,EQ,,,
7/4/2011,126.75,127.1,125.6,126.6,716168,EQ,,,
7/5/2011,126.1,127.6,125.7,127.05,531864,EQ,,,
7/6/2011,126.75,128,125.75,127.25,589287,EQ,,,
7/7/2011,127.3,128.75,126.7,128.3,738902,EQ,,,
7/8/2011,128.3,129.15,127.7,127.95,754468,EQ,,,
7/11/2011,127.95,128.2,125.75,126.2,397250,EQ,,,
7/12/2011,125.5,125.5,123,124,736090,EQ,,,
7/13/2011,124.5,126.45,123.9,126,372091,EQ,,,
7/14/2011,126.3,128.3,124.7,126.5,2338586,EQ,,,
7/15/2011,126.6,127.6,125.75,127.25,1372538,EQ,,,
7/18/2011,128,129.7,127,128.75,1552474,EQ,,,
7/19/2011,129.4,129.75,127.1,127.7,4263166,EQ,,,
7/20/2011,129.1,129.1,125.5,125.8,1852161,EQ,,,
7/21/2011,126.2,126.2,123.6,124.1,3220256,EQ,,,
7/22/2011,125,126.75,124.7,125.4,3158530,EQ,,,
7/25/2011,125.4,126.6,124.3,126.3,3342607,EQ,,,
7/26/2011,126.35,127.55,123.8,124.5,2645382,EQ,,,
7/27/2011,124.85,126,123,125.5,2765678,EQ,,,
7/28/2011,124.9,124.9,121.15,121.8,5354489,EQ,,,
7/29/2011,122.45,122.45,120.3,121.7,2997667,EQ,,,
8/1/2011,123.35,124,121.1,122,2202354,EQ,,,
8/2/2011,121.95,121.95,120,120.7,1982494,EQ,,,
8/3/2011,119.7,122.35,119,120.5,2082567,EQ,,,
8/4/2011,121,122.2,118.75,119.1,1829606,EQ,,,
8/5/2011,116.25,118.95,114.3,118.25,3156094,EQ,,,
8/8/2011,115.75,120,114.5,115.5,4308373,EQ,,,
8/9/2011,112.5,118.4,112.45,116.1,4490924,EQ,,,
8/10/2011,123.7,123.7,118.35,119.95,3267226,EQ,,,
8/11/2011,119.7,121.2,118.75,120,2102304,EQ,,,
8/12/2011,121.3,121.5,116,117,2853388,EQ,,,
8/16/2011,119.6,119.6,113.65,114.1,3055648,EQ,,,
8/17/2011,114,118.1,113.95,116.9,3134201,EQ,,,
8/18/2011,117.1,118.7,114.65,115.6,5722113,EQ,,,
8/19/2011,113.75,115.9,112.5,115.2,4480259,EQ,,,
8/22/2011,115,116,112.7,113.25,2977249,EQ,,,
8/23/2011,114.35,115.6,111.3,114.85,4036273,EQ,,,
8/24/2011,114.5,115.6,113.1,114,3185614,EQ,,,
8/25/2011,114.85,114.85,110.2,110.9,5800210,EQ,,,
8/26/2011,111,112.65,109,109.75,2130956,EQ,,,
8/29/2011,111.1,114.5,110.8,114.1,2900099,EQ,,,
8/30/2011,115.5,118.75,114.7,118,3897324,EQ,,,
9/2/2011,121,121,117,118.2,3797737,EQ,,,
9/5/2011,117.45,118.5,115.65,117.55,2950179,EQ,,,
9/6/2011,117.15,119.1,115,118.2,4465198,EQ,,,
9/7/2011,119,122.5,118.2,122,3686643,EQ,,,
9/8/2011,122.4,122.4,119.8,120.9,2041012,EQ,,,
9/9/2011,120.95,121.4,117.7,118.3,2582854,EQ,,,
9/12/2011,116.75,117.8,115.6,117.35,1746380,EQ,,,
9/13/2011,117.75,118.95,116,116.9,1793988,EQ,,,
9/14/2011,116.85,120.8,115.25,119.7,1937252,EQ,,,
9/15/2011,121.45,122,117.9,121.15,2184190,EQ,,,
9/16/2011,121.55,122.5,119.1,120.9,2736752,EQ,,,
9/19/2011,120.45,121.75,119.3,121.2,2097305,EQ,,,
9/20/2011,121.25,123.3,120.75,122.85,2958817,EQ,,,
9/21/2011,123.2,124.4,122.1,123.6,3222849,EQ,,,
9/22/2011,121.95,122.25,116.4,118.1,2547772,EQ,,,
9/23/2011,117.15,117.5,113.1,114.1,8227806,EQ,,,
9/26/2011,114,114.4,109.85,112.5,6946267,EQ,,,
9/27/2011,114.5,115.45,113.5,114.35,4005709,EQ,,,
9/28/2011,115.6,116.35,112.95,114.5,3805938,EQ,,,
9/29/2011,114.4,118.7,113.15,117.65,8133246,EQ,,,
9/30/2011,116.45,118.7,116.1,116.9,4757200,EQ,,,
10/3/2011,115,116.2,112.7,114,4534059,EQ,,,
10/4/2011,113.1,114,110.1,112.2,3740798,EQ,,,
10/5/2011,112.25,114.05,109.15,109.7,4133748,EQ,,,
10/7/2011,113.2,115,111.55,112.5,4721751,EQ,,,
10/10/2011,113,114.5,112.5,113.7,6031496,EQ,,,
10/11/2011,115.2,116.2,113.8,114.4,2496879,EQ,,,
10/12/2011,115.5,117.45,113.35,116.8,4483890,EQ,,,
10/13/2011,118.75,119.05,116.9,117.65,2933351,EQ,,,
10/14/2011,117.25,119.1,116.35,118.45,1667510,EQ,,,
10/17/2011,119.15,120.1,118.1,119.5,1771816,EQ,,,
10/18/2011,118.45,120.35,118,119.5,2027255,EQ,,,
10/19/2011,120.75,123.65,119.8,122.95,4344521,EQ,,,
10/20/2011,122,123.1,120.15,122.4,2838426,EQ,,,
10/21/2011,122.5,122.95,120.8,121.75,2290366,EQ,,,
10/24/2011,123.2,124.25,120.75,121.1,2435773,EQ,,,
10/25/2011,121.95,122.7,112.15,117,20657505,EQ,,,
10/26/2011,118,118.7,117.5,118,499071,EQ,,,
10/28/2011,121.5,123.6,119.95,120.65,4509612,EQ,,,
10/31/2011,120.75,122.95,119.3,122.5,3212854,EQ,,,
11/1/2011,121.3,123.25,120,120.6,3324879,EQ,,,
11/2/2011,119.7,122,119.4,120.8,2527955,EQ,,,
11/3/2011,120.25,121.2,118,120.45,2626409,EQ,,,
11/4/2011,121.7,121.95,120.1,120.75,1700805,EQ,,,
11/8/2011,120.75,121.85,119.6,121.05,2098202,EQ,,,
11/9/2011,121.25,121.4,118.8,119.3,2151247,EQ,,,
11/11/2011,118.9,119.6,115.65,116,2302509,EQ,,,
11/14/2011,117.45,119.95,117.25,117.85,3057141,EQ,,,
11/15/2011,117.7,119.45,117.45,118.05,2911073,EQ,,,
11/16/2011,117.5,118,115.1,116.4,1779400,EQ,,,
11/17/2011,115.8,117.5,114.15,114.85,2694342,EQ,,,
11/18/2011,113.8,115.4,112.5,114.6,2930186,EQ,,,
11/21/2011,114,114,110,111.15,2548509,EQ,,,
11/22/2011,111.75,112.4,110,111,3804576,EQ,,,
11/23/2011,110.45,110.45,103.55,106.5,6391409,EQ,,,
11/24/2011,107.2,108.75,102.8,107.4,7221297,EQ,,,
11/25/2011,106.95,108.7,104.75,107.7,4726617,EQ,,,
11/28/2011,109,111.25,108.5,110.2,2722929,EQ,,,
11/29/2011,111,111.4,108.05,108.8,3707756,EQ,,,
11/30/2011,107.3,112.4,107.3,110.6,7053637,EQ,,,
12/1/2011,114.75,116.75,112.35,113.4,3482446,EQ,,,
12/2/2011,113.8,116.95,113.3,116.5,2809257,EQ,,,
12/5/2011,115.9,116.85,114.5,115.6,2188307,EQ,,,
12/7/2011,117.5,117.7,115.5,116.8,2793236,EQ,,,
12/8/2011,116.75,116.9,112.8,113.45,3139250,EQ,,,
12/9/2011,111.75,112.8,110.1,110.95,3401728,EQ,,,
12/12/2011,112,112.75,106.6,108,3017789,EQ,,,
12/13/2011,107,111.35,106.5,109.6,3731470,EQ,,,
12/14/2011,109.75,110.95,107.55,108.6,6076681,EQ,,,
12/15/2011,107.25,109,106.75,107.85,6740035,EQ,,,
12/16/2011,108.5,110.1,102.5,103.8,7356205,EQ,,,
12/19/2011,103,103.25,100.05,101.5,8085381,EQ,,,
12/20/2011,101.5,105.4,101,103.55,4995892,EQ,,,
12/21/2011,106.5,109.85,104.45,108.85,3746720,EQ,,,
12/22/2011,107.9,111.2,107.2,110.7,3394017,EQ,,,
12/23/2011,111.05,111.6,109,109.4,1713825,EQ,,,
12/26/2011,109.75,111.35,109.25,110.9,1141190,EQ,,,
12/27/2011,110.1,110.9,108.9,109.9,1573559,EQ,,,
12/28/2011,110.6,110.75,108.25,109.95,1917085,EQ,,,
12/29/2011,108.9,110.5,106.5,107.4,2732657,EQ,,,
12/30/2011,108.45,108.5,105.5,106.7,1919104,EQ,,,
1/2/2012,107.2,107.45,104.9,106.7,1757499,EQ,,,
1/3/2012,107.85,110.2,107.5,109.8,1719619,EQ,,,
1/4/2012,110.45,111.25,107.7,110.8,2435739,EQ,,,
1/5/2012,111,111.7,110.1,110.9,1690303,EQ,,,
1/6/2012,110.25,114.3,109.75,113.3,1988611,EQ,,,
1/7/2012,113.25,113.3,112.5,112.75,141272,EQ,,,
1/9/2012,112.95,114.3,111.5,113.9,2115984,EQ,,,
1/10/2012,115,115.6,114,114.9,2245693,EQ,,,
1/11/2012,115.1,116,113.75,115.65,1929778,EQ,,,
1/12/2012,115.4,117.3,115.3,116.65,1993861,EQ,,,
1/13/2012,117.5,118.25,115.25,117.4,1845421,EQ,,,
1/16/2012,116.7,116.95,114.55,115.1,1595855,EQ,,,
1/17/2012,115.95,117.25,115.75,117.1,1830504,EQ,,,
1/18/2012,118.2,121.35,117.4,120.45,5034311,EQ,,,
1/19/2012,121.5,122.55,120.1,121.7,4210544,EQ,,,
1/20/2012,122.5,123.35,120.1,122.65,3597565,EQ,,,
1/23/2012,121.5,121.95,120.2,121,1883432,EQ,,,
1/24/2012,121.3,123.3,120.15,122.2,3765988,EQ,,,
1/25/2012,122.55,123.25,121.45,122.55,3704775,EQ,,,
1/27/2012,125.95,126,119.9,121.05,3719409,EQ,,,
1/30/2012,120.75,120.75,118.25,119.75,2493754,EQ,,,
1/31/2012,120.9,123.75,119.95,123,2663462,EQ,,,
2/1/2012,123.6,124.9,120.35,124.3,3005149,EQ,,,
2/2/2012,124.75,125,122.8,124.45,5710427,EQ,,,
2/3/2012,124.4,127,123.8,126.55,3728751,EQ,,,
2/6/2012,127.5,129,125,126.9,4359656,EQ,,,
2/7/2012,128.5,128.85,127,127.3,3018927,EQ,,,
2/8/2012,127.7,129.45,125.7,127.1,3465287,EQ,,,
2/9/2012,126.4,131.5,126.4,130.6,4340256,EQ,,,
2/10/2012,130.7,131.4,128.5,129.4,2878793,EQ,,,
2/13/2012,129.65,131.25,128.95,130.5,3653581,EQ,,,
2/14/2012,130.6,130.95,128.75,129.45,3278707,EQ,,,
2/15/2012,130.1,133.7,129.3,133.25,4844896,EQ,,,
2/16/2012,132.75,134.45,130.8,131.6,2031066,EQ,,,
2/17/2012,132.8,133.25,130,132.05,3554912,EQ,,,
2/21/2012,131.5,133.4,130.1,133,3707784,EQ,,,
2/22/2012,132.5,134.7,131.65,132.85,3480777,EQ,,,
2/23/2012,131.8,134,131.8,133.3,4273937,EQ,,,
2/24/2012,131.8,133.85,128.85,131.15,4095042,EQ,,,
2/27/2012,131.7,132.85,128,128.9,3830323,EQ,,,
2/28/2012,129.8,133.35,128.3,132.6,3700287,EQ,,,
2/29/2012,133.45,134.95,128.35,129.3,4997159,EQ,,,
3/1/2012,129.25,130.55,126.3,128.5,3049623,EQ,,,
3/2/2012,128.5,131.25,126.95,129.7,2029174,EQ,,,
3/3/2012,129.5,130.4,129.5,129.8,77945,EQ,,,
3/5/2012,130,130.25,126.4,127.75,2512843,EQ,,,
3/6/2012,127.45,130.25,125.8,126.85,2899297,EQ,,,
3/7/2012,126.7,129.5,124.4,128.9,1894409,EQ,,,
3/9/2012,130.5,131.75,129.9,130.8,2328761,EQ,,,
3/12/2012,133.5,133.6,129.25,129.75,2804346,EQ,,,
3/13/2012,130.75,131.9,130.1,131.1,2769857,EQ,,,
3/14/2012,132,132.5,130.35,132.05,2930281,EQ,,,
3/15/2012,132,132.5,127.25,127.7,3734799,EQ,,,
3/16/2012,127.5,131.2,126.25,126.95,3202652,EQ,,,
3/19/2012,127.5,127.5,123.8,124.7,3824942,EQ,,,
3/20/2012,124,127.7,123.25,126.35,1581068,EQ,,,
3/21/2012,125.75,129.45,125.75,128.9,3005393,EQ,,,
3/22/2012,128.45,130.6,125,126.05,2820016,EQ,,,
3/23/2012,127.4,129.7,125.25,128.5,2011791,EQ,,,
3/26/2012,128.4,129.1,126.4,127.9,2458229,EQ,,,
3/27/2012,128.75,130.45,128,129.7,2964338,EQ,,,
3/28/2012,129.6,129.6,127.5,128.35,2174873,EQ,,,
3/29/2012,127,128.5,126.25,127.5,4056279,EQ,,,
3/30/2012,128,130.95,127.45,129.95,2796244,EQ,,,
4/2/2012,129.5,132.5,129,132.1,1382733,EQ,,,
4/3/2012,133.25,134.1,132,132.55,3230203,EQ,,,
4/4/2012,131.3,132.25,131.1,131.6,1043769,EQ,,,
4/9/2012,130.95,131.55,130,130.45,1259185,EQ,,,
4/10/2012,130.85,131.5,128.95,131.2,1458518,EQ,,,
4/11/2012,130.45,132.75,129.3,131.6,1865812,EQ,,,
4/12/2012,131.25,133.6,131.05,132.6,3025822,EQ,,,
4/13/2012,134.1,134.45,130.95,132.35,2458357,EQ,,,
4/16/2012,132.2,132.75,131,132.45,4349021,EQ,,,
4/17/2012,133,133.95,130.3,132.55,3916452,EQ,,,
4/18/2012,133.25,134.95,133.25,134.4,3000071,EQ,,,
4/19/2012,135,138.9,134.3,138.5,4091669,EQ,,,
4/20/2012,138.05,139.5,136.6,137.8,3931275,EQ,,,
4/23/2012,138,139,135.8,136.35,2109412,EQ,,,
4/24/2012,136.5,136.6,134.85,135.45,2190195,EQ,,,
4/25/2012,136,137.4,134.5,136.65,2694597,EQ,,,
4/26/2012,136.25,137.5,134.75,135.1,2334738,EQ,,,
4/27/2012,135.5,136.5,133.55,135.3,1137255,EQ,,,
4/28/2012,136,136.2,135.6,135.9,46322,EQ,,,
4/30/2012,135.95,137.25,135.1,135.6,1509755,EQ,,,
5/2/2012,135.2,137.75,135.2,137.45,2244587,EQ,,,
5/3/2012,136.4,139.5,136.35,138.5,3428637,EQ,,,
5/4/2012,137.8,138.4,133.65,134.4,3087972,EQ,,,
5/7/2012,132.95,133.6,129.1,133.05,4178172,EQ,,,
5/8/2012,133.2,134.1,128.3,128.85,2820770,EQ,,,
5/9/2012,128.4,130.65,126.35,128.15,3755998,EQ,,,
5/10/2012,127.75,130.7,127.5,129.4,3021095,EQ,,,
5/11/2012,128.3,130,127.05,127.65,2012521,EQ,,,
5/14/2012,127.7,127.95,123.5,125.15,2758712,EQ,,,
5/15/2012,124,126.1,124,124.8,2004866,EQ,,,
5/16/2012,123.5,124.7,121.5,123.8,4240218,EQ,,,
5/17/2012,124.25,126.6,123.75,124.45,2904630,EQ,,,
5/18/2012,122.45,125.95,122.25,125.15,2403604,EQ,,,
5/21/2012,125.05,126.95,123.5,124.35,2135585,EQ,,,
5/22/2012,125.95,126.25,121.75,122.3,2774203,EQ,,,
5/23/2012,122.5,123.2,120.55,121.8,3173972,EQ,,,
5/24/2012,123.25,125.7,121.25,124.9,2884811,EQ,,,
5/25/2012,124.95,125.8,123.9,125,2798643,EQ,,,
5/28/2012,125.3,127.65,125,127.2,3051713,EQ,,,
5/29/2012,127.5,128,125.5,126.25,2643256,EQ,,,
5/30/2012,125,126.35,124.15,125.15,2541820,EQ,,,
5/31/2012,124,127.2,123.85,126.55,4759780,EQ,,,
6/1/2012,126,126.8,122.5,122.6,2927187,EQ,,,
6/4/2012,122,124.6,121.25,123.9,2840242,EQ,,,
6/5/2012,125,126.2,124.6,125.4,2677678,EQ,,,
6/6/2012,126.2,130.75,125.9,129.95,6272923,EQ,,,
6/7/2012,131.05,134.9,130.75,134.45,4950123,EQ,,,
6/8/2012,135.2,135.7,132.75,134.8,4830686,EQ,,,
6/11/2012,135.3,137.2,134.6,135.5,3267971,EQ,,,
6/12/2012,134.7,137.7,134.5,137.4,2813460,EQ,,,
6/13/2012,137.75,138.1,134.95,135.45,2016183,EQ,,,
6/14/2012,135,136.85,133.15,133.6,2160638,EQ,,,
6/15/2012,133.75,137.4,133.75,136.9,2483056,EQ,,,
6/18/2012,138,138,132.4,133.75,2809366,EQ,,,
6/19/2012,133.7,134.75,131.55,134.1,2965184,EQ,,,
6/20/2012,134.25,135.1,132.1,133.55,2383618,EQ,,,
6/21/2012,133.25,136.2,132.8,135.7,2663164,EQ,,,
6/22/2012,133.8,136.3,133.8,136.1,1542204,EQ,,,
6/25/2012,136.35,137.1,133.75,134.2,1593712,EQ,,,
6/26/2012,134.5,137,134.05,135.85,1463282,EQ,,,
6/27/2012,136.5,138.7,136.5,137.25,2984322,EQ,,,
6/28/2012,136.7,138.15,135.8,137.1,3035610,EQ,,,
6/29/2012,138,141.2,138,140.9,3164793,EQ,,,
7/2/2012,141,143.75,140,143.5,2050381,EQ,,,
7/3/2012,143.95,145,142.9,143.95,2116700,EQ,,,
7/4/2012,144.2,145.2,143.9,144.5,3202571,EQ,,,
7/5/2012,144.45,146.25,143.85,146,2095382,EQ,,,
7/6/2012,145.5,147.25,144.6,145.4,3935380,EQ,,,
7/9/2012,145,145.45,142.3,144.5,1915290,EQ,,,
7/10/2012,145,148.05,144.4,147.15,3385754,EQ,,,
7/11/2012,146.7,148.45,146.3,146.75,3074861,EQ,,,
7/12/2012,145.95,147.7,143.9,145,1895937,EQ,,,
7/13/2012,146.25,147.85,145.6,146.75,2377143,EQ,,,
7/16/2012,147,148.2,145.25,145.65,3212540,EQ,,,
7/17/2012,146.75,147.2,144.65,145.8,2134839,EQ,,,
7/18/2012,146.2,147.2,145,146.75,1779499,EQ,,,
7/19/2012,147.15,147.7,146.4,147.35,1200112,EQ,,,
7/20/2012,147.25,147.25,145.25,145.65,1042236,EQ,,,
7/23/2012,144.35,145,142.75,143.25,1523632,EQ,,,
7/24/2012,143.1,144.35,142.55,143.5,1326397,EQ,,,
7/25/2012,143.6,145.2,143.4,144,2203926,EQ,,,
7/26/2012,144.5,144.7,140.75,141.45,4426354,EQ,,,
7/27/2012,143,147.2,141.15,146.15,3357718,EQ,,,
7/30/2012,146.8,147.95,146,146.8,2116571,EQ,,,
7/31/2012,147.5,147.5,144.95,146.95,2097852,EQ,,,
8/1/2012,146.4,147.1,144.4,146.6,1967747,EQ,,,
8/2/2012,146.6,147.3,144.3,145.6,1721365,EQ,,,
8/3/2012,145.25,147.25,144.95,147.05,2487875,EQ,,,
8/6/2012,148.3,150.5,148.25,150.05,3082294,EQ,,,
8/7/2012,150.5,150.55,149.25,150,2807191,EQ,,,
8/8/2012,150,150.5,148.7,149.7,2013279,EQ,,,
8/9/2012,150.25,151.75,149.6,151.15,2468280,EQ,,,
8/10/2012,150,151.7,149.9,150.5,3781855,EQ,,,
8/13/2012,150,152.4,150,151.85,2105426,EQ,,,
8/14/2012,151.75,152.25,150.8,152,2806392,EQ,,,
8/16/2012,152,152,149.45,150,2035824,EQ,,,
8/17/2012,149.65,150.55,147.95,148.8,1921539,EQ,,,
8/21/2012,148.75,149.6,147.05,149.1,2085210,EQ,,,
8/22/2012,148.6,150.1,147.85,149.2,2395215,EQ,,,
8/23/2012,149.85,151.1,148.8,149.4,2356262,EQ,,,
8/24/2012,148.4,150.1,148.3,149.05,1677094,EQ,,,
8/27/2012,148.75,149.7,148,148.6,1011681,EQ,,,
8/28/2012,148.2,148.6,146.6,147.35,2223991,EQ,,,
8/29/2012,147.3,148.95,146.55,147.1,1682407,EQ,,,
8/30/2012,146.5,150.5,146.5,148.95,5679101,EQ,,,
8/31/2012,147.6,150,147.3,148.85,3126685,EQ,,,
9/3/2012,149.4,149.45,147,147.6,1859454,EQ,,,
9/4/2012,147.6,148.1,146.8,147.5,1443147,EQ,,,
9/5/2012,147,149,146.85,148,3039618,EQ,,,
9/6/2012,147.5,148.4,146.5,147,1274363,EQ,,,
9/7/2012,148.55,148.75,146.4,147.6,2801287,EQ,,,
9/8/2012,147.6,148.2,147.6,147.75,58599,EQ,,,
9/10/2012,147.9,149.25,147.35,147.8,1508723,EQ,,,
9/11/2012,147.2,149.25,145.85,148.6,1577886,EQ,,,
9/12/2012,148.8,150,148.45,149.8,1597754,EQ,,,
9/13/2012,150.25,150.4,148.4,149.8,849940,EQ,,,
9/14/2012,151.65,153.7,150.25,153.2,6442805,EQ,,,
9/17/2012,154.75,155,151.4,152.05,5271712,EQ,,,
9/18/2012,152.05,153,150.95,151.35,2509794,EQ,,,
9/20/2012,150.5,152.5,150.25,151.7,2622832,EQ,,,
9/21/2012,152.2,157.25,151.3,156.3,5900712,EQ,,,
9/24/2012,156.4,159.2,155.7,158.75,4393720,EQ,,,
9/25/2012,158.25,159.7,156.5,159.2,2921536,EQ,,,
9/26/2012,158.7,159.15,156,157.7,2682627,EQ,,,
9/27/2012,158.25,159.25,156.3,157.7,3965436,EQ,,,
9/28/2012,157.95,158.55,156.5,157.3,2751922,EQ,,,
10/1/2012,157.25,158,155,155.7,2013696,EQ,,,
10/3/2012,156,156.7,154.5,154.85,2758057,EQ,,,
10/4/2012,155.4,158.45,155.35,157.8,3163016,EQ,,,
10/5/2012,159.5,159.65,126.25,155.6,3736756,EQ,,,
10/8/2012,155.95,155.95,154.1,155.2,2322668,EQ,,,
10/9/2012,156.25,157.6,155.5,156.45,1077692,EQ,,,
10/10/2012,156,156,154.05,154.5,1073754,EQ,,,
10/11/2012,155.3,156.95,154.6,156.2,2453233,EQ,,,
10/12/2012,157.5,158.75,156.5,157.8,3876602,EQ,,,
10/15/2012,158.1,158.7,155.65,158.5,1893017,EQ,,,
10/16/2012,158.8,158.9,157,157.6,1818459,EQ,,,
10/17/2012,158,158.1,156.6,157,1608443,EQ,,,
10/18/2012,157.5,159.45,156.1,159.05,1404615,EQ,,,
10/19/2012,158,158.75,156.75,157.1,2263850,EQ,,,
10/22/2012,156.3,160,156.3,159.75,2060351,EQ,,,
10/23/2012,159.75,159.9,158.1,158.5,2083240,EQ,,,
10/25/2012,158.15,160.25,157.25,159.35,4252835,EQ,,,
10/26/2012,159.15,159.95,157.75,159.3,1670317,EQ,,,
10/29/2012,159.45,160.6,158.9,160.15,1378082,EQ,,,
10/30/2012,159.25,161.2,157.65,158.4,2208726,EQ,,,
10/31/2012,158.5,158.95,157.5,158.55,1873242,EQ,,,
11/1/2012,158.2,158.9,156.9,157.15,1764615,EQ,,,
11/2/2012,159.5,159.5,157,157.55,1358193,EQ,,,
11/5/2012,158,159,157.7,158.75,1005532,EQ,,,
11/6/2012,158.5,160.3,158.5,159.9,1819521,EQ,,,
11/7/2012,159.95,161.25,159.2,160,2050165,EQ,,,
11/8/2012,159.1,160.25,158.9,159.75,966950,EQ,,,
11/9/2012,159.55,160.75,158.75,159.85,1105194,EQ,,,
11/12/2012,159.3,163.45,159.3,162.8,2414364,EQ,,,
11/13/2012,162.75,162.95,161.55,161.75,104547,EQ,,,
11/15/2012,161.75,161.85,159.75,161.55,2360585,EQ,,,
11/16/2012,160.75,162.15,160,160.55,3025706,EQ,,,
11/19/2012,159.95,161.95,159.85,161.7,1446987,EQ,,,
11/20/2012,162.3,163.95,162.05,163.45,2338347,EQ,,,
11/21/2012,163.8,166.4,162.4,165.9,3232446,EQ,,,
11/22/2012,166.7,167.8,166,167.3,2110241,EQ,,,
11/23/2012,167.4,168.15,164.75,167.45,1312428,EQ,,,
11/26/2012,168.25,168.4,165,165.45,1370384,EQ,,,
11/27/2012,166.2,170.95,166.2,170.1,4125668,EQ,,,
11/29/2012,169.4,175.95,168.85,174.95,6299863,EQ,,,
11/30/2012,175.25,176.4,172.4,176,3909823,EQ,,,
12/3/2012,175,175.3,171,171.75,2909085,EQ,,,
12/4/2012,171,172.5,170.25,171.3,2169872,EQ,,,
12/5/2012,172.25,173.75,171.75,173.15,2304965,EQ,,,
12/6/2012,173.95,174.6,170.2,173.7,2726138,EQ,,,
12/7/2012,173.8,174.5,172,173.3,1984158,EQ,,,
12/10/2012,172.5,174.1,172.4,173.25,2081026,EQ,,,
12/11/2012,173.8,174.75,171.55,172.7,3375138,EQ,,,
12/12/2012,172.8,174,172.1,173.45,1934126,EQ,,,
12/13/2012,173.45,174,172.25,172.75,1570808,EQ,,,
12/14/2012,172.5,173.6,171.35,172.2,2093473,EQ,,,
12/17/2012,171.95,171.95,168.4,169.1,3057553,EQ,,,
12/18/2012,169.5,170.55,167.45,169,3343768,EQ,,,
12/19/2012,168.6,172.3,168.6,172,4122253,EQ,,,
12/20/2012,171.5,171.75,170.05,170.85,2565187,EQ,,,
12/21/2012,170.25,170.5,168.5,169,2771561,EQ,,,
12/24/2012,170,170,167.95,169,1370563,EQ,,,
12/26/2012,169.5,171.2,168.3,170.05,1430804,EQ,,,
12/27/2012,171,171,169.2,170,2464542,EQ,,,
12/28/2012,170.3,170.75,168.5,169.4,1756066,EQ,,,
12/31/2012,169.25,170,168.5,169.65,1276822,EQ,,,
1/1/2013,170.5,171.3,169.9,171.1,1007303,EQ,,,
1/2/2013,172.45,172.5,170.75,171.85,2427399,EQ,,,
1/3/2013,172.5,172.5,170.1,170.85,2285683,EQ,,,
1/4/2013,171.25,171.25,168.2,169.85,2721127,EQ,,,
1/7/2013,170.9,170.9,166.5,167.05,2751142,EQ,,,
1/8/2013,167,168.35,166.4,167.55,2471299,EQ,,,
1/9/2013,168,168.1,166.5,166.9,3217991,EQ,,,
1/10/2013,167.4,169.5,166.6,168.95,2282592,EQ,,,
1/11/2013,169.2,169.2,166.7,167.3,2570857,EQ,,,
1/14/2013,167,167.6,166.8,167.3,2847437,EQ,,,
1/15/2013,167.7,168.85,166.25,167.05,2065844,EQ,,,
1/16/2013,166.4,167.3,164.4,165.1,2287689,EQ,,,
1/17/2013,164.4,167.7,163.5,166.7,3211036,EQ,,,
1/18/2013,167.5,168.5,163.8,165.7,5056173,EQ,,,
1/21/2013,165,165.85,163.7,164.6,2713680,EQ,,,
1/22/2013,164.6,165.25,161.9,163.45,2121532,EQ,,,
1/23/2013,164.25,165.75,163.6,164.15,1769935,EQ,,,
1/24/2013,163.9,165.7,163.8,165.05,1536990,EQ,,,
1/25/2013,165.05,166.75,163.9,166.25,1397433,EQ,,,
1/28/2013,166.3,168,166.1,167.6,1842005,EQ,,,
1/29/2013,167.7,167.7,162.5,163.1,2990437,EQ,,,
1/30/2013,163.25,164.6,161,164.15,2509908,EQ,,,
1/31/2013,164.15,164.45,160,160.75,3472096,EQ,,,
2/1/2013,161.2,161.2,159.05,160,2621036,EQ,,,
2/4/2013,160.3,162.4,160,161.7,2618950,EQ,,,
2/5/2013,159.1,161.8,159.1,161,1865005,EQ,,,
2/6/2013,161.65,161.7,159.3,159.9,2468397,EQ,,,
2/7/2013,159.05,160.75,158.6,160.4,2270709,EQ,,,
2/8/2013,160.1,163.35,160.1,162.5,4706664,EQ,,,
2/11/2013,162.5,165,162.5,164.25,3791765,EQ,,,
2/12/2013,163.9,166.75,163.9,166.3,3958209,EQ,,,
2/13/2013,165.8,166.85,164.9,166.05,3627208,EQ,,,
2/14/2013,166,169.6,165.5,168.7,4421038,EQ,,,
2/15/2013,167.9,170.2,167.05,169.2,3122195,EQ,,,
2/18/2013,169.5,170.2,168.5,169,2367291,EQ,,,
2/19/2013,168.6,169.35,167.9,168.7,593703,EQ,,,
2/20/2013,169.4,170.2,168.7,169.25,1715421,EQ,,,
2/21/2013,168.75,169.35,166,166.55,2717968,EQ,,,
2/22/2013,165.55,166.6,164.4,164.8,1927096,EQ,,,
2/25/2013,165.8,166.3,163.5,164.1,1888236,EQ,,,
2/26/2013,163.7,165.75,161.35,162.8,2935660,EQ,,,
2/27/2013,163.05,163.5,160.2,160.7,3217834,EQ,,,
2/28/2013,161.75,163.75,154.85,156.35,6971751,EQ,,,
3/1/2013,156.25,157.4,154.05,155.6,4305182,EQ,,,
3/4/2013,155.1,157.55,154.5,156.9,2992450,EQ,,,
3/5/2013,157.7,158.7,155.8,158.25,2639395,EQ,,,
3/6/2013,158.75,159.3,157.25,157.6,2733329,EQ,,,
3/7/2013,157.1,160.75,156.8,160.45,1487746,EQ,,,
3/8/2013,161.05,165,160.85,164.3,2649215,EQ,,,
3/11/2013,164.3,164.9,162.55,163.8,2126146,EQ,,,
3/12/2013,163.25,163.9,160,161,1723931,EQ,,,
3/13/2013,160.25,161.45,158.05,158.7,1978343,EQ,,,
3/14/2013,158.7,163.4,153.85,162.3,7978609,EQ,,,
3/15/2013,161.25,162.45,158.45,159.85,3859902,EQ,,,
3/18/2013,158.25,163.5,157.5,160.8,4390481,EQ,,,
3/19/2013,160.75,160.95,156,157.9,5007115,EQ,,,
3/20/2013,158,158.35,155.25,156.4,2834109,EQ,,,
3/21/2013,155.65,157.2,150.95,151.75,3613147,EQ,,,
3/22/2013,152.25,153.65,150.65,151.3,7381475,EQ,,,
3/25/2013,152.75,153.35,151.9,152.35,6799744,EQ,,,
3/26/2013,151.5,154.4,150.6,153.6,3318601,EQ,,,
3/28/2013,154.1,157.8,151.75,156.35,4874023,EQ,,,
4/1/2013,156.15,157.25,155.25,155.95,1677193,EQ,,,
4/2/2013,156.25,158.55,154.45,157.45,1714355,EQ,,,
4/3/2013,157,157.9,154.9,155.9,1675904,EQ,,,
4/4/2013,154.7,155.85,153.35,154,2045496,EQ,,,
4/5/2013,153.75,156.6,153.35,155.25,3239980,EQ,,,
4/8/2013,154.75,157.25,154.45,156.1,2163032,EQ,,,
4/9/2013,157,157,154.35,155.15,3690102,EQ,,,
4/10/2013,156.7,158.4,154.75,158,3786126,EQ,,,
4/11/2013,158.1,160.5,157.95,159.8,6266517,EQ,,,
4/12/2013,159,161.45,159,160.9,3801520,EQ,,,
4/15/2013,160.5,160.85,158.75,160.4,3980942,EQ,,,
4/16/2013,160.75,166.45,160.6,165.85,3435078,EQ,,,
4/17/2013,166.25,167.95,164.2,165,3739237,EQ,,,
4/18/2013,163.5,168.85,163.5,168.4,2305946,EQ,,,
4/22/2013,168.7,175.5,168.7,174.55,4965038,EQ,,,
4/23/2013,174.7,175,169.7,172.25,5965890,EQ,,,
4/25/2013,173.1,173.75,170,172.4,6473781,EQ,,,
4/26/2013,171.9,173.05,170.75,172.3,2142186,EQ,,,
4/29/2013,172.05,174.2,171.6,173.8,2918858,EQ,,,
4/30/2013,173.5,174,169.2,170.55,3138068,EQ,,,
5/2/2013,171.1,173.5,170.55,173.1,3075817,EQ,,,
5/3/2013,173.15,173.5,169.65,170.25,3071646,EQ,,,
5/6/2013,169.75,169.8,167.5,168.9,1918365,EQ,,,
5/7/2013,169.05,172.45,168.1,172,2774616,EQ,,,
5/8/2013,172.25,174.9,171.6,174.3,2163489,EQ,,,
5/9/2013,174.75,174.9,172.05,172.5,1130840,EQ,,,
5/10/2013,172.2,176.2,172.15,175.85,3478314,EQ,,,
5/11/2013,175.5,176.25,175.3,175.7,219025,EQ,,,
5/13/2013,176.25,177.85,172.7,173.2,2398493,EQ,,,
5/14/2013,172.5,173.7,171.3,172.25,1663419,EQ,,,
5/15/2013,173.4,179,172.85,178.7,3543370,EQ,,,
5/16/2013,178,181,177.75,180.7,2915154,EQ,,,
5/17/2013,180.6,180.6,177.3,179.7,3204963,EQ,,,
5/20/2013,179.9,181,178,178.6,1460402,EQ,,,
5/21/2013,178.5,179.5,176.25,176.95,2301625,EQ,,,
5/22/2013,176.9,178,174.5,175.85,1353028,EQ,,,
5/23/2013,174.75,176.6,173.55,174.65,1976312,EQ,,,
5/24/2013,176.45,176.45,173.55,175.35,2066060,EQ,,,
5/27/2013,174.65,179.25,174.65,178.75,2248802,EQ,,,
5/28/2013,178.55,180.2,176.7,178.3,1676979,EQ,,,
5/29/2013,177.5,179.6,175.95,179,1233373,EQ,,,
5/30/2013,177.5,181.8,177.5,181.3,3839364,EQ,,,
5/31/2013,179.3,180.2,174.4,175.1,3083224,EQ,,,
6/3/2013,174.5,175.35,171.6,172.3,1972531,EQ,,,
6/4/2013,171.8,173.45,170.25,170.75,1404081,EQ,,,
6/5/2013,170.5,173.6,169.6,172,1890919,EQ,,,
6/6/2013,170.9,172.35,169.5,170.55,1779103,EQ,,,
6/7/2013,170.45,173.35,168.3,169,2389056,EQ,,,
6/10/2013,170.25,171.75,167.9,169.1,1592003,EQ,,,
6/11/2013,168.35,170.2,165.55,166.2,2955215,EQ,,,
6/12/2013,165.5,168.35,164.6,166,2453913,EQ,,,
6/13/2013,164.4,165.25,163.35,163.8,1787434,EQ,,,
6/14/2013,165.5,167.1,164.8,166.25,3741303,EQ,,,
6/17/2013,166.4,167.3,164.35,166.85,3267727,EQ,,,
6/18/2013,167,167,163.75,164.35,3111642,EQ,,,
6/19/2013,164,166.65,163.2,166.3,2411739,EQ,,,
6/20/2013,164.7,164.7,158.65,159.15,3784511,EQ,,,
6/21/2013,159.2,160.6,157.5,158.8,4474961,EQ,,,
6/24/2013,157.95,158.45,155.95,156.35,2692013,EQ,,,
6/25/2013,156.5,161.6,155.6,158.5,4671608,EQ,,,
6/26/2013,157.9,159.4,155,155.7,2619005,EQ,,,
6/27/2013,158.5,163.2,155.6,161.6,6750890,EQ,,,
6/28/2013,162.4,168.3,162.3,167.4,5270670,EQ,,,
7/1/2013,167.25,168.5,166.15,167.2,2459671,EQ,,,
7/2/2013,167.2,167.2,163.55,164.1,2295788,EQ,,,
7/3/2013,163.5,163.7,160.9,162.65,3346565,EQ,,,
7/4/2013,163.45,164.35,161.4,163.8,2397765,EQ,,,
7/5/2013,165,168.2,164.6,166.95,2385874,EQ,,,
7/8/2013,166,166.85,163.2,165.1,1792324,EQ,,,
7/9/2013,165.55,168.45,165.55,167.55,1760048,EQ,,,
7/10/2013,167.55,167.95,164,164.8,1784645,EQ,,,
7/11/2013,166.75,171.7,166.5,170.8,2649892,EQ,,,
7/12/2013,171.75,174.4,170.45,173.95,3908713,EQ,,,
7/15/2013,172.75,174.5,171,173.85,2127972,EQ,,,
7/16/2013,169.75,171.1,167.5,169.7,2911846,EQ,,,
7/17/2013,169.45,170.2,161.95,165.7,5658497,EQ,,,
7/18/2013,167.45,172.1,164.25,171,3415970,EQ,,,
7/19/2013,172,173,168.3,170,3114605,EQ,,,
7/22/2013,169,171.75,169,170.5,1615108,EQ,,,
7/23/2013,171.95,172.5,170.25,170.9,1853696,EQ,,,
7/24/2013,168.5,169,163.4,165,3657187,EQ,,,
7/25/2013,165.15,166.5,162.5,163.45,4066814,EQ,,,
7/26/2013,164,164.05,159.5,161,2339123,EQ,,,
7/29/2013,160.75,160.75,157.4,158.1,3730556,EQ,,,
7/30/2013,157.7,158.75,155,156.35,3672771,EQ,,,
7/31/2013,155.25,155.45,151.7,152.45,6706130,EQ,,,
8/1/2013,153.45,159.45,153.1,158.05,5861652,EQ,,,
8/2/2013,157.5,158.7,156.7,157.8,5003962,EQ,,,
8/5/2013,157.9,158.85,153.75,158.2,3399593,EQ,,,
8/6/2013,157.75,157.85,151.6,152.15,4911295,EQ,,,
8/7/2013,152.5,153.6,150,150.3,5689114,EQ,,,
8/8/2013,151,154.4,150,152.6,5115362,EQ,,,
8/12/2013,152.5,152.7,149.65,150.55,3925217,EQ,,,
8/13/2013,150.95,156.2,149.5,155.1,3675598,EQ,,,
8/14/2013,155.5,155.9,152.15,155.35,3575927,EQ,,,
8/16/2013,153.5,155.5,146.2,146.95,7014892,EQ,,,
8/19/2013,146.75,147.15,142.55,146.2,5004610,EQ,,,
8/20/2013,143.75,147.45,141.6,146.2,6431746,EQ,,,
8/21/2013,151.5,154.85,147.5,148.35,7227149,EQ,,,
8/22/2013,147.25,150.9,142.5,147.2,7562673,EQ,,,
8/23/2013,148,152.3,147.05,151.9,5174611,EQ,,,
8/26/2013,153.1,155.7,150.6,152.8,3651902,EQ,,,
8/27/2013,149.3,150,138.85,140.45,13677093,EQ,,,
8/28/2013,138.9,143,132,140.5,9266888,EQ,,,
8/29/2013,142,145.6,142,143,10192751,EQ,,,
8/30/2013,142.75,150,142.65,148.5,9154229,EQ,,,
9/2/2013,149.5,151.1,145.6,147.4,4878929,EQ,,,
9/3/2013,149.2,149.2,139.25,140.6,4535002,EQ,,,
9/4/2013,141.85,144.2,139.8,141,5235450,EQ,,,
9/5/2013,146,155.7,146,152.4,8311562,EQ,,,
9/6/2013,152.75,155,146.7,154.05,4749304,EQ,,,
9/10/2013,155.1,160.25,154.6,159.5,5074709,EQ,,,
9/11/2013,158.25,162.5,156.4,161.8,3172598,EQ,,,
9/12/2013,160.6,161.5,156.9,158.5,4419134,EQ,,,
9/13/2013,158.1,158.6,155.25,157.3,3875780,EQ,,,
9/16/2013,159.4,162.2,157.25,160.7,3034804,EQ,,,
9/17/2013,159.5,161.25,158.4,160.55,2108022,EQ,,,
9/18/2013,160.9,163.7,157.8,162.6,2747404,EQ,,,
9/19/2013,170,172.45,169.05,170.8,7320226,EQ,,,
9/20/2013,170.6,171.6,158.8,164.75,6181538,EQ,,,
9/23/2013,162.75,163.1,158.3,160.5,3496310,EQ,,,
9/24/2013,158.25,161.1,157.5,159.6,4543797,EQ,,,
9/25/2013,159.5,160.4,153.3,155.15,5245230,EQ,,,
9/26/2013,155.35,156.5,154.5,155.3,5645610,EQ,,,
9/27/2013,155.5,156,151.25,152.2,4102173,EQ,,,
9/30/2013,151.5,153.2,146.9,148.25,4265607,EQ,,,
10/1/2013,149.7,153.6,147.35,152.9,3249277,EQ,,,
10/3/2013,153.8,159.75,152.5,159.05,2443228,EQ,,,
10/4/2013,158.9,161.85,158.75,160.1,3407094,EQ,,,
10/7/2013,159.1,159.5,154.55,158.55,2480500,EQ,,,
10/8/2013,162.6,163.6,156.45,158.15,2942037,EQ,,,
10/9/2013,156.3,162.7,155.75,162.3,2167190,EQ,,,
10/10/2013,162.25,162.25,158.35,160.25,2086321,EQ,,,
10/11/2013,161.8,165.95,159.85,165.3,3347566,EQ,,,
10/14/2013,164.4,167.3,162.15,166.9,3093930,EQ,,,
10/15/2013,168.25,168.75,161.65,163.1,4035831,EQ,,,
10/17/2013,163.25,165,160.6,163.55,3637897,EQ,,,
10/18/2013,163.8,169.9,163.8,169.15,5320296,EQ,,,
10/21/2013,168.5,169.7,165.6,167.8,2806356,EQ,,,
10/22/2013,167.75,168.5,166.3,167.25,2189524,EQ,,,
10/23/2013,167.25,167.25,163.45,165.05,3386239,EQ,,,
10/24/2013,164.05,168.95,164.05,167.3,3080482,EQ,,,
10/25/2013,166.3,168.75,165.8,168.1,2236718,EQ,,,
10/28/2013,168.25,168.75,166.35,166.95,2095522,EQ,,,
10/29/2013,167,172.25,163.9,171.6,3805729,EQ,,,
10/30/2013,171.5,171.9,168.95,169.85,2547168,EQ,,,
10/31/2013,169.05,171.25,168.35,170.2,4548889,EQ,,,
11/1/2013,170.4,172,169.55,170.95,3910611,EQ,,,
11/3/2013,171.25,171.6,169.5,170.1,202348,EQ,,,
11/5/2013,170.1,171.25,168.25,169.05,3564618,EQ,,,
11/6/2013,169.7,169.8,166.3,167.2,1152663,EQ,,,
11/7/2013,167.5,169.4,164.2,166.35,1947285,EQ,,,
11/8/2013,165.85,166.9,161.15,163.1,3370190,EQ,,,
11/11/2013,161,165.2,154.2,163.55,2804076,EQ,,,
11/12/2013,163.1,165.75,160.85,161.5,2245080,EQ,,,
11/13/2013,159.75,161.85,157.1,158.4,2640271,EQ,,,
11/14/2013,159.5,162.45,159.5,160.55,3156715,EQ,,,
11/18/2013,162.85,167.5,162.25,167.2,3718480,EQ,,,
11/19/2013,167.1,167.1,164.35,165,1697259,EQ,,,
11/20/2013,164.2,164.75,161.6,162.4,2092524,EQ,,,
11/21/2013,161.1,161.4,158.8,159.4,3196914,EQ,,,
11/22/2013,160.6,161.7,158.8,160.5,1873096,EQ,,,
11/25/2013,162,165.45,162,164.95,4037635,EQ,,,
11/26/2013,164.4,164.95,162.1,163.25,3619629,EQ,,,
11/27/2013,162.8,164.7,161,163.4,2148253,EQ,,,
11/28/2013,163.9,165.75,162,163.35,3693433,EQ,,,
11/29/2013,163.75,167.2,163.75,165.3,2392770,EQ,,,
12/2/2013,165.5,166.25,164.5,165.3,1714653,EQ,,,
12/3/2013,165,165.55,163.15,163.95,2572070,EQ,,,
12/4/2013,163.7,164.9,163.35,164.4,2619152,EQ,,,
12/5/2013,167.9,172.45,167.9,172,8004998,EQ,,,
12/6/2013,171.2,172.4,169.55,170.7,4017308,EQ,,,
12/9/2013,177.5,179.35,173.1,174.15,6316407,EQ,,,
12/10/2013,173.1,175.45,172.5,174.2,6266220,EQ,,,
12/11/2013,172.5,175.45,171.7,173.9,3072444,EQ,,,
12/12/2013,173.3,175.1,172.6,173.8,3216924,EQ,,,
12/13/2013,171.95,175.5,171.25,172.5,6329020,EQ,,,
12/16/2013,172,172.7,170.3,171.1,5358061,EQ,,,
12/17/2013,168.9,168.9,163.5,164.4,4485661,EQ,,,
12/18/2013,162.6,170.15,162.4,166.55,3521829,EQ,,,
12/19/2013,169.75,171,162.6,163.1,2504879,EQ,,,
12/20/2013,164.45,167.15,162.5,166.15,1430617,EQ,,,
12/23/2013,164.5,167.9,164.25,166.1,1382808,EQ,,,
12/24/2013,166.4,166.6,163.75,164.3,888674,EQ,,,
12/26/2013,164.95,168.05,164.2,167.25,2011690,EQ,,,
12/27/2013,166,168.85,166,167.4,1366003,EQ,,,
12/30/2013,169.2,169.25,166.3,167.4,1056901,EQ,,,
12/31/2013,168,168.05,165,166.45,1315328,EQ,,,
1/1/2014,167,167.45,165.75,166.3,1123109,EQ,,,
1/2/2014,166.25,168.7,163.4,164.25,1807248,EQ,,,
1/3/2014,163,166.5,162.5,165.8,1628296,EQ,,,
1/6/2014,165.75,165.75,164.25,165.4,1490855,EQ,,,
1/7/2014,166.8,167.75,163.3,166.1,1974230,EQ,,,
1/8/2014,166.3,166.75,165,166.2,1162370,EQ,,,
1/9/2014,165.8,166.5,164.3,165.75,944368,EQ,,,
1/10/2014,165.75,168.7,164.05,165.5,1537627,EQ,,,
1/13/2014,165,169.25,164.2,168.2,1188145,EQ,,,
1/14/2014,167.25,169,167.05,168.05,894280,EQ,,,
1/15/2014,168.25,170.7,167.4,170.1,1156960,EQ,,,
1/16/2014,171.1,171.25,167.6,168.25,1125294,EQ,,,
1/17/2014,168.75,168.75,164.75,166.25,10843714,EQ,,,
1/20/2014,167,169.2,166.6,167.5,1400092,EQ,,,
1/21/2014,168.25,169.7,167.5,169,1562981,EQ,,,
1/22/2014,168.9,171.2,168.65,169.3,1758334,EQ,,,
1/23/2014,168.75,170.3,168.2,169.9,1370685,EQ,,,
1/24/2014,167.5,168.75,165.9,168.35,2210725,EQ,,,
1/27/2014,166.2,166.2,161.4,162.3,4265112,EQ,,,
1/28/2014,162,164,159.65,161.1,4598856,EQ,,,
1/29/2014,161.9,162.7,160.1,161.35,2742731,EQ,,,
1/30/2014,159.4,159.95,156.9,157.95,2856365,EQ,,,
1/31/2014,157.5,159.05,156.3,157.1,2405246,EQ,,,
2/3/2014,157.5,158.5,156.3,156.6,1194205,EQ,,,
2/4/2014,155.4,158.9,154.2,157.65,1852326,EQ,,,
2/5/2014,157.75,159.95,156.3,159.35,1726346,EQ,,,
2/6/2014,159.7,162.4,157.4,161.75,3366736,EQ,,,
2/7/2014,163.1,163.6,160.5,161.95,1007367,EQ,,,
2/10/2014,161.9,162.5,159,160.95,1570205,EQ,,,
2/11/2014,161.5,161.8,159.8,161.2,1116214,EQ,,,
2/12/2014,161.65,163.2,160.9,161.35,1609240,EQ,,,
2/13/2014,161.5,162,157.8,158.1,788800,EQ,,,
2/14/2014,158.5,160.95,157.35,160.45,1062278,EQ,,,
2/17/2014,160.5,163,160.3,162.6,912530,EQ,,,
2/18/2014,162.1,166.1,161.85,165.1,1254918,EQ,,,
2/19/2014,164.05,168.05,163.75,167.5,1015237,EQ,,,
2/20/2014,166.45,166.85,165.2,165.7,862109,EQ,,,
2/21/2014,164.95,167.4,164.9,166.1,760968,EQ,,,
2/24/2014,165.5,168.25,163.95,167.75,1254746,EQ,,,
2/25/2014,168.5,169,166.5,167.8,1005140,EQ,,,
2/26/2014,167.5,169.8,167.1,169.35,1137835,EQ,,,
2/28/2014,170.5,170.7,166.3,167.4,1225896,EQ,,,
3/3/2014,166.3,168,165.8,166.55,919608,EQ,,,
3/4/2014,166.5,168.45,166.05,167.9,1610967,EQ,,,
3/5/2014,168.4,168.75,165.6,167.45,1001746,EQ,,,
3/6/2014,168.25,169.4,167,168.9,1237170,EQ,,,
3/7/2014,169.9,178.7,169.05,177.85,5691892,EQ,,,
3/10/2014,176.6,184.2,175,183.6,6530963,EQ,,,
3/11/2014,183.6,185,179.9,181.3,3250118,EQ,,,
3/12/2014,180.3,183.25,179.1,181.4,1777554,EQ,,,
3/13/2014,181.9,187.4,181.9,185.6,2862113,EQ,,,
3/14/2014,183.75,184.95,181,183,3052120,EQ,,,
3/18/2014,183.85,186.2,182.05,183.5,2025681,EQ,,,
3/19/2014,185,185.8,183.95,184.6,1513784,EQ,,,
3/20/2014,184.6,184.6,182,182.55,1298771,EQ,,,
3/21/2014,183.8,184.4,182.8,183.45,1881398,EQ,,,
3/22/2014,184,184,182.35,183.1,105882,EQ,,,
3/24/2014,183.6,188.2,183.5,187.65,2928465,EQ,,,
3/25/2014,187.5,190.1,186.95,187.5,2007773,EQ,,,
3/26/2014,188.2,189.05,186,186.5,2352328,EQ,,,
3/27/2014,187.5,190.2,185.5,186.7,6138733,EQ,,,
3/28/2014,187.5,188.5,183.75,186.25,3040225,EQ,,,
3/31/2014,187,188.25,185.8,187.2,2065607,EQ,,,
4/1/2014,187.9,188.4,183.1,184.5,2012958,EQ,,,
4/2/2014,186.25,186.5,180.45,182.95,2599688,EQ,,,
4/3/2014,184,184.5,181.55,182.2,1389926,EQ,,,
4/4/2014,181.4,183.25,180,181.35,1855602,EQ,,,
4/7/2014,181.25,183,180.8,181.35,2933289,EQ,,,
4/9/2014,182,186.2,180.45,185.45,2630096,EQ,,,
4/10/2014,186.15,187.15,184,184.85,1873698,EQ,,,
4/11/2014,183.5,186.2,183.45,184.5,1301988,EQ,,,
4/15/2014,183.55,184.7,179.5,181,2092967,EQ,,,
4/16/2014,180.8,182.95,180.3,181.5,893098,EQ,,,
4/17/2014,179.05,180.3,176.8,179.7,3075582,EQ,,,
4/21/2014,180.7,181.6,178.25,179.1,1746938,EQ,,,
4/22/2014,180.45,182.4,179.35,181.9,2848956,EQ,,,
4/23/2014,181.2,184.85,180.65,183.25,5256336,EQ,,,
4/25/2014,183.3,184.5,181.25,181.6,1553111,EQ,,,
4/28/2014,180.55,182.3,180.1,181.3,1220715,EQ,,,
4/29/2014,181.6,181.9,178.1,178.95,1660309,EQ,,,
4/30/2014,179,182.45,177.9,180.3,2196730,EQ,,,
5/2/2014,180.9,181.9,178.9,179.3,1478823,EQ,,,
5/5/2014,179.95,180.8,178.5,179.2,1298081,EQ,,,
5/6/2014,180.05,181.15,178.5,180.05,1546140,EQ,,,
5/7/2014,179.6,181.75,177.85,178.9,1649656,EQ,,,
5/8/2014,179.3,180.75,178.9,179.55,1880107,EQ,,,
5/9/2014,180,190,180,189.2,4094111,EQ,,,
5/12/2014,188.8,198.7,188.6,198,4390340,EQ,,,
5/13/2014,200,200,195.6,197,3166304,EQ,,,
5/14/2014,196.25,198.7,193.55,193.85,2125375,EQ,,,
5/15/2014,192.25,197.8,191.5,197.1,2366547,EQ,,,
5/16/2014,200,213.5,196.9,201.2,8217092,EQ,,,
5/19/2014,203.95,208.75,202,202.95,2630701,EQ,,,
5/20/2014,204,205.4,201.1,204,1589258,EQ,,,
5/21/2014,203.1,203.6,201.25,202.4,910597,EQ,,,
5/22/2014,203,203.75,199.5,200.65,1951614,EQ,,,
5/23/2014,199.75,200.75,195.7,197.4,2454734,EQ,,,
5/26/2014,199.75,201,197.5,199.3,4348808,EQ,,,
5/27/2014,200,202.65,197.1,201.2,1904881,EQ,,,
5/28/2014,199.95,206.7,199.9,205.85,3588891,EQ,,,
5/29/2014,205.65,207.7,201.85,202.55,3421002,EQ,,,
5/30/2014,203.75,205.7,182.5,198.2,8201886,EQ,,,
6/2/2014,198.4,205.6,198.4,204.85,2020783,EQ,,,
6/3/2014,205.75,206.95,203.5,206.1,906037,EQ,,,
6/4/2014,205.6,207.4,203.8,204.2,716085,EQ,,,
6/5/2014,202.95,203.85,200.25,201.35,1918618,EQ,,,
6/6/2014,203.25,205.25,200.25,203.8,2641319,EQ,,,
6/9/2014,205.5,207.5,203.75,204.85,2334980,EQ,,,
6/10/2014,205.3,205.9,202.5,204.15,1249836,EQ,,,
6/11/2014,204.25,207.45,202.5,205.1,1935943,EQ,,,
6/12/2014,206.1,211.25,203.2,209.95,3183012,EQ,,,
6/13/2014,211,214,207.9,208.85,3053221,EQ,,,
6/16/2014,207.75,210.7,207.55,209.75,1327470,EQ,,,
6/17/2014,209,212.2,206.85,211.6,1747030,EQ,,,
6/18/2014,211.8,212.85,207.2,208.7,1343657,EQ,,,
6/19/2014,209.3,210,205.55,206.45,1180249,EQ,,,
6/20/2014,206.5,207.95,204.85,205.5,742442,EQ,,,
6/23/2014,206,206.6,203.8,205.35,1460211,EQ,,,
6/24/2014,206.35,208.2,206.25,207.25,1266556,EQ,,,
6/25/2014,207.25,208.3,205.75,206,1582656,EQ,,,
6/26/2014,205,206.65,202.15,203.1,5452066,EQ,,,
6/27/2014,204.45,205.5,203.5,204.05,1285740,EQ,,,
6/30/2014,205,208.2,205,205.4,1544025,EQ,,,
7/1/2014,205.75,207,203.75,205.8,1910343,EQ,,,
7/2/2014,207.7,210.5,206.4,210,1906681,EQ,,,
7/3/2014,210.25,211.3,207.85,209.2,1515685,EQ,,,
7/4/2014,209.2,214.75,208.8,214.15,1407997,EQ,,,
7/7/2014,215,215.2,208.95,210.1,2032992,EQ,,,
7/8/2014,211,212.1,205,207.3,1683068,EQ,,,
7/9/2014,207,208.7,204.5,207.55,1448888,EQ,,,
7/10/2014,207.55,212,203.05,205.85,2464386,EQ,,,
7/11/2014,205.3,207.85,202.2,202.95,2299695,EQ,,,
7/14/2014,203.75,205,201.8,204.35,1230402,EQ,,,
7/15/2014,205.2,207.2,204.1,206.7,1523009,EQ,,,
7/16/2014,207.4,209.6,204.45,208.95,2397325,EQ,,,
7/17/2014,209.7,209.75,207.4,207.95,1259775,EQ,,,
7/18/2014,207.2,209.2,205.5,208.1,1822108,EQ,,,
7/21/2014,210.4,211.75,206.3,206.85,2453414,EQ,,,
7/22/2014,207.5,210.65,206.75,209.95,1742588,EQ,,,
7/23/2014,210.8,211.25,208.75,209.05,1962463,EQ,,,
7/24/2014,209,211,208.25,210.55,1069650,EQ,,,
7/25/2014,210.25,212.45,208.55,208.9,2666488,EQ,,,
7/28/2014,209.6,209.95,207,207.4,971238,EQ,,,
7/30/2014,207.75,210.5,206.7,209.7,1171345,EQ,,,
7/31/2014,209.5,210,207.1,208.5,2975336,EQ,,,
8/1/2014,206.5,206.95,203,203.85,1707115,EQ,,,
8/4/2014,204.75,205.7,201.8,203.25,1840761,EQ,,,
8/5/2014,204.25,205.75,202.45,205.05,1519276,EQ,,,
8/6/2014,203.75,204.9,201.85,202.5,845350,EQ,,,
8/7/2014,203.2,204.6,202.5,202.9,983435,EQ,,,
8/8/2014,201.25,201.95,198.75,199,1862670,EQ,,,
8/11/2014,200.25,200.7,197.85,198.25,1406556,EQ,,,
8/12/2014,200.25,202.1,198,201.8,1650768,EQ,,,
8/13/2014,202.5,203.95,200.65,203.1,1959955,EQ,,,
8/14/2014,203.5,207.9,203.3,206.7,2968306,EQ,,,
8/18/2014,207.5,208.6,205.9,208.1,1675542,EQ,,,
8/19/2014,208.25,209.4,205.55,205.95,1973214,EQ,,,
8/20/2014,207.25,208.65,204.75,205.1,2358713,EQ,,,
8/21/2014,205.5,208.8,205.25,208.1,1597620,EQ,,,
8/22/2014,208.6,212.2,207,211.7,2503822,EQ,,,
8/25/2014,210.75,213.2,209.3,210.85,1664016,EQ,,,
8/26/2014,211.1,212.1,209.5,210.6,1041314,EQ,,,
8/27/2014,211.5,211.5,208.5,209.15,1213242,EQ,,,
8/28/2014,209.4,211.4,208.5,210.9,1997863,EQ,,,
9/1/2014,211.5,212.25,209.65,210.3,1038664,EQ,,,
9/2/2014,210.8,215.3,209.65,214.8,2860563,EQ,,,
9/3/2014,216.25,216.25,212.9,214.15,2308695,EQ,,,
9/4/2014,214.5,214.75,212.1,212.95,1601742,EQ,,,
9/5/2014,213,213.9,211,212.1,958802,EQ,,,
9/8/2014,212.75,216.95,212.35,216.2,2447086,EQ,,,
9/9/2014,215,217.5,214.45,216.4,1915261,EQ,,,
9/10/2014,216.25,216.25,213.5,214.3,1078563,EQ,,,
9/11/2014,214.35,215.8,213.25,213.6,1633216,EQ,,,
9/12/2014,212.5,214.5,212.25,213.9,1521639,EQ,,,
9/15/2014,212.5,216.25,212.5,215.1,1452272,EQ,,,
9/16/2014,215.25,215.5,212,212.75,1269067,EQ,,,
9/17/2014,213.75,214,210.5,211.6,1976474,EQ,,,
9/18/2014,211.2,215.25,210.55,214.55,1663142,EQ,,,
9/19/2014,215,216.25,212.85,215.05,1635527,EQ,,,
9/22/2014,214.25,214.6,212.75,214.2,1633579,EQ,,,
9/23/2014,214,214.45,211.4,212.2,1179244,EQ,,,
9/24/2014,211.8,214.3,211.25,213.85,1666374,EQ,,,
9/25/2014,213.25,216.4,210.5,212.5,4148990,EQ,,,
9/26/2014,212.5,219.75,211.25,217.9,2470563,EQ,,,
9/29/2014,218.25,219.35,215.3,216.3,2170567,EQ,,,
9/30/2014,216.05,219.95,215.3,218.15,3008858,EQ,,,
10/1/2014,216.5,217.8,215.1,217,1467547,EQ,,,
10/7/2014,216.25,216.75,213.5,215.6,1256572,EQ,,,
10/8/2014,215.1,217.5,214.55,216.9,785096,EQ,,,
10/9/2014,218.5,223.25,217.05,221.9,1912605,EQ,,,
10/10/2014,220.75,221.3,216.2,216.8,1066745,EQ,,,
10/13/2014,216,219.5,213.9,219.2,1344128,EQ,,,
10/14/2014,221.25,221.5,216.3,217.1,1816560,EQ,,,
10/16/2014,217.1,218.5,213.75,214.7,1383271,EQ,,,
10/17/2014,215.05,222,214.3,221.3,2494480,EQ,,,
10/20/2014,223.5,227.4,222.55,223.45,2383001,EQ,,,
10/21/2014,225,226.45,221.9,223.9,4009288,EQ,,,
10/22/2014,226.25,226.6,222.8,223.4,1142886,EQ,,,
10/23/2014,223.25,224.45,223,224.1,224723,EQ,,,
10/27/2014,224.75,226.8,223.55,224.3,1681192,EQ,,,
10/28/2014,224.75,225.05,223.5,223.8,1450873,EQ,,,
10/29/2014,225.05,225.6,222.5,222.9,1974047,EQ,,,
10/30/2014,222.5,225,221.8,224.15,2684545,EQ,,,
10/31/2014,225,228.65,224.35,227.95,2526497,EQ,,,
11/3/2014,228.8,229.8,226.35,227.7,1809912,EQ,,,
11/5/2014,228.75,230.05,227.55,228.2,1881045,EQ,,,
11/7/2014,226.25,226.65,223.4,224.85,2257123,EQ,,,
11/10/2014,224.9,227.1,223.25,226.15,1597439,EQ,,,
11/11/2014,226.5,229.3,225.6,227,1478352,EQ,,,
11/12/2014,227.75,230,226.05,227.95,2264666,EQ,,,
11/13/2014,228.9,230,226,229,1847238,EQ,,,
11/14/2014,229.55,233.25,227.95,232.5,2109514,EQ,,,
11/17/2014,232.5,233.5,227,229.75,3366021,EQ,,,
11/18/2014,230.25,233.75,228,233.05,2297278,EQ,,,
11/19/2014,233.75,234.4,230.55,231.6,863712,EQ,,,
11/20/2014,232,232,228,229.55,1192593,EQ,,,
11/21/2014,230.3,233.75,228.5,233.2,2205952,EQ,,,
11/24/2014,233.1,237.5,232,236.3,1829215,EQ,,,
11/25/2014,235.75,239.7,234.75,238.4,3039127,EQ,,,
11/26/2014,234.95,240,233.3,237.8,2244107,EQ,,,
11/27/2014,237.65,238.45,235.75,237.05,3302862,EQ,,,
11/28/2014,237,241.5,236.75,239.3,2312965,EQ,,,
12/1/2014,239.55,240.6,237.05,237.5,1847282,EQ,,,
12/2/2014,235.45,237.4,234.8,235.8,1129389,EQ,,,
12/3/2014,235.5,236,233,233.3,1665296,EQ,,,
12/4/2014,235,236.05,233,235.35,1709776,EQ,,,
12/5/2014,235.25,236.1,233.9,235.7,1018545,EQ,,,
12/8/2014,236.25,236.25,231.25,231.8,1014282,EQ,,,
12/9/2014,231.25,233.75,231.25,231.7,1218336,EQ,,,
12/10/2014,231.5,233.75,231.3,232.85,1391358,EQ,,,
12/11/2014,232.5,233.95,231.25,233.4,1204711,EQ,,,
12/12/2014,233.25,234.05,232.25,232.9,1154207,EQ,,,
12/15/2014,232.5,236.05,232,235.4,1659657,EQ,,,
12/16/2014,234.4,235.5,229.25,231.45,1247489,EQ,,,
12/17/2014,231.5,233.1,229,230.45,1766004,EQ,,,
12/18/2014,233.15,234.1,230.5,233.5,1623457,EQ,,,
12/19/2014,236.25,237.25,233.1,235.35,1528527,EQ,,,
12/22/2014,238.5,241.5,235.6,240.9,2073903,EQ,,,
12/23/2014,239.9,243.5,238.85,239.95,1886020,EQ,,,
12/24/2014,239.5,241.2,235.3,236.3,4166203,EQ,,,
12/26/2014,237.6,238.25,235.6,237.15,841620,EQ,,,
12/29/2014,237.5,239,237.05,237.9,903700,EQ,,,
12/30/2014,237.5,239.9,235.7,239.1,1420300,EQ,,,
12/31/2014,239,239.3,237.45,237.9,1248132,EQ,,,
1/1/2015,237.75,238.6,236.25,238,886235,EQ,,,
1/2/2015,237.6,242.3,237.6,241.3,1475096,EQ,,,
1/5/2015,242.5,242.6,238.8,239.3,1199000,EQ,,,
1/6/2015,238.5,239.1,234.4,235.55,2054920,EQ,,,
1/7/2015,234.9,237.85,234.05,236.25,1436528,EQ,,,
1/8/2015,238.55,242.25,237.05,241.2,2381456,EQ,,,
1/9/2015,243.2,245,241.65,243.9,2246296,EQ,,,
1/12/2015,242.35,243.6,241.1,241.75,1031603,EQ,,,
1/13/2015,242.25,243,238.9,240.85,1457087,EQ,,,
1/14/2015,240,243.65,239.9,241,921308,EQ,,,
1/15/2015,247.5,249.55,242.7,248.3,2849619,EQ,,,
1/16/2015,250.55,253.7,249.6,250.35,1955327,EQ,,,
1/19/2015,253.3,255,250.75,251.1,1059873,EQ,,,
1/20/2015,252.5,256.75,250.5,255.25,2126451,EQ,,,
1/21/2015,256.85,258.25,254.6,255,1685153,EQ,,,
1/22/2015,256.25,258.1,254.6,255.3,1617670,EQ,,,
1/23/2015,257.5,262,256.1,260.7,2496978,EQ,,,
1/27/2015,260.75,269.45,260.2,268.5,2490600,EQ,,,
1/28/2015,267.5,273.3,263.75,264.55,2841235,EQ,,,
1/29/2015,268.75,275.15,265.25,273.75,5141904,EQ,,,
1/30/2015,273.6,273.6,266.05,269.3,2642604,EQ,,,
2/2/2015,267.1,273.25,263.05,270.4,1427588,EQ,,,
2/3/2015,269.6,270.55,263.8,266,2550172,EQ,,,
2/4/2015,265.75,270.2,264.3,266.9,1549378,EQ,,,
2/5/2015,268.75,273.2,267.55,269.1,2014787,EQ,,,
2/6/2015,269.25,269.75,262.5,263.4,1725780,EQ,,,
2/9/2015,261.75,262.95,258.6,260,1307974,EQ,,,
2/10/2015,257.5,265.55,257.5,263.6,2318938,EQ,,,
2/11/2015,264.5,266.2,263.25,264.6,1040397,EQ,,,
2/12/2015,266.25,270.5,263.2,269,1381435,EQ,,,
2/13/2015,270.3,270.5,265.9,266.45,1928625,EQ,,,
2/16/2015,268.95,271.25,265.6,266.9,1847179,EQ,,,
2/18/2015,266.9,270.75,264.25,268.7,1345423,EQ,,,
2/19/2015,268.5,271.2,265.95,269.95,1126751,EQ,,,
2/20/2015,270.75,272.5,267.1,268.25,1551506,EQ,,,
2/23/2015,269.25,270.4,265.5,266.9,1395391,EQ,,,
2/24/2015,267.55,267.75,264.25,266.9,1461572,EQ,,,
2/25/2015,267.5,268.7,262.5,263.1,1162131,EQ,,,
2/26/2015,263.4,264,258.75,259.55,3106736,EQ,,,
2/27/2015,261.35,264.6,261.35,263.5,2565446,EQ,,,
2/28/2015,265.75,269.2,261.05,267.8,2895345,EQ,,,
3/2/2015,270.05,274.75,267,270.6,3596308,EQ,,,
3/3/2015,271.6,273,269.25,270.8,1507337,EQ,,,
3/4/2015,276.25,277.3,265,266.3,3069406,EQ,,,
3/5/2015,266.25,272.5,265.6,271.25,2425613,EQ,,,
3/9/2015,269.25,270.45,264,264.75,1438952,EQ,,,
3/10/2015,265.5,265.55,261.25,263.1,1283709,EQ,,,
3/11/2015,262.7,265.5,262.5,264.1,1366384,EQ,,,
3/12/2015,265,266,262.75,263.65,1882709,EQ,,,
3/13/2015,265,266,258.65,260.65,1356695,EQ,,,
3/16/2015,261.25,264.5,260.6,262.9,1337193,EQ,,,
3/17/2015,265,266.5,260.7,264.5,1342326,EQ,,,
3/18/2015,265.05,268,263.3,265.9,1287083,EQ,,,
3/19/2015,267.75,268.45,262.2,263.05,1343393,EQ,,,
3/20/2015,262.75,264.9,261.5,264,1620809,EQ,,,
3/23/2015,264,264.85,261.5,261.95,1361685,EQ,,,
3/24/2015,260.8,264.25,258.85,259.5,2243391,EQ,,,
3/25/2015,260,261.7,257.75,258.55,2652225,EQ,,,
3/26/2015,256.7,258.05,250.5,251.75,8950155,EQ,,,
3/27/2015,253.75,255.9,252,253.65,2710224,EQ,,,
3/30/2015,255,259.75,253.2,259.2,1738786,EQ,,,
3/31/2015,260,260,253.7,255.7,1490564,EQ,,,
4/1/2015,256.5,259.2,253.25,258.3,961049,EQ,,,
4/6/2015,258.75,259.2,254.95,258,1787793,EQ,,,
4/7/2015,258.3,259.55,255.9,258.2,1549268,EQ,,,
4/8/2015,260,260.6,257.5,258.9,1026536,EQ,,,
4/9/2015,259.55,264.75,257.5,264,1750696,EQ,,,
4/10/2015,263.25,263.25,258.7,260.65,1529831,EQ,,,
4/13/2015,260,261.55,258.7,259.7,1140809,EQ,,,
4/15/2015,260,262.2,256.3,257.9,1223499,EQ,,,
4/16/2015,257,258.4,254.5,257.4,1402530,EQ,,,
4/17/2015,256.25,256.95,254,254.55,1012253,EQ,,,
4/20/2015,255,256.25,250.65,251.3,1297220,EQ,,,
4/21/2015,251.25,253.6,248.9,250.75,1627686,EQ,,,
4/22/2015,251.6,255.25,248.4,253.3,1691484,EQ,,,
4/23/2015,255,256.05,251.5,253.4,2406957,EQ,,,
4/24/2015,254.7,254.75,250.1,251.6,1801311,EQ,,,
4/27/2015,251.75,253.1,249,251.35,1842676,EQ,,,
4/28/2015,249.9,252.85,247.5,251.1,1985527,EQ,,,
4/29/2015,251,252.4,247,248.3,1965891,EQ,,,
4/30/2015,247.75,248.75,244.75,247.2,3785921,EQ,,,
5/4/2015,248.5,252.4,248,250.25,785362,EQ,,,
5/5/2015,249.75,251,246.45,246.9,1284501,EQ,,,
5/6/2015,246.9,246.9,241.4,242.65,2751924,EQ,,,
5/7/2015,242,242.5,236.05,237.8,2934166,EQ,,,
5/8/2015,240.4,246.95,238.85,245.5,2892983,EQ,,,
5/11/2015,246.5,248.2,243.5,247.55,1682836,EQ,,,
5/12/2015,247.5,247.5,241.75,243,2776892,EQ,,,
5/13/2015,243.95,248.35,242.9,247.55,1947962,EQ,,,
5/14/2015,247.25,248.7,243.5,247.75,1113797,EQ,,,
5/15/2015,248.7,249.4,246.05,247.5,2038406,EQ,,,
5/18/2015,249,253,248,252.45,1428326,EQ,,,
5/19/2015,251.6,254.5,249.5,251.9,1196587,EQ,,,
5/20/2015,252.4,256.7,252.4,256,1002210,EQ,,,
5/21/2015,256,257.5,253.8,256.2,983595,EQ,,,
5/22/2015,256.2,257.25,254.6,256.05,1172384,EQ,,,
5/25/2015,257.1,257.75,254.4,255.9,1092265,EQ,,,
5/26/2015,256.1,257.55,254.5,256.85,1226586,EQ,,,
5/27/2015,255.95,260,255.35,259.55,804648,EQ,,,
5/28/2015,259.75,260.9,255.55,257.35,2390290,EQ,,,
5/29/2015,257.5,263.5,256.8,262.6,1264670,EQ,,,
6/1/2015,262.25,264,257.75,259.05,960330,EQ,,,
6/2/2015,259.6,260.05,251.2,252.2,1181502,EQ,,,
6/3/2015,252.25,254.25,249.5,251.4,1456208,EQ,,,
6/4/2015,252.2,254.45,248.75,253.75,1389397,EQ,,,
6/5/2015,252.55,254.6,250.6,252.95,1688465,EQ,,,
6/8/2015,251.05,253.05,248.9,250.85,952999,EQ,,,
6/9/2015,251.25,251.5,249.3,250.45,1510065,EQ,,,
6/10/2015,249.5,254.75,249.25,253.9,1996562,EQ,,,
6/11/2015,254.4,254.6,248.7,250.05,2273544,EQ,,,
6/12/2015,250.25,252.7,247.55,252.3,1632086,EQ,,,
6/15/2015,250.5,253.45,250,251.3,1499957,EQ,,,
6/16/2015,250,252.6,249.25,252.1,1502631,EQ,,,
6/17/2015,252.25,253.4,249.9,251.2,2421567,EQ,,,
6/18/2015,251.5,255.95,250.55,254.9,2107929,EQ,,,
6/19/2015,256.2,258.75,253.3,257.6,935581,EQ,,,
6/22/2015,258,264.2,257.1,261.8,1362413,EQ,,,
6/23/2015,263,265.3,260.6,263,1413795,EQ,,,
6/24/2015,263.5,264.45,260.7,261.45,1566849,EQ,,,
6/25/2015,262.05,267.7,260.65,266.25,4143392,EQ,,,
6/26/2015,266.75,267.75,262.9,265.7,1411876,EQ,,,
6/29/2015,261.2,265.45,257.6,264.15,1621959,EQ,,,
6/30/2015,263.05,268,262,266.8,1822534,EQ,,,
7/1/2015,265.3,269.25,265,268.05,1242797,EQ,,,
7/2/2015,266.25,266.9,263.9,264.55,1120861,EQ,,,
7/3/2015,263.5,269.05,263.5,268.55,1009822,EQ,,,
7/6/2015,266,271.25,265.05,270.9,816945,EQ,,,
7/7/2015,269.6,272.9,269.6,271.7,1035368,EQ,,,
7/8/2015,269.75,270.15,266.5,267.2,1350169,EQ,,,
7/9/2015,265.7,269.2,265,268.5,699491,EQ,,,
7/10/2015,267.45,273.75,267.1,272.7,1225022,EQ,,,
7/13/2015,271.25,276.5,271.25,274.05,1769021,EQ,,,
7/14/2015,273.9,275.5,271.5,272.95,1418529,EQ,,,
7/15/2015,273.25,275.35,272.7,274.2,962351,EQ,,,
7/16/2015,274.7,279.75,274.5,278.7,1827606,EQ,,,
7/17/2015,279.85,280.45,276.4,277.6,877747,EQ,,,
7/20/2015,279,279.75,276.75,278.8,1137817,EQ,,,
7/21/2015,279.1,282,273.25,274.5,2757034,EQ,,,
7/22/2015,274.1,279.25,272.15,278.6,1821600,EQ,,,
7/23/2015,278.2,279.2,275,277,1270793,EQ,,,
7/24/2015,275.8,278.75,275.1,276.95,1190252,EQ,,,
7/27/2015,276,276.1,267.5,273.95,832143,EQ,,,
7/28/2015,273.5,278.5,273.1,277.1,1586418,EQ,,,
7/29/2015,276.25,279.5,276.25,277.05,985758,EQ,,,
7/30/2015,276.75,279.25,275.25,277.6,2365547,EQ,,,
7/31/2015,278.9,280.25,275.75,277.9,1412375,EQ,,,
8/3/2015,278.2,279.4,273.35,273.85,1086432,EQ,,,
8/4/2015,274.5,275.5,270.5,271.6,1347732,EQ,,,
8/5/2015,273.05,274.4,271.3,273.05,1030695,EQ,,,
8/6/2015,273,275.3,271.35,274,935928,EQ,,,
8/7/2015,273.5,274.4,272.15,273.15,806785,EQ,,,
8/10/2015,273.75,276.5,272,273.65,988594,EQ,,,
8/11/2015,273.75,274.7,271.05,273.7,681922,EQ,,,
8/12/2015,272.1,273.7,266.9,267.6,1501435,EQ,,,
8/13/2015,269.25,270.7,266.65,269.4,866263,EQ,,,
8/14/2015,270.75,275.9,270,275.45,900415,EQ,,,
8/17/2015,274.75,275.45,268.95,272.9,625053,EQ,,,
8/18/2015,272.9,274,269.6,271.55,464329,EQ,,,
8/19/2015,271.2,271.75,268.75,270.45,751144,EQ,,,
8/20/2015,267,271.2,267,268.7,761213,EQ,,,
8/21/2015,266,268.25,262.75,265.3,1939743,EQ,,,
8/24/2015,261.2,261.2,252.8,254.75,3671582,EQ,,,
8/25/2015,256.2,258.05,251.4,254.6,3086980,EQ,,,
8/26/2015,254.35,257.25,252.25,253.4,1393250,EQ,,,
8/27/2015,256.25,258.6,252.3,255.5,3468358,EQ,,,
8/28/2015,257.75,260.7,254.85,257,1388284,EQ,,,
8/31/2015,255.3,258.2,253.9,256.85,860365,EQ,,,
9/1/2015,255.3,255.3,248.25,250,2617286,EQ,,,
9/2/2015,251.3,253.5,246.25,248.8,2170422,EQ,,,
9/3/2015,250.55,253.75,249.75,252.55,1626842,EQ,,,
9/4/2015,250.55,251.5,245,249,2851148,EQ,,,
9/7/2015,250.25,252.45,245,246.1,1345435,EQ,,,
9/8/2015,246.7,252.5,244.25,251,1861122,EQ,,,
9/9/2015,253.6,256.25,251.25,254.05,1638280,EQ,,,
9/10/2015,250.75,254.25,249.05,252.75,1115935,EQ,,,
9/11/2015,253.6,255,251.7,252.6,1075440,EQ,,,
9/14/2015,252.2,255.55,250.9,254.9,1265086,EQ,,,
9/15/2015,254.5,254.9,252,253.3,1083182,EQ,,,
9/16/2015,254.7,257,252.9,255.85,1063513,EQ,,,
9/18/2015,258.75,265.5,257.8,262.45,1960292,EQ,,,
9/21/2015,259.5,263.75,259.05,263.25,1069172,EQ,,,
9/22/2015,262.5,265,256.3,257.65,1506303,EQ,,,
9/23/2015,254.8,263.35,254.65,262.3,1290288,EQ,,,
9/24/2015,261.75,263.5,259,262.85,2063209,EQ,,,
9/28/2015,263.75,265,260.75,261.6,1444277,EQ,,,
9/29/2015,258,268.5,256.25,266.2,2604710,EQ,,,
9/30/2015,267,268.25,265.3,267.2,2256949,EQ,,,
10/1/2015,268.8,269.2,264.8,266.9,1258697,EQ,,,
10/5/2015,269.3,276.2,269.3,274.55,2013343,EQ,,,
10/6/2015,276.75,277,270.75,271.5,1189741,EQ,,,
10/7/2015,272,274.55,270.8,271.95,1096567,EQ,,,
10/8/2015,272,272.7,268.85,270.75,970477,EQ,,,
10/9/2015,273.75,273.75,270.05,271.55,860807,EQ,,,
10/12/2015,271.9,273.9,269.45,270.1,554335,EQ,,,
10/13/2015,268.9,270.55,268.3,269.05,455913,EQ,,,
10/14/2015,267.2,271.6,266.75,271.2,687287,EQ,,,
10/15/2015,271.4,274.1,270.25,271.05,981488,EQ,,,
10/16/2015,272.5,275.4,271.25,275,1210922,EQ,,,
10/19/2015,275,275.5,273.55,274.45,663555,EQ,,,
10/20/2015,274.5,275.7,272.8,273.7,962839,EQ,,,
10/21/2015,274.7,276,271.25,273.75,1818301,EQ,,,
10/23/2015,274.85,278.4,274,277.1,1116762,EQ,,,
10/26/2015,278.5,278.55,274.25,275.4,1221996,EQ,,,
10/27/2015,273.9,278.5,273.9,277.7,2246008,EQ,,,
10/28/2015,276.25,281,276.25,277.9,1923690,EQ,,,
10/29/2015,277.5,278.6,275,275.9,1675592,EQ,,,
10/30/2015,275.5,278,272.6,274.9,2024365,EQ,,,
11/2/2015,273.75,274,269.1,270.75,789138,EQ,,,
11/3/2015,272.75,273,269.8,271.2,637148,EQ,,,
11/4/2015,272.5,274.5,269.55,270.4,674111,EQ,,,
11/5/2015,269.6,270.75,267.4,269.95,899238,EQ,,,
11/6/2015,270.2,272.25,268.8,270.2,1470251,EQ,,,
11/9/2015,264.5,267.4,262.75,266.2,2857358,EQ,,,
11/10/2015,265,266.25,263.1,263.65,1100645,EQ,,,
11/11/2015,263.75,265,263.1,263.6,243873,EQ,,,
11/13/2015,262.35,263.75,260.25,263,985007,EQ,,,
11/16/2015,262.2,266.25,261.3,265.25,1183683,EQ,,,
11/17/2015,265.8,265.95,262.8,265.2,641851,EQ,,,
11/18/2015,265.4,266.45,261.55,262.15,611680,EQ,,,
11/19/2015,263.75,267.75,262.4,267.2,819420,EQ,,,
11/20/2015,266.2,270.05,265,267.7,1162040,EQ,,,
11/23/2015,268.5,268.9,264.75,266.5,852070,EQ,,,
11/24/2015,266.3,268.4,265.5,266.05,1000563,EQ,,,
11/26/2015,264.75,266.75,262.75,266,2197871,EQ,,,
11/27/2015,266.2,270.55,265.25,269.85,1731268,EQ,,,
11/30/2015,269.8,270.25,267.4,269.45,1311944,EQ,,,
12/1/2015,269.25,271.2,268.4,270.75,473833,EQ,,,
12/2/2015,272.5,273.2,267.95,269.45,640571,EQ,,,
12/3/2015,268.1,270.25,266.8,269.2,951928,EQ,,,
12/4/2015,268.4,268.4,264,264.7,1464957,EQ,,,
12/7/2015,267.05,267.75,265.25,265.5,1453702,EQ,,,
12/8/2015,265.25,265.5,261.75,262.3,1225665,EQ,,,
12/9/2015,261.75,264.25,261.2,261.85,972654,EQ,,,
12/10/2015,261.25,265.8,260.55,265.15,1628585,EQ,,,
12/11/2015,265,265.15,260.5,261.55,758480,EQ,,,
12/14/2015,260.25,264.95,260,263.75,1469504,EQ,,,
12/15/2015,263.25,265.6,261.3,264.85,1139354,EQ,,,
12/16/2015,265.75,268.3,264.8,266.8,1710692,EQ,,,
12/17/2015,268.5,271,266.25,270.05,1219503,EQ,,,
12/18/2015,271.25,271.25,267.1,268.25,793032,EQ,,,
12/21/2015,267.95,270,267.25,268.85,774375,EQ,,,
12/22/2015,268.6,269.1,266,266.6,607384,EQ,,,
12/23/2015,268.15,269.5,267.3,268.5,753492,EQ,,,
12/24/2015,269.05,269.1,267.05,268.5,536588,EQ,,,
12/28/2015,268.5,270,266.95,269.3,1938857,EQ,,,
12/29/2015,269.75,269.95,267.8,269.5,1057903,EQ,,,
12/30/2015,270,270.5,268.1,268.55,528140,EQ,,,
12/31/2015,268.75,271.2,268.75,270.55,2322502,EQ,,,
1/1/2016,270.6,272.55,269.05,272.2,798769,EQ,,,
1/4/2016,271,271,267,267.6,1296884,EQ,,,
1/5/2016,267.55,268.7,265.3,265.6,790218,EQ,,,
1/6/2016,264.15,269.2,264.15,266.75,1041384,EQ,,,
1/7/2016,265,266.2,262.4,264.05,1513857,EQ,,,
1/8/2016,265.5,266.1,264.3,265.55,872089,EQ,,,
1/11/2016,263,265.25,261.3,264.65,822228,EQ,,,
1/12/2016,266,266,260.9,261.75,1064684,EQ,,,
1/13/2016,263,265.7,259.25,265.05,1128787,EQ,,,
1/14/2016,262.55,264.35,259.9,262.45,1569796,EQ,,,
1/15/2016,262,263.85,259.5,260.55,1354315,EQ,,,
1/18/2016,258.9,260.35,255.25,256.45,1623847,EQ,,,
1/19/2016,256.8,259.4,256.55,258.95,1601303,EQ,,,
1/20/2016,256.25,277,252,254.55,2390897,EQ,,,
1/21/2016,255.25,258.3,253.35,255.75,1575201,EQ,,,
1/22/2016,256.4,261.05,255.5,257.55,1059071,EQ,,,
1/25/2016,260,261.7,258.25,260.3,2535971,EQ,,,
1/27/2016,262.1,262.2,258.25,258.9,1009867,EQ,,,
1/28/2016,259.75,261.7,257.5,257.9,2487993,EQ,,,
1/29/2016,258.8,263.75,258.8,262.45,1340046,EQ,,,
2/1/2016,264.5,266.75,263.4,264.95,1152371,EQ,,,
2/2/2016,266.25,266.3,262.55,263.45,1632157,EQ,,,
2/3/2016,261.1,262.85,260.5,260.95,1212561,EQ,,,
2/4/2016,262,263.7,261.4,262.3,1418998,EQ,,,
2/5/2016,263.2,265.95,261.4,263.8,1880976,EQ,,,
2/8/2016,263.75,264.5,257.55,258.95,870481,EQ,,,
2/9/2016,256.7,257.9,255.15,256.5,1383865,EQ,,,
2/10/2016,256,257.55,252.5,253.25,1920570,EQ,,,
2/11/2016,252.5,253.25,242.05,243.8,2200900,EQ,,,
2/12/2016,244.75,246.6,241.5,242.85,3135536,EQ,,,
2/15/2016,245,247.05,242.8,243.4,2728240,EQ,,,
2/16/2016,245.4,245.5,240.5,243.35,1784024,EQ,,,
2/17/2016,244.2,245,239.75,243.7,1875981,EQ,,,
2/18/2016,246.5,247.8,244.25,247.35,1699964,EQ,,,
2/19/2016,247.2,248.15,243.4,247.3,832165,EQ,,,
2/22/2016,245.75,249,245.75,247.2,1000599,EQ,,,
2/23/2016,246.2,246.4,241.5,242.5,1519580,EQ,,,
2/24/2016,240,240.7,236.6,237.4,1615867,EQ,,,
2/25/2016,238.5,239.3,234.55,235.65,2115799,EQ,,,
2/26/2016,237.5,242.75,236.25,240.25,1552347,EQ,,,
2/29/2016,240.3,245.65,232,242.95,2203188,EQ,,,
3/1/2016,243.75,246.7,242.95,246.05,1080640,EQ,,,
3/2/2016,249.5,252.7,248.75,251.8,1589744,EQ,,,
3/3/2016,252.7,255,252.5,253.95,1152600,EQ,,,
3/4/2016,253.85,256.2,248.3,255.1,1426156,EQ,,,
3/8/2016,256,256,252.4,253.55,478422,EQ,,,
3/9/2016,253.25,257.5,251.7,256.2,1632043,EQ,,,
3/10/2016,256.2,256.45,252.5,255.3,667848,EQ,,,
3/11/2016,255,257.7,253.25,257.2,1182714,EQ,,,
3/14/2016,257,259.5,256.3,256.9,752164,EQ,,,
3/15/2016,257,258.35,255.4,256.7,1922509,EQ,,,
3/16/2016,256.75,258.55,254.75,257.6,1200887,EQ,,,
3/17/2016,258.75,259.75,252.8,254.6,1278371,EQ,,,
3/18/2016,255.75,258,253.85,257.1,1033767,EQ,,,
3/21/2016,258.25,261.8,258.05,261.4,1329699,EQ,,,
3/22/2016,261.6,264.15,260.2,263.45,1030066,EQ,,,
3/23/2016,263.25,263.25,260.1,262.3,2116075,EQ,,,
3/28/2016,261.25,263.25,260.4,261.9,2817717,EQ,,,
3/29/2016,261.9,264.9,261.05,263.45,1683488,EQ,,,
3/30/2016,264.5,267.5,263.5,266.25,1953595,EQ,,,
3/31/2016,266.7,269.7,266.25,267.8,5020098,EQ,,,
4/1/2016,267.2,269.1,264.2,266.1,1289662,EQ,,,
4/4/2016,266.3,268.2,266,267.25,1544990,EQ,,,
4/5/2016,267.25,269.2,263.9,264.35,1665757,EQ,,,
4/6/2016,265.25,266.75,264.2,265.4,1073844,EQ,,,
4/7/2016,266,266.2,261.75,263.9,977923,EQ,,,
4/8/2016,263.75,265.8,263.55,264.8,740699,EQ,,,
4/11/2016,265.05,268.5,260.7,267.75,1012405,EQ,,,
4/12/2016,267.4,267.75,264.8,265.75,1235370,EQ,,,
4/13/2016,268,271.25,267.4,270.45,1243651,EQ,,,
4/18/2016,270.9,273,267.9,271.95,1029267,EQ,,,
4/20/2016,273,275,270.9,274.45,955338,EQ,,,
4/21/2016,273.75,276.3,272.25,272.8,2047932,EQ,,,
4/22/2016,272.4,275.2,271.3,273.05,1952330,EQ,,,
4/25/2016,275,275,271.1,273.3,1390490,EQ,,,
4/26/2016,273.75,278.75,273.1,278.45,1763449,EQ,,,
4/27/2016,277.45,281.25,277.25,281.05,1440909,EQ,,,
4/28/2016,281.05,284.2,277.55,278.5,2022396,EQ,,,
4/29/2016,278.45,284,276.55,283.05,1402985,EQ,,,
5/2/2016,281.95,282.5,279,279.4,965679,EQ,,,
5/3/2016,280.5,283.75,278.3,279.5,1173824,EQ,,,
5/4/2016,279.4,283.6,278.55,281.8,1323082,EQ,,,
5/5/2016,282,283.7,280.7,283.05,1303562,EQ,,,
5/6/2016,283,283.05,279.3,279.9,683288,EQ,,,
5/9/2016,280,286.25,279.75,285.35,1738295,EQ,,,
5/10/2016,285.9,286.9,284,286.2,1363250,EQ,,,
5/11/2016,283.7,286.25,282.4,284.7,1536843,EQ,,,
5/12/2016,286,288,283.1,287.25,1055422,EQ,,,
5/13/2016,287,287,282.5,285.2,1261329,EQ,,,
5/16/2016,286.25,291.5,283.1,290.7,1129692,EQ,,,
5/17/2016,291.25,292.3,287.8,288.35,1073856,EQ,,,
5/18/2016,287.75,287.75,282.9,285.15,1040661,EQ,,,
5/19/2016,285,285.7,283,284.8,963949,EQ,,,
5/20/2016,285,287.1,283.4,285.2,504158,EQ,,,
5/23/2016,285.5,287.5,283.3,284.2,865883,EQ,,,
5/24/2016,284.6,285.9,283.9,285,814867,EQ,,,
5/25/2016,286.55,294,286.55,293.3,1441837,EQ,,,
5/26/2016,294,297.2,291.55,295.8,3426390,EQ,,,
5/27/2016,295.8,297.5,294.2,296.7,1443796,EQ,,,
5/30/2016,296.75,298.75,294.5,294.95,953633,EQ,,,
5/31/2016,296.5,296.5,294.35,295.5,1378910,EQ,,,
6/1/2016,295.75,295.75,292.75,293.8,1418908,EQ,,,
6/2/2016,293.7,295.15,292.75,293.75,1977654,EQ,,,
6/3/2016,295,296.25,292.25,292.95,1131105,EQ,,,
6/6/2016,294,295.6,292.5,292.75,1386827,EQ,,,
6/7/2016,294.25,295,291.9,293.4,1407126,EQ,,,
6/8/2016,293.95,294.5,290.25,290.65,1185703,EQ,,,
6/9/2016,290.6,291.05,288.1,289.85,1162046,EQ,,,
6/10/2016,289.6,293.2,289.05,290.3,1580578,EQ,,,
6/13/2016,288.7,291.25,287.75,288.2,830809,EQ,,,
6/14/2016,288.75,289.25,286.05,287.95,957192,EQ,,,
6/15/2016,288.75,292.7,288.3,292.4,761456,EQ,,,
6/16/2016,291.6,292.2,288.8,290.55,1181942,EQ,,,
6/17/2016,291.75,294.5,291.4,292.5,940413,EQ,,,
6/20/2016,289.75,294.8,289.7,293,685691,EQ,,,
6/21/2016,293.75,293.85,290.3,291.65,667742,EQ,,,
6/22/2016,291.5,293.75,291.5,292.9,950960,EQ,,,
6/23/2016,292.45,297.95,291.9,297.5,981683,EQ,,,
6/24/2016,289.95,293,286.75,290.5,2793491,EQ,,,
6/27/2016,290.5,292.25,288.25,290,1040947,EQ,,,
6/28/2016,290.3,293.25,287.5,291.75,1008745,EQ,,,
6/29/2016,291.25,292.4,289.9,292.05,1355167,EQ,,,
6/30/2016,292.75,295,290.55,294.1,4069723,EQ,,,
7/1/2016,295,296.25,292.95,293.6,1076219,EQ,,,
7/4/2016,294.55,294.9,292.85,293.2,1812463,EQ,,,
7/5/2016,293.2,293.55,290.5,291.4,534082,EQ,,,
7/7/2016,292,297.2,290.2,296.4,1208154,EQ,,,
7/8/2016,296.25,296.4,292.8,293.7,779717,EQ,,,
7/11/2016,296.5,300.5,295.25,299.95,1275633,EQ,,,
7/12/2016,302.5,302.5,298.9,300.55,1761508,EQ,,,
7/13/2016,299.95,300.5,298.3,299.45,1671768,EQ,,,
7/14/2016,300.25,300.55,298.05,300.05,864917,EQ,,,
7/15/2016,300.95,306.5,298.75,305.9,1443554,EQ,,,
7/18/2016,306.25,309.6,305.65,306.85,1109621,EQ,,,
7/19/2016,307.25,307.7,303.45,304.55,646501,EQ,,,
7/20/2016,305.75,309.6,305.45,308.05,1172583,EQ,,,
7/21/2016,307.7,310,305.6,307.15,2278226,EQ,,,
7/22/2016,308.3,308.65,305.4,307.7,1405068,EQ,,,
7/25/2016,308.25,312.35,306.75,311.75,2468221,EQ,,,
7/26/2016,310.6,311.4,308.8,309.7,1416498,EQ,,,
7/27/2016,310.25,311.9,307.5,309.25,2683684,EQ,,,
7/28/2016,309.5,312.8,308.9,312.1,2661632,EQ,,,
7/29/2016,312,312.5,308.75,311.55,848919,EQ,,,
8/1/2016,312.25,314.75,306.9,310.55,1390216,EQ,,,
8/2/2016,311.75,314.1,310.1,310.8,1332349,EQ,,,
8/3/2016,310.25,312.5,307.75,310.1,1183469,EQ,,,
8/4/2016,311.65,311.7,308.4,310.25,1165720,EQ,,,
8/5/2016,311.85,313.9,310.45,312.3,1446228,EQ,,,
8/8/2016,313.2,313.75,311.1,312.4,1182194,EQ,,,
8/9/2016,313.2,313.2,309.4,311.8,1052714,EQ,,,
8/10/2016,311.25,312.75,304.95,306.7,904930,EQ,,,
8/11/2016,306.7,308.75,305.5,307.05,714018,EQ,,,
8/12/2016,307.75,308.75,304.85,307.2,1160374,EQ,,,
8/16/2016,308.25,309.6,303.45,306.8,867142,EQ,,,
8/17/2016,308.35,309.4,306.5,308.7,1377759,EQ,,,
8/18/2016,309.5,313.7,308.6,313.1,1527914,EQ,,,
8/19/2016,312.5,312.5,310.35,311.75,1027659,EQ,,,
8/22/2016,311.25,313.6,310.25,312.55,1375323,EQ,,,
8/23/2016,312.75,313.5,311.5,312.85,1328631,EQ,,,
8/24/2016,313,316.05,311.75,315.45,1392734,EQ,,,
8/25/2016,316,316.7,313.55,314.6,2182472,EQ,,,
8/26/2016,315,315.5,313.5,314.25,630284,EQ,,,
8/29/2016,313.9,313.9,309.05,309.5,736046,EQ,,,
8/30/2016,311.25,317.6,311,317.15,2466902,EQ,,,
8/31/2016,317.25,323.75,316.4,322.8,2790341,EQ,,,
9/1/2016,322,322.5,318.85,320.9,1306169,EQ,,,
9/2/2016,321.4,322.25,320.3,321.25,988797,EQ,,,
9/6/2016,322.5,326,322.5,325.1,1377221,EQ,,,
9/7/2016,325.25,326.25,320.75,321.7,1004111,EQ,,,
9/8/2016,322.5,323.8,320.9,322.35,726345,EQ,,,
9/9/2016,322.5,323.6,319.55,322.6,1003442,EQ,,,
9/12/2016,318.7,321.1,317.9,320,996432,EQ,,,
9/14/2016,318.75,319.25,316.35,317.35,962377,EQ,,,
9/15/2016,318,321,317.45,319.9,875453,EQ,,,
9/16/2016,320.95,326.1,320.95,324.45,1631454,EQ,,,
9/19/2016,324.25,325.6,322,322.55,1473708,EQ,,,
9/20/2016,323.15,323.75,321,322.1,944562,EQ,,,
9/21/2016,323,324.5,322,323.25,1064100,EQ,,,
9/22/2016,326.25,329.25,325.1,326.7,1638950,EQ,,,
9/23/2016,326.5,329.6,325.4,328.2,1219202,EQ,,,
9/26/2016,326.5,327.2,323.4,324.05,1394193,EQ,,,
9/27/2016,324.75,326.55,323.7,324.5,1014203,EQ,,,
9/28/2016,325,325,322.25,323.8,1247413,EQ,,,
9/29/2016,324.5,326.5,317,319.4,4112503,EQ,,,
9/30/2016,319.25,320.25,316.85,318.2,1034607,EQ,,,
10/3/2016,320.25,322.5,319.1,321.8,975137,EQ,,,
10/4/2016,322.15,323.75,320.55,322.4,693878,EQ,,,
10/5/2016,324.5,325,319.1,321.5,911755,EQ,,,
10/6/2016,321.75,323.9,319.75,320.5,723928,EQ,,,
10/7/2016,321,321.95,319.05,320.15,834366,EQ,,,
10/10/2016,321.25,322,319.7,321.05,1179828,EQ,,,
10/13/2016,319.75,319.75,314.1,315.7,1129839,EQ,,,
10/14/2016,316.45,317,313.5,315.45,1016779,EQ,,,
10/17/2016,316.4,316.6,308.2,309.4,1283840,EQ,,,
10/18/2016,310.8,315,309.75,314.45,652742,EQ,,,
10/19/2016,315.25,315.75,312,314.55,761226,EQ,,,
10/20/2016,315.05,316.85,312.75,313.9,800089,EQ,,,
10/21/2016,314,318.25,312.5,317.7,989102,EQ,,,
10/24/2016,317.95,319.2,315.25,315.9,813916,EQ,,,
10/25/2016,317,317,311,312.55,1375449,EQ,,,
10/26/2016,310.8,316.25,308.75,309.8,1341635,EQ,,,
10/27/2016,309.75,314.25,306.05,313,2905965,EQ,,,
10/28/2016,313.6,315.5,310,314.75,1330134,EQ,,,
10/30/2016,315.8,315.8,312.5,313.3,191554,EQ,,,
11/1/2016,314,315.95,311.75,314.95,850604,EQ,,,
11/2/2016,312.75,313.9,310.4,311.55,1618608,EQ,,,
11/3/2016,311.25,315,307.95,313.75,1578953,EQ,,,
11/4/2016,313.2,313.2,310.45,310.9,1433730,EQ,,,
11/7/2016,313,313.7,310,312.35,1417848,EQ,,,
11/8/2016,312.75,314.5,310,313.55,1337041,EQ,,,
11/9/2016,300,314.35,298.8,312.8,3411367,EQ,,,
11/10/2016,315.95,320.75,313.5,319.6,2675184,EQ,,,
11/11/2016,318.5,320.5,316.4,318.95,1784830,EQ,,,
11/15/2016,319.4,322.25,312.65,313.7,3128131,EQ,,,
11/16/2016,317,317,310,311.05,2161936,EQ,,,
11/17/2016,309.55,312.2,306.3,307.55,1203906,EQ,,,
11/18/2016,309,309,302.3,302.85,1719975,EQ,,,
11/21/2016,304.9,304.9,297.05,299.7,1388130,EQ,,,
11/22/2016,301.7,301.7,297.3,299.5,2504446,EQ,,,
11/23/2016,300.75,300.75,295.25,296.2,883173,EQ,,,
11/24/2016,296,296.55,290.2,291.4,3821499,EQ,,,
11/25/2016,292.25,298.3,289.5,297.3,1492490,EQ,,,
11/28/2016,295.05,299.7,294.5,296.1,1032545,EQ,,,
11/29/2016,296.2,298.25,294.1,294.7,983161,EQ,,,
11/30/2016,296.25,300.5,295.25,299.9,1610710,EQ,,,
12/1/2016,300.55,302,298.25,299.3,1119246,EQ,,,
12/2/2016,297.25,300.5,294.2,297.25,1015668,EQ,,,
12/5/2016,296.9,299.75,294.1,299.05,1137984,EQ,,,
12/6/2016,298.75,300.7,297.55,298.6,675741,EQ,,,
12/7/2016,300.45,301.5,291.75,295.4,1407048,EQ,,,
12/8/2016,296.75,301.4,296.75,299.9,1077424,EQ,,,
12/9/2016,299.75,300.55,297,299.55,1096988,EQ,,,
12/12/2016,298,298.05,295.25,296.1,856318,EQ,,,
12/13/2016,295.05,297.55,294.6,296.55,631717,EQ,,,
12/14/2016,296.75,297,293.35,293.9,1078536,EQ,,,
12/15/2016,291.05,298.6,290.9,294.15,1235372,EQ,,,
12/16/2016,294.15,296.25,292.9,295.55,813957,EQ,,,
12/19/2016,294.2,294.9,292.6,294.2,790109,EQ,,,
12/20/2016,294,296.25,292.9,295.5,1047498,EQ,,,
12/21/2016,296,296.25,293.75,295,664719,EQ,,,
12/22/2016,294.1,294.9,292.1,293.25,701429,EQ,,,
12/23/2016,292.75,297.3,292.3,296.55,1188129,EQ,,,
12/26/2016,294.6,296.5,292.5,293.75,1045966,EQ,,,
12/27/2016,294.8,296.7,293.5,296.3,1224824,EQ,,,
12/28/2016,297.5,298.75,295.25,296.7,1626960,EQ,,,
12/29/2016,296.25,302,295.35,301.3,2025204,EQ,,,
12/30/2016,300,303,300,301.55,1016635,EQ,,,
1/2/2017,302.35,302.5,298,299.25,927164,EQ,,,
1/3/2017,300.2,300.5,296.45,297.5,961875,EQ,,,
1/4/2017,297.45,298,295.95,296.4,1741780,EQ,,,
1/5/2017,297.25,298.6,295.75,296.55,1694096,EQ,,,
1/6/2017,297.5,299.6,297.05,298.4,1381315,EQ,,,
1/9/2017,299.7,301.05,298.05,298.8,1143449,EQ,,,
1/10/2017,299.05,304.2,298.8,303.55,1386529,EQ,,,
1/11/2017,304.4,309.5,303.9,308.5,2335851,EQ,,,
1/12/2017,308.75,310.9,306.4,308.75,729079,EQ,,,
1/13/2017,309.75,309.9,307.15,308.1,962603,EQ,,,
1/16/2017,308.4,312.35,308.2,311.9,941466,EQ,,,
1/17/2017,311.75,313.1,309.05,309.6,889903,EQ,,,
1/18/2017,310.2,314,310.2,310.65,1153222,EQ,,,
1/19/2017,311.2,311.2,308.75,309.05,878103,EQ,,,
1/20/2017,309,311.25,307.5,309.05,3485517,EQ,,,
1/23/2017,309,312.5,308.95,311.15,1198462,EQ,,,
1/24/2017,312.5,317.9,312.3,316.9,2565466,EQ,,,
1/25/2017,318.15,323.9,317.5,322.65,3909246,EQ,,,
1/27/2017,324.75,325,322,323,1713059,EQ,,,
1/30/2017,323.25,323.25,320.1,321.25,1329907,EQ,,,
1/31/2017,320.6,323.2,319.25,321.65,1525260,EQ,,,
2/1/2017,321.55,327.5,320.1,326.4,2727666,EQ,,,
2/2/2017,326.4,326.4,323.15,324.7,1492909,EQ,,,
2/3/2017,324.75,329,324.1,327.75,2001276,EQ,,,
2/6/2017,328.05,330,327.85,328.5,1077555,EQ,,,
2/7/2017,329,329.5,325.75,326.8,852980,EQ,,,
2/8/2017,326.9,329.7,324.55,326.4,1235240,EQ,,,
2/9/2017,327.35,330,323.1,324.4,1116344,EQ,,,
2/10/2017,324.55,327.2,324.5,325.9,824184,EQ,,,
2/13/2017,326.9,328.75,324.8,327.55,698948,EQ,,,
2/14/2017,328.5,328.5,326,327.75,611515,EQ,,,
2/15/2017,328,331,326.85,330.55,1531735,EQ,,,
2/16/2017,330.75,333.25,330.05,332,1260925,EQ,,,
2/17/2017,361.25,363.5,340.1,344.25,100564990,EQ,,,
2/20/2017,340.3,353.85,339.8,352.25,2641679,EQ,,,
2/21/2017,351.5,355.45,349.35,353.9,1565007,EQ,,,
2/22/2017,353.75,354.7,348.7,349.8,1324194,EQ,,,
2/23/2017,350.95,355.3,346.75,348.55,8623745,EQ,,,
2/27/2017,347.7,349.55,344.65,348.4,1170344,EQ,,,
2/28/2017,348.2,349.05,346.1,347.5,732002,EQ,,,
3/1/2017,349.1,349.1,346.6,347.9,870434,EQ,,,
3/2/2017,348.6,349,344.05,345,1150497,EQ,,,
3/3/2017,346.1,346.1,342.25,344.25,623206,EQ,,,
3/6/2017,344.2,347.5,343.25,345.2,919781,EQ,,,
3/7/2017,345.55,346.9,344.05,346.55,778219,EQ,,,
3/8/2017,347,349.8,345.25,348.05,945536,EQ,,,
3/9/2017,345.4,349.7,345.4,348.55,877329,EQ,,,
3/10/2017,348.75,352,348.3,350,1465176,EQ,,,
3/14/2017,355.5,356.05,351.65,352.7,1788755,EQ,,,
3/15/2017,352.75,355,352.6,354.15,1067965,EQ,,,
3/16/2017,354.5,355.7,353.4,354.3,1245027,EQ,,,
3/17/2017,354.6,356.9,353.2,356.45,847616,EQ,,,
3/20/2017,356.65,359.95,356.5,359,2035586,EQ,,,
3/21/2017,358.5,361.25,358.5,360.25,1389320,EQ,,,
3/22/2017,356.9,359.25,356.45,357.7,1409136,EQ,,,
3/23/2017,358.6,358.75,355.7,357.7,1230618,EQ,,,
3/24/2017,358.25,358.6,355.5,356.05,952591,EQ,,,
3/27/2017,356,356,351,352.45,1466021,EQ,,,
3/28/2017,354.55,356.2,353.25,355.05,2015350,EQ,,,
3/29/2017,355.2,358.7,355,357.15,2143943,EQ,,,
3/30/2017,357,370,356.25,366.55,8580273,EQ,,,
3/31/2017,363.45,363.5,359.1,360.6,2412848,EQ,,,
4/3/2017,361.5,362.5,356.5,358.3,1037263,EQ,,,
4/5/2017,358.8,361.6,356.9,358.05,1436020,EQ,,,
4/6/2017,357.9,360.75,356.25,359.6,1531104,EQ,,,
4/7/2017,357.75,361.25,357.15,359.7,1162090,EQ,,,
4/10/2017,360.75,360.75,358.15,358.55,848469,EQ,,,
4/11/2017,358.5,360.3,357.9,359.9,1089065,EQ,,,
4/12/2017,359.75,362.5,358.9,360.9,891273,EQ,,,
4/13/2017,360.75,362.2,359.25,360.05,1201059,EQ,,,
4/17/2017,360.05,360.95,357.05,359.2,1784264,EQ,,,
4/18/2017,360,363.75,359.5,361.8,909715,EQ,,,
4/19/2017,361.75,364.2,359.5,362.25,1084536,EQ,,,
4/20/2017,363.25,366.5,363.25,365.55,1445343,EQ,,,
4/21/2017,366.5,374.75,363.3,374.15,4314508,EQ,,,
4/24/2017,374.5,384.75,374.25,383.25,5051738,EQ,,,
4/25/2017,383.75,386.4,382.4,384.25,2264445,EQ,,,
4/26/2017,385.75,388.25,367.1,387.65,1948963,EQ,,,
4/27/2017,386.5,393.5,386.5,392.15,4045105,EQ,,,
4/28/2017,390,390,384.25,386.6,1359432,EQ,,,
5/2/2017,386.75,387.7,382.55,385.15,1001760,EQ,,,
5/3/2017,388.55,388.55,384.8,386.05,626991,EQ,,,
5/4/2017,384.8,385.7,380.65,383.7,1282757,EQ,,,
5/5/2017,385.5,385.7,381.55,383.05,689474,EQ,,,
5/8/2017,384.5,385,382.1,383.7,936813,EQ,,,
5/9/2017,383.7,386.4,383.15,383.95,836459,EQ,,,
5/10/2017,385,388.75,384.25,387.95,585561,EQ,,,
5/11/2017,387.75,390,385.25,386.6,968936,EQ,,,
5/12/2017,386.5,389.2,384.05,387.9,1536901,EQ,,,
5/15/2017,387.5,389.3,385.55,388.35,701195,EQ,,,
5/16/2017,388.75,390.5,387.05,389.9,897594,EQ,,,
5/17/2017,389.7,391.35,387.9,389.3,868118,EQ,,,
5/18/2017,387.25,390.4,387,389.25,776820,EQ,,,
5/19/2017,389.9,392.5,386.3,390.3,713534,EQ,,,
5/22/2017,391.25,395,390.75,394,715013,EQ,,,
5/23/2017,395,395.9,391.25,392.25,770043,EQ,,,
5/24/2017,392.25,393.85,390.5,391.7,866847,EQ,,,
5/25/2017,391.75,407.35,391.75,404.3,5022701,EQ,,,
5/26/2017,401.65,408,400.25,406.5,1360789,EQ,,,
5/29/2017,404.95,412,404.4,408,1479085,EQ,,,
5/30/2017,407.5,408.4,404.05,407.25,1108546,EQ,,,
5/31/2017,406.25,410.75,405.8,409.05,1329728,EQ,,,
6/1/2017,409.75,409.95,405.1,407.15,839885,EQ,,,
6/2/2017,408.5,411.5,406.55,408.55,803386,EQ,,,
6/5/2017,408.4,409.75,406.25,408.9,724975,EQ,,,
6/6/2017,408.75,410.95,407.5,409.75,1250658,EQ,,,
6/7/2017,410.1,411.2,407.55,410.2,638569,EQ,,,
6/8/2017,411,414.85,410.4,411.2,1062192,EQ,,,
6/9/2017,410,417.5,410,416.7,1326318,EQ,,,
6/12/2017,416,419,415,417.2,992853,EQ,,,
6/13/2017,415.45,423,415.25,419.2,1262905,EQ,,,
6/14/2017,418.75,420,416.75,417.8,964590,EQ,,,
6/15/2017,417,418.9,413.4,416.1,881673,EQ,,,
6/16/2017,416.25,418.7,414.5,417.3,938776,EQ,,,
6/19/2017,417.75,424,417.1,423.2,956383,EQ,,,
6/20/2017,422.5,423.5,419.95,421.65,915066,EQ,,,
6/21/2017,420.65,425.3,419.9,424.7,852733,EQ,,,
6/22/2017,423.75,429,422.8,424.5,1668865,EQ,,,
6/23/2017,425.5,425.7,418.8,419.65,1304367,EQ,,,
6/27/2017,422.25,423.75,414.05,416.9,1500108,EQ,,,
6/28/2017,416.25,418.75,414.45,416.6,1112259,EQ,,,
6/29/2017,416.75,420.5,412.75,415.75,2296927,EQ,,,
6/30/2017,413.45,415,410.75,413,1082608,EQ,,,
7/3/2017,413.15,416.9,411.8,414.65,876083,EQ,,,
7/4/2017,415.05,416.7,413,413.3,941520,EQ,,,
7/5/2017,413.25,414.9,411.25,412.2,1003550,EQ,,,
7/6/2017,413.15,415.75,412.8,414.55,1142919,EQ,,,
7/7/2017,415.2,417.4,414.5,416.8,1379349,EQ,,,
7/10/2017,417.7,437,415.25,419.1,334769,EQ,,,
7/11/2017,419.4,422.7,416.75,420.1,1102570,EQ,,,
7/12/2017,420,421.25,414.65,420.3,1434723,EQ,,,
7/13/2017,422,423.3,419.9,420.9,1120251,EQ,,,
7/14/2017,421,421.5,418,420,610813,EQ,,,
7/17/2017,420.65,421.9,419.25,420.6,599835,EQ,,,
7/18/2017,419.9,421.95,419.3,420.9,580547,EQ,,,
7/19/2017,421.25,424.05,420.45,423.1,996811,EQ,,,
7/20/2017,423.5,428.75,422.05,427.7,924619,EQ,,,
7/21/2017,428.5,428.8,425,425.75,968377,EQ,,,
7/24/2017,427.5,435,423.75,433.75,4919544,EQ,,,
7/25/2017,439.75,439.75,433.25,434.9,2790117,EQ,,,
7/26/2017,435.5,438.75,433.1,436.9,973836,EQ,,,
7/27/2017,439,449.7,437.9,447.4,4490428,EQ,,,
7/28/2017,443,446.6,440.25,444.6,2313849,EQ,,,
7/31/2017,444.4,447.75,441.65,446.1,1842285,EQ,,,
8/1/2017,445.45,452.3,443.05,449.3,2129215,EQ,,,
8/2/2017,451.75,451.75,445.5,447.9,1849479,EQ,,,
8/3/2017,447,448,443.6,445,1064196,EQ,,,
8/4/2017,444.25,449.2,441.55,447.55,886267,EQ,,,
8/7/2017,446.5,449.1,446.25,447.15,479665,EQ,,,
8/8/2017,448,449.3,441.5,444.5,1008843,EQ,,,
8/9/2017,442.75,444.25,439.6,441.1,817514,EQ,,,
8/10/2017,440,441.5,438.2,440.1,1947111,EQ,,,
8/11/2017,436.25,439.5,432.8,437.25,1589959,EQ,,,
8/14/2017,438.25,443.75,437,439.3,894271,EQ,,,
8/16/2017,440.6,447.45,437.15,445.3,1106708,EQ,,,
8/17/2017,444.05,445.25,438.45,441.35,1363717,EQ,,,
8/18/2017,440,440.25,435.75,438.05,926866,EQ,,,
8/21/2017,438.5,439.75,434.55,435.8,1002431,EQ,,,
8/22/2017,437.8,438.5,434.2,436.75,1652389,EQ,,,
8/23/2017,437.5,444.5,437.5,443.1,840131,EQ,,,
8/24/2017,443.7,443.75,439.8,440.6,1969569,EQ,,,
8/28/2017,440.6,442.8,439.6,440.55,376946,EQ,,,
8/29/2017,439.75,439.75,434.5,436.55,1229649,EQ,,,
8/30/2017,438,442.5,437.5,442.15,673580,EQ,,,
8/31/2017,443,444.95,439.1,444.1,1825859,EQ,,,
9/1/2017,445.25,445.35,440.25,441.9,573793,EQ,,,
9/4/2017,441.25,441.25,436.5,437.7,910631,EQ,,,
9/5/2017,439.25,441.2,437.75,438.8,920609,EQ,,,
9/6/2017,435.95,440.7,434.5,440,1437908,EQ,,,
9/7/2017,440,444.2,440,441.65,1736605,EQ,,,
9/8/2017,443.35,447.5,442.75,446.9,2077916,EQ,,,
9/11/2017,448.25,457.25,447.55,455.8,2869419,EQ,,,
9/12/2017,456.9,460,454.6,458.8,1671920,EQ,,,
9/13/2017,458.75,462.25,456,460.45,1248844,EQ,,,
9/14/2017,460.05,463.1,457.9,459.85,2038504,EQ,,,
9/15/2017,459,462.95,458.35,462.25,941833,EQ,,,
9/18/2017,463.4,466.1,463.1,465.1,1021232,EQ,,,
9/19/2017,466.2,467,461.9,462.4,1060367,EQ,,,
9/20/2017,462,465.35,461.3,462.2,861532,EQ,,,
9/21/2017,462,462.1,457.7,459.75,1928124,EQ,,,
9/22/2017,458.7,459.75,455,456,2060881,EQ,,,
9/25/2017,455.6,455.6,448.15,449.95,2537307,EQ,,,
9/26/2017,447.25,449.15,446.25,448.1,2859683,EQ,,,
9/27/2017,449,451.4,442.5,444.1,1834305,EQ,,,
9/28/2017,443.5,449.75,440.8,448.8,6911616,EQ,,,
9/29/2017,450,455.5,449.05,451.4,1553408,EQ,,,
10/3/2017,452,455.25,449.25,452.2,1098606,EQ,,,
10/4/2017,452,453,448.3,449.25,1656276,EQ,,,
10/5/2017,448.75,451.25,448.25,449.65,834049,EQ,,,
10/6/2017,449.5,451.1,448.5,450,757665,EQ,,,
10/9/2017,449.7,450.75,447.6,448.9,765623,EQ,,,
10/10/2017,449.75,453.75,448.15,450.7,949545,EQ,,,
10/11/2017,450.8,453.8,446.9,447.55,1316860,EQ,,,
10/12/2017,448.75,455.35,447,454.7,1345390,EQ,,,
10/13/2017,456.7,464.15,455.5,462.7,1608366,EQ,,,
10/16/2017,465,468.3,460.5,464.3,818636,EQ,,,
10/17/2017,462.5,463.4,459.75,462.8,653322,EQ,,,
10/18/2017,460.25,468.75,459.75,467.1,981680,EQ,,,
10/19/2017,465.45,466.25,460.15,462.1,142502,EQ,,,
10/23/2017,465,467.4,459,465.8,1040723,EQ,,,
10/24/2017,465.75,469.9,463.25,466.75,2832218,EQ,,,
10/25/2017,465,465.75,446.25,448.75,5341802,EQ,,,
10/26/2017,442,452.5,439.45,448.8,7142866,EQ,,,
10/27/2017,451.1,451.9,444.75,447.75,1868022,EQ,,,
10/30/2017,449.55,454,448.1,453.75,1355588,EQ,,,
10/31/2017,452.9,452.9,449.8,452.1,1170615,EQ,,,
11/1/2017,453.75,456.25,453,455.3,1047653,EQ,,,
11/2/2017,455.75,457.45,454.25,455.5,1184486,EQ,,,
11/3/2017,456.4,460,455.4,457.7,952622,EQ,,,
11/6/2017,456.25,460,455.65,457.15,1537061,EQ,,,
11/7/2017,459.5,461.25,455.2,455.9,1861594,EQ,,,
11/8/2017,456.3,458.4,454.75,456.5,820786,EQ,,,
11/9/2017,456.75,458.75,455.25,456.95,778327,EQ,,,
11/10/2017,455.4,458.7,453.1,455.5,1936090,EQ,,,
11/13/2017,455.5,455.8,448.75,453.4,833968,EQ,,,
11/14/2017,454,454.75,450,450.6,1178117,EQ,,,
11/15/2017,449.5,450.9,447,450.05,1537092,EQ,,,
11/16/2017,451,454,448.8,451.9,1003243,EQ,,,
11/17/2017,457.2,459.6,453.3,456.4,1589693,EQ,,,
11/20/2017,457.25,459.9,457.25,459.55,598106,EQ,,,
11/21/2017,459.35,462.5,459,461.55,568883,EQ,,,
11/22/2017,462.4,465,461.15,463.8,1415199,EQ,,,
11/23/2017,464.75,465,459.5,460.7,808145,EQ,,,
11/24/2017,460.75,464.45,460.25,462.85,1300921,EQ,,,
11/27/2017,462.25,465.5,461.4,464.4,967618,EQ,,,
11/28/2017,464,467.75,463.95,466.3,1272635,EQ,,,
11/29/2017,466.25,468.9,463.95,468.3,818646,EQ,,,
11/30/2017,467.2,468.5,460,463.4,1449078,EQ,,,
12/1/2017,463.7,465,461,462.05,964537,EQ,,,
12/4/2017,463.7,463.7,457.5,458.5,910483,EQ,,,
12/5/2017,456.5,457.15,451.75,455.1,973340,EQ,,,
12/6/2017,455,455.3,449.75,450.8,1598780,EQ,,,
12/7/2017,451.65,454.15,450.75,452.4,1057826,EQ,,,
12/8/2017,453.5,463.25,453.5,460.1,2239100,EQ,,,
12/11/2017,462,462.95,460,461.6,799558,EQ,,,
12/12/2017,462.25,462.5,454,455,602647,EQ,,,
12/13/2017,455,461.25,453.75,455.3,726865,EQ,,,
12/14/2017,456,460,453,459.5,920773,EQ,,,
12/15/2017,464,472,463.9,468.35,3112531,EQ,,,
12/18/2017,463.75,474.75,452.3,469.75,3074497,EQ,,,
12/19/2017,469.95,473.4,469.05,471.1,1238028,EQ,,,
12/20/2017,474.7,475.75,465.9,467.05,2335876,EQ,,,
12/21/2017,470,471.25,466.3,467.1,1713636,EQ,,,
12/22/2017,469.75,470,465.45,469.15,1117726,EQ,,,
12/26/2017,470.25,470.7,464.2,467.1,1696424,EQ,,,
12/27/2017,467.5,467.6,462.8,464.2,872346,EQ,,,
12/28/2017,464.7,470.2,464.5,469.5,2175130,EQ,,,
12/29/2017,469.2,469.8,467.05,468.1,1586468,EQ,,,
1/1/2018,468.2,470.2,462.6,463.6,1645129,EQ,,,
1/2/2018,464.65,468.75,464.65,468.1,1194079,EQ,,,
1/3/2018,468.75,469.55,462.8,463.15,1132822,EQ,,,
1/4/2018,463.25,466.4,463.25,465,593444,EQ,,,
1/5/2018,465.75,467,463.9,465.9,717717,EQ,,,
1/8/2018,466.25,467.7,464.45,465.15,1142577,EQ,,,
1/9/2018,465.5,467.45,463.75,465.9,1326382,EQ,,,
1/10/2018,466.3,467,464.3,466.05,1153972,EQ,,,
1/11/2018,466.05,469,464.05,468.15,1014774,EQ,,,
1/12/2018,468.25,469.55,465,466.3,1084177,EQ,,,
1/15/2018,467.5,476.1,464.95,474.45,3144111,EQ,,,
1/16/2018,475.85,477.5,471.3,475.05,1611346,EQ,,,
1/17/2018,474.25,475.65,471.75,472.6,726374,EQ,,,
1/18/2018,481,488.5,479.5,483.6,4162385,EQ,,,
1/19/2018,483.8,490,479.8,488.05,2863997,EQ,,,
1/22/2018,490,497,488.3,490.8,2212442,EQ,,,
1/23/2018,491.25,491.7,485.8,487.8,1261949,EQ,,,
1/24/2018,488.15,492.25,487.65,489.4,1197642,EQ,,,
1/25/2018,488.5,495,487.6,493.75,2180917,EQ,,,
1/29/2018,494.5,501.75,494.5,499.9,2058973,EQ,,,
1/30/2018,499.45,500.5,496.05,498.9,1599390,EQ,,,
1/31/2018,497.35,503.4,496.75,501.4,1735837,EQ,,,
2/1/2018,501.5,503.75,496.3,497.8,1630355,EQ,,,
2/2/2018,496.5,497.5,485.4,487,1836531,EQ,,,
2/5/2018,479.5,483.8,476.45,478.45,1981696,EQ,,,
2/6/2018,465,478,459.1,474.2,2687451,EQ,,,
2/7/2018,476.75,476.75,465.6,468.2,2091243,EQ,,,
2/8/2018,471,474.65,466.6,470.25,1292861,EQ,,,
2/9/2018,462,466.2,461,462.4,1602238,EQ,,,
2/12/2018,465,471.5,463.8,469.15,1095277,EQ,,,
2/14/2018,472.45,474.5,468.65,470.8,894297,EQ,,,
2/15/2018,472.4,473.7,468.75,470.5,1228806,EQ,,,
2/16/2018,471,473.7,468.9,469.65,895880,EQ,,,
2/19/2018,470.65,471.9,464.75,469.55,913638,EQ,,,
2/20/2018,471.2,471.45,464.7,465.8,1021017,EQ,,,
2/21/2018,467,467.15,463.05,464.35,688268,EQ,,,
2/22/2018,462.5,465,460.4,463.3,3313399,EQ,,,
2/23/2018,464.2,471.2,462.6,470.15,1019187,EQ,,,
2/26/2018,472,478.7,470.9,477.9,1197221,EQ,,,
2/27/2018,478.7,480.45,475,475.65,1196832,EQ,,,
2/28/2018,472.4,473.85,469.5,471.05,1016591,EQ,,,
3/1/2018,469.8,473.3,467,468.6,977460,EQ,,,
3/5/2018,468.55,469.5,464.55,467.5,945366,EQ,,,
3/6/2018,467.5,470,459.9,461.55,1144207,EQ,,,
3/7/2018,460,463.35,457.1,458.15,1407041,EQ,,,
3/8/2018,459.95,464.6,458,463.2,1379681,EQ,,,
3/9/2018,463.75,466.3,461,462.75,1027027,EQ,,,
3/12/2018,465.05,467.35,463.35,466.8,1639279,EQ,,,
3/13/2018,466.85,471.2,463.75,465.05,1281050,EQ,,,
3/14/2018,464,467,462,466.1,920098,EQ,,,
3/15/2018,466.3,471.9,466.3,470.2,1467731,EQ,,,
3/16/2018,470,470.25,461.65,463.25,1974084,EQ,,,
3/19/2018,463.25,465,460.8,461.8,1959685,EQ,,,
3/20/2018,461.25,464,458.8,459.9,914343,EQ,,,
3/21/2018,462,465.8,460.8,464.7,1480285,EQ,,,
3/22/2018,464.7,470,463.75,466.95,1668306,EQ,,,
3/23/2018,461.65,463.25,459.3,460.4,1797538,EQ,,,
3/26/2018,460,475,458.4,473.35,2625442,EQ,,,
3/27/2018,473.45,474.75,469,473.15,1534209,EQ,,,
3/28/2018,470.75,474.9,469,471.5,2209377,EQ,,,
4/2/2018,472.6,483.95,472.6,482.8,1149092,EQ,,,
4/3/2018,481,481.4,477.75,479,1019971,EQ,,,
4/4/2018,478.25,481.25,469.6,470.8,928527,EQ,,,
4/5/2018,475.3,478.5,472.55,477.2,1214723,EQ,,,
4/6/2018,478.05,481.6,476.45,480.85,930002,EQ,,,
4/9/2018,479.7,485.5,479.1,484.75,1000884,EQ,,,
4/10/2018,485.75,485.75,478.4,480.2,1516809,EQ,,,
4/11/2018,479,480,476.35,479.7,717703,EQ,,,
4/12/2018,479,483.2,476.5,482.2,1178129,EQ,,,
4/13/2018,482,485,479.75,481.25,824293,EQ,,,
4/16/2018,480,487.5,479.95,485.5,711936,EQ,,,
4/17/2018,485.9,487.75,483.5,487.1,666958,EQ,,,
4/18/2018,487.75,488.4,482.5,483.15,678180,EQ,,,
4/19/2018,485,486.2,483.25,484.75,792258,EQ,,,
4/20/2018,485.25,490.25,483.05,489,2340345,EQ,,,
4/23/2018,494.75,494.75,465.1,483.95,3826155,EQ,,,
4/24/2018,483.75,487,481.5,483.75,1259354,EQ,,,
4/25/2018,482,484.5,478,480.2,1005148,EQ,,,
4/26/2018,479.2,484.8,477.8,482.55,1961870,EQ,,,
4/27/2018,483.25,483.9,478.1,480.85,1444252,EQ,,,
4/30/2018,482.5,488.7,482.2,486.1,1152388,EQ,,,
5/2/2018,487.5,494.5,486.5,492.4,1775012,EQ,,,
5/3/2018,492,493.7,486.5,492,1038193,EQ,,,
5/4/2018,492.5,497.5,491.6,497.1,1720359,EQ,,,
5/7/2018,495.4,496.8,493.75,494.35,1316032,EQ,,,
5/8/2018,494.8,495,488.65,491.75,1775141,EQ,,,
5/9/2018,489.05,495.1,489.05,494.6,1081833,EQ,,,
5/10/2018,497.15,499.75,495.5,498.2,1792918,EQ,,,
5/11/2018,498.2,504.25,496.5,502.95,1514267,EQ,,,
5/14/2018,504.3,506.85,503.1,505.45,1185729,EQ,,,
5/15/2018,506.75,516.25,506.7,509.45,2456671,EQ,,,
5/16/2018,507.65,512.25,504.3,505.8,1710401,EQ,,,
5/17/2018,505.95,511.1,503.1,506.95,1653869,EQ,,,
5/18/2018,506.2,506.2,500.9,503.05,1304365,EQ,,,
5/21/2018,504,505.25,496.5,498.25,1212027,EQ,,,
5/22/2018,499.7,503.5,496.4,497.5,990093,EQ,,,
5/23/2018,496.95,498.5,490.85,491.9,1431573,EQ,,,
5/24/2018,491.75,497.55,489.1,496.5,1130186,EQ,,,
5/25/2018,497.5,504,497.5,502.2,1189897,EQ,,,
5/28/2018,501.95,513,501.5,510.55,1275985,EQ,,,
5/29/2018,509.5,513.15,507.2,508.15,837811,EQ,,,
5/30/2018,504.9,513.25,504.1,512.1,1216749,EQ,,,
5/31/2018,525,540,520,534.85,9909798,EQ,,,
6/1/2018,529,534.5,525.25,527.65,5287839,EQ,,,
6/4/2018,537.5,539.25,509.5,511.55,22199081,EQ,,,
6/5/2018,512.5,516.7,505.75,515.9,4276365,EQ,,,
6/6/2018,515.05,516.2,511.25,514.3,2445500,EQ,,,
6/7/2018,518.3,519.95,513.3,515.55,2640974,EQ,,,
6/8/2018,514.75,515.3,508.75,512.3,1545222,EQ,,,
6/11/2018,513,515.7,509.7,510.6,1772797,EQ,,,
6/12/2018,513,513.15,509.6,510.95,1308564,EQ,,,
6/13/2018,513,513.7,506,507.85,1974490,EQ,,,
6/14/2018,507.5,511.25,506.25,509.35,4231894,EQ,,,
6/15/2018,506.5,509.7,505.6,507.4,2720204,EQ,,,
6/18/2018,507.5,509.7,502.25,504.8,1871851,EQ,,,
6/19/2018,506.25,510.2,504.8,505.9,2745288,EQ,,,
6/20/2018,506.5,514.5,506.25,514.05,2262928,EQ,,,
6/21/2018,515,517.7,511.75,514.4,3377676,EQ,,,
6/22/2018,514.2,522.2,512.45,520.8,1962245,EQ,,,
6/25/2018,520.75,524.45,518.25,523.7,1748084,EQ,,,
6/26/2018,521.5,525.75,519.95,523.4,2290483,EQ,,,
6/27/2018,523.25,529.9,522.5,528.15,4781701,EQ,,,
6/28/2018,528.75,535,527.8,532.7,9383385,EQ,,,
6/29/2018,530.4,535,526.25,527.1,4864530,EQ,,,
7/2/2018,527.1,527.1,515.8,518.3,2466219,EQ,,,
7/3/2018,518.3,521.25,516.4,517.55,1715775,EQ,,,
7/4/2018,519.05,527,517.25,525.9,1524498,EQ,,,
7/5/2018,526.25,532.25,523.15,530.95,2433992,EQ,,,
7/6/2018,528.3,533.9,527.8,528.8,2030336,EQ,,,
7/9/2018,530.45,532.5,526.95,531.4,1545574,EQ,,,
7/10/2018,532.5,537.4,531.25,536.6,2737684,EQ,,,
7/11/2018,536.25,538.9,533.7,537.05,1464480,EQ,,,
7/12/2018,538.2,544.95,538,541.5,2005167,EQ,,,
7/13/2018,542.1,547.7,540.75,545.2,1790297,EQ,,,
7/16/2018,544.85,547.5,540.95,542.2,2254334,EQ,,,
7/17/2018,540.8,545.25,540.8,544.2,1590481,EQ,,,
7/18/2018,546.75,555,543.4,544.05,4365068,EQ,,,
7/19/2018,545.75,548.4,542.75,546.5,1326194,EQ,,,
7/20/2018,546.5,550.7,542.75,547.25,2501741,EQ,,,
7/23/2018,537.5,544.5,534.5,539.1,4220033,EQ,,,
7/24/2018,536.75,542.25,536.75,539.95,1302198,EQ,,,
7/25/2018,541.15,544.2,540,542.6,1759654,EQ,,,
7/26/2018,541.25,550.85,541.25,548.15,5320273,EQ,,,
7/27/2018,550.5,553,546.15,550.55,2638649,EQ,,,
7/30/2018,549.75,549.75,539.85,542.5,1792280,EQ,,,
7/31/2018,540,546.5,537.5,544.9,2215236,EQ,,,
8/1/2018,540.7,543.75,537.9,539.65,1517890,EQ,,,
8/2/2018,538.4,538.4,530.3,532.55,2226426,EQ,,,
8/3/2018,533.4,536.75,528.5,530.4,3401002,EQ,,,
8/6/2018,530.25,534.35,526.5,528.6,1436158,EQ,,,
8/7/2018,531.25,533.6,527,532.7,1857114,EQ,,,
8/8/2018,533.95,537.95,533.25,534.1,2486345,EQ,,,
8/9/2018,535.5,535.5,523.65,529.6,2236102,EQ,,,
8/10/2018,530.9,530.95,524.5,528.6,1360735,EQ,,,
8/13/2018,521,526,520,522.9,2513563,EQ,,,
8/14/2018,524.5,526.25,521.8,522.25,1233991,EQ,,,
8/16/2018,520.75,521.65,516.6,518.9,2656290,EQ,,,
8/17/2018,520.7,523.25,517.9,519.3,1516332,EQ,,,
8/20/2018,518.75,526.9,518.75,524.05,1952784,EQ,,,
8/21/2018,524.5,528,523.15,524,1944080,EQ,,,
8/23/2018,526.25,526.75,519.2,520,3143638,EQ,,,
8/24/2018,517.75,523.4,516.5,517.45,2428657,EQ,,,
8/27/2018,519.25,522.1,517.55,520.1,3143697,EQ,,,
8/28/2018,522,524.55,519.7,523.7,2493383,EQ,,,
8/29/2018,523.05,523.5,518.2,519.6,2468423,EQ,,,
8/30/2018,520.9,522,515.45,516.5,5456865,EQ,,,
8/31/2018,517.3,519.7,514.55,515.3,3942875,EQ,,,
9/3/2018,517.35,519.7,515.9,518.75,1915402,EQ,,,
9/4/2018,519.2,519.5,512.25,512.95,1782634,EQ,,,
9/5/2018,513.45,515.05,508.9,511.45,1410377,EQ,,,
9/6/2018,512.25,514.75,508.15,513.05,2600603,EQ,,,
9/7/2018,512.75,515,510.2,514.2,1479825,EQ,,,
9/10/2018,513.75,513.75,506.25,510.3,2149648,EQ,,,
9/11/2018,511.6,512,498.55,500.1,4546634,EQ,,,
9/12/2018,500.5,505.3,497.4,502.95,3061502,EQ,,,
9/14/2018,504.95,509.35,504.75,507.4,2583668,EQ,,,
9/17/2018,505.3,505.75,497,498.05,2334555,EQ,,,
9/18/2018,498.7,502.45,495.25,497.3,2331434,EQ,,,
9/19/2018,498.7,499.5,489.1,490.3,4178066,EQ,,,
9/21/2018,493.5,499.95,477.55,492.55,5652537,EQ,,,
9/24/2018,491.8,493.05,478.75,481.4,3347698,EQ,,,
9/25/2018,481.4,490.5,478.75,488.1,4170638,EQ,,,
9/26/2018,490.75,494.5,488.8,492.05,3681681,EQ,,,
9/27/2018,492.35,496.5,488.8,494.05,4588052,EQ,,,
9/28/2018,495.15,503.85,494.3,501.5,3615179,EQ,,,
10/1/2018,502.45,510.5,499.45,508.85,3112397,EQ,,,
10/3/2018,507.6,513.05,501.75,507.8,3833037,EQ,,,
10/4/2018,502,504.45,485.75,489.45,4492646,EQ,,,
10/5/2018,488.5,497.5,485.05,491.3,3932295,EQ,,,
10/8/2018,491.25,492.25,482.5,486.25,5032005,EQ,,,
10/9/2018,486.1,491.25,482.5,485.15,3114841,EQ,,,
10/10/2018,486.25,495.55,483.9,491.8,3984983,EQ,,,
10/11/2018,481.25,487.1,479.4,484.4,3589976,EQ,,,
10/12/2018,486.25,499.25,485.5,495.45,2400080,EQ,,,
10/15/2018,497.5,502.7,492.6,502,3146492,EQ,,,
10/16/2018,500.75,504.55,496.9,498.2,2351501,EQ,,,
10/17/2018,501.5,503.25,490.9,493.65,1985199,EQ,,,
10/19/2018,489.7,495.2,489.5,491.95,2466837,EQ,,,
10/22/2018,503.5,505,497.15,499.7,5082790,EQ,,,
10/23/2018,493.25,499.7,493.25,496.2,4857141,EQ,,,
10/24/2018,501,502.2,493.15,498.05,4518084,EQ,,,
10/25/2018,493.4,500.9,490.6,492.2,7461764,EQ,,,
10/26/2018,492.2,494.3,487.25,490.3,3788928,EQ,,,
10/29/2018,491,491.25,473.8,481.6,4261070,EQ,,,
10/30/2018,481.25,483,474.8,478.2,3457176,EQ,,,
10/31/2018,475.5,479.5,471.25,477.95,5862351,EQ,,,
11/1/2018,482.5,482.5,474,478.05,4907263,EQ,,,
11/2/2018,481.5,490,478,487.35,7523217,EQ,,,
11/5/2018,487.5,489.9,484.5,489,1426324,EQ,,,
11/6/2018,488.75,494,485.75,486.65,2121397,EQ,,,
11/7/2018,490.25,491.25,487.5,489.5,239690,EQ,,,
11/9/2018,489.55,490,484.1,486.35,2525405,EQ,,,
11/12/2018,487.9,490.5,479.3,480.25,1976941,EQ,,,
11/13/2018,479.75,484.4,477.05,481.95,3337605,EQ,,,
11/14/2018,484.65,490,484.15,489.45,6527659,EQ,,,
11/15/2018,490.5,494.3,482.8,493.8,2598131,EQ,,,
11/16/2018,495.25,503.25,495,501.1,3953304,EQ,,,
11/19/2018,502.75,505.25,500.5,503.5,3071607,EQ,,,
11/20/2018,503.25,504.9,499.75,503.1,1426292,EQ,,,
11/21/2018,503.2,506,501,504.7,1636401,EQ,,,
11/22/2018,503.3,508.75,500.05,501.4,3243638,EQ,,,
11/26/2018,503.5,513,503,512.45,4546109,EQ,,,
11/27/2018,510.25,517,510.2,516,3223860,EQ,,,
11/28/2018,516.25,524.65,515,522.3,3255277,EQ,,,
11/29/2018,525.25,534.35,523.5,532.75,7977159,EQ,,,
11/30/2018,532.5,534.4,527.5,532.1,3260231,EQ,,,
12/3/2018,532.75,535.5,526.7,528.3,2699964,EQ,,,
12/4/2018,526.35,527.75,519.65,521.4,2039355,EQ,,,
12/5/2018,519.5,526.3,519,524.8,2949711,EQ,,,
12/6/2018,522.4,525.4,521.25,524.25,2932563,EQ,,,
12/7/2018,526.65,529.5,520.1,526.9,2475980,EQ,,,
12/10/2018,516.5,526.2,516.5,522.2,2728764,EQ,,,
12/11/2018,514,517.8,508,514.9,4726445,EQ,,,
12/12/2018,516.7,522.45,515,521.3,2842622,EQ,,,
12/13/2018,523.75,531.25,522.8,525.3,1766059,EQ,,,
12/14/2018,526.2,529.5,522,523.9,1539571,EQ,,,
12/17/2018,526,533.15,524.75,532.55,2109331,EQ,,,
12/18/2018,531,534.75,525.65,533.85,1853492,EQ,,,
12/19/2018,533.25,539.85,528.4,530.85,2252474,EQ,,,
12/20/2018,528.15,535.1,525.65,534.35,1995119,EQ,,,
12/21/2018,533.5,537.25,527.25,527.8,2555077,EQ,,,
12/24/2018,526,526,519.3,520.15,1400372,EQ,,,
12/26/2018,519.25,531.75,517.25,530.6,1900479,EQ,,,
12/27/2018,533.25,534.55,524.6,526.25,2909967,EQ,,,
12/28/2018,529.3,534.45,528.9,530.7,2353903,EQ,,,
12/31/2018,534.25,534.25,529.15,530.4,1466632,EQ,,,
1/1/2019,531.9,537.75,526.4,537,1593360,EQ,,,
1/2/2019,535.7,536.9,529.9,532.1,2033558,EQ,,,
1/3/2019,531.05,532.05,525.75,527.95,3192916,EQ,,,
1/4/2019,528.8,532.1,527.6,529.35,1821780,EQ,,,
1/7/2019,531.9,533.8,529.5,530.15,1346753,EQ,,,
1/8/2019,530.5,530.9,524.15,525.75,2085865,EQ,,,
1/9/2019,529.5,530.3,525.65,529.2,2142157,EQ,,,
1/10/2019,529.25,530.95,523.15,527.1,1922885,EQ,,,
1/11/2019,528.45,531,527,528,1602010,EQ,,,
1/14/2019,527.5,527.5,524.6,525.4,1213790,EQ,,,
1/15/2019,526.25,531.6,525.5,530.5,1271889,EQ,,,
1/16/2019,530,531.25,527.05,530.05,1313113,EQ,,,
1/17/2019,531.3,534,528.3,533.1,2060057,EQ,,,
1/18/2019,533.75,534.75,528.65,532.55,1301994,EQ,,,
1/21/2019,535,541.6,531.6,537.05,4390378,EQ,,,
1/22/2019,536.5,536.7,532.25,533.95,2199244,EQ,,,
1/23/2019,533.5,533.95,525.35,526.35,1906072,EQ,,,
1/24/2019,527.5,530.4,524.5,525.55,2527893,EQ,,,
1/25/2019,523.25,527.5,522.5,524,2815559,EQ,,,
1/28/2019,522.5,525.5,519.2,521.05,3840109,EQ,,,
1/29/2019,519.55,520.75,513.25,514.4,3690697,EQ,,,
1/30/2019,514.3,514.3,507,508.7,4628540,EQ,,,
1/31/2019,507.75,522.45,505.5,520,4144851,EQ,,,
2/1/2019,520,529.25,519.15,522.6,3913547,EQ,,,
2/4/2019,523.75,528.25,520.65,526.2,1984572,EQ,,,
2/5/2019,527,529.75,524.25,528.5,2172572,EQ,,,
2/6/2019,529.05,531.75,528.4,530.65,2718921,EQ,,,
2/7/2019,531.25,532.5,526.45,529.3,1804327,EQ,,,
2/8/2019,528,536.2,526.65,530.65,3058911,EQ,,,
2/11/2019,528.3,535.7,528.3,534.9,1759091,EQ,,,
2/12/2019,534.5,537,531.2,532.4,2443097,EQ,,,
2/13/2019,533.9,538.75,533.1,535.85,2360187,EQ,,,
2/14/2019,535,535,526.4,527.55,1860347,EQ,,,
2/15/2019,526.8,527,519.55,525.15,2104131,EQ,,,
2/18/2019,526.7,529.5,521.5,522.5,1784686,EQ,,,
2/19/2019,522.4,527.05,519.55,521,1317159,EQ,,,
2/20/2019,522.1,527.75,520.5,527.1,1223125,EQ,,,
2/21/2019,525.4,530,523.4,529,1315386,EQ,,,
2/22/2019,529.85,532,522.25,522.85,2222677,EQ,,,
2/25/2019,523.8,532.5,523.8,531.35,2035149,EQ,,,
2/26/2019,527.8,531.25,525.25,527.65,2401857,EQ,,,
2/27/2019,529,531.1,522.05,523.05,1757523,EQ,,,
2/28/2019,523.25,526.45,518.3,519.4,2911344,EQ,,,
3/1/2019,521.55,525.2,519.25,520.8,2338232,EQ,,,
3/5/2019,522.2,527.75,517.5,526.75,2959319,EQ,,,
3/6/2019,527.5,527.6,522.65,526.05,2114511,EQ,,,
3/7/2019,527.4,532.5,523.75,531.6,2551213,EQ,,,
3/8/2019,528.75,532.5,527.35,532.05,1763365,EQ,,,
3/11/2019,533,535.9,530.55,532.1,2306027,EQ,,,
3/12/2019,536.75,543.75,534.25,542.75,3774323,EQ,,,
3/13/2019,543.75,558.5,543,556.65,14291587,EQ,,,
3/14/2019,561.2,561.9,552.65,556.2,3844966,EQ,,,
3/15/2019,557.75,565,557,563.25,3190772,EQ,,,
3/18/2019,565.5,572.9,561.75,565.35,3589680,EQ,,,
3/19/2019,567.4,569,562.75,566.95,2989498,EQ,,,
3/20/2019,567.25,575,565.25,574.75,2927998,EQ,,,
3/22/2019,575,576.75,567.7,569.05,7600970,EQ,,,
3/25/2019,565,571.95,563.25,570.3,2299815,EQ,,,
3/26/2019,569,578.75,568.15,577.8,2946712,EQ,,,
3/27/2019,579.65,582,569.75,574.85,3471325,EQ,,,
3/28/2019,574.7,581.25,571.95,575.7,4888582,EQ,,,
3/29/2019,576.15,581.25,573.5,579.7,2986742,EQ,,,
4/1/2019,581.3,583,576.15,577.95,2411769,EQ,,,
4/2/2019,580,580,571.35,573.7,2727624,EQ,,,
4/3/2019,573,579,572.05,573.2,1914863,EQ,,,
4/4/2019,573.2,578.25,570,571,2302888,EQ,,,
4/5/2019,571.95,578.45,570.5,576.4,2087795,EQ,,,
4/8/2019,579.75,580.7,570,572.35,1599533,EQ,,,
4/9/2019,574.15,575.75,566.75,571.8,2694400,EQ,,,
4/10/2019,562.5,571,557.75,559.3,27032175,EQ,,,
4/11/2019,561.2,565.75,559.2,564.4,2198325,EQ,,,
4/12/2019,563,568.05,563,566.3,2292611,EQ,,,
4/15/2019,567.5,573.2,566.1,572.2,2554945,EQ,,,
4/16/2019,572.7,577.5,570.1,576.25,2068444,EQ,,,
4/18/2019,578.25,578.75,572,573.4,2653714,EQ,,,
4/22/2019,581.25,581.25,565.25,567.15,5245105,EQ,,,
4/23/2019,569.4,572.5,560.4,561.3,3820600,EQ,,,
4/24/2019,562.5,571,561.75,569.95,3088532,EQ,,,
4/25/2019,571.7,574.7,564.5,565.85,4521659,EQ,,,
4/26/2019,566.5,571.25,564.2,570.2,2926892,EQ,,,
4/30/2019,571.25,580,569.6,579.35,3134209,EQ,,,
5/2/2019,580.9,589.9,579.4,588.95,4292325,EQ,,,
5/3/2019,591.05,594.5,589.1,592,3087880,EQ,,,
5/6/2019,587,588,579.25,582.1,3437023,EQ,,,
5/7/2019,588,589.5,579.5,580.6,2481051,EQ,,,
5/8/2019,580.65,580.95,572,576.8,3016052,EQ,,,
5/9/2019,575,575,567.9,572.7,2256931,EQ,,,
5/10/2019,572.8,581.2,572.8,574.1,2648550,EQ,,,
5/13/2019,574,578.3,570,571.8,2767908,EQ,,,
5/14/2019,574.15,577.75,568.9,572,2623686,EQ,,,
5/15/2019,574,576.8,570.55,571.65,2239087,EQ,,,
5/16/2019,570.15,579.75,570,577.65,2012534,EQ,,,
5/17/2019,578.25,592.3,577.9,590.5,3689695,EQ,,,
5/20/2019,602,609.65,595,608.1,4424908,EQ,,,
5/21/2019,609.5,612.35,599.85,600.9,2581294,EQ,,,
5/22/2019,602.95,606.5,598.55,601.45,2846665,EQ,,,
5/23/2019,602.25,610,579.75,583,8270499,EQ,,,
5/24/2019,589.9,596.55,585.05,593.3,3423200,EQ,,,
5/27/2019,594.7,605.5,593.05,602.1,3012256,EQ,,,
5/28/2019,604.1,605,596.75,604.05,1841210,EQ,,,
5/29/2019,602.55,607.7,602.55,604.2,1868804,EQ,,,
5/30/2019,604,612,603.25,609.9,2339800,EQ,,,
5/31/2019,614.2,616.25,589.2,606.3,4946270,EQ,,,
6/3/2019,606.75,614.95,606.2,614.25,2120215,EQ,,,
6/4/2019,613.75,616.45,610.25,613.1,1610747,EQ,,,
6/6/2019,613.3,617.5,603.3,605.8,3908731,EQ,,,
6/7/2019,606.4,613.55,602.25,611.9,1992733,EQ,,,
6/10/2019,617.5,617.5,608,610.05,1769285,EQ,,,
6/11/2019,612.9,615,610.1,612.1,1775823,EQ,,,
6/12/2019,611.25,612.1,605.9,606.75,1827155,EQ,,,
6/13/2019,609,613,604,611.15,2776987,EQ,,,
6/14/2019,610.7,614.7,606.25,608.75,2989230,EQ,,,
6/17/2019,608.75,610,604.3,605.5,3202505,EQ,,,
6/18/2019,604.5,608,601,604.3,3104913,EQ,,,
6/19/2019,606.75,611.2,604.15,607.1,2686069,EQ,,,
6/20/2019,607.1,609.25,603.65,606.6,2792873,EQ,,,
6/21/2019,606.5,607.4,601.4,603.55,3312565,EQ,,,
6/24/2019,603,607.65,602.5,604.5,1728750,EQ,,,
6/25/2019,604.95,610.4,600.75,607.15,2224950,EQ,,,
6/26/2019,606.15,617.5,605.5,617,2633409,EQ,,,
6/27/2019,617.2,623.6,614.05,615.6,4969809,EQ,,,
6/28/2019,616,618.75,609.25,610.95,3189211,EQ,,,
7/1/2019,614,622.25,612.5,621.4,2131040,EQ,,,
7/2/2019,622,624.4,616.8,623.75,1811707,EQ,,,
7/3/2019,624.75,625.8,620.75,622.4,1865814,EQ,,,
7/4/2019,623.7,624.5,618,620.95,1998491,EQ,,,
7/5/2019,621.25,623.7,615,618.1,1895765,EQ,,,
7/8/2019,618.65,618.65,599.25,602.4,3651785,EQ,,,
7/9/2019,600.95,602.7,593.25,594.8,4120672,EQ,,,
7/10/2019,594.7,599.5,591.55,597.2,2892287,EQ,,,
7/11/2019,600.75,603.5,598.9,601.8,2274399,EQ,,,
7/12/2019,604.5,604.5,596.25,598.5,2244068,EQ,,,
7/15/2019,599,600.75,594.3,598.7,2058296,EQ,,,
7/16/2019,604.5,604.5,595.5,597.8,3192642,EQ,,,
7/17/2019,598.2,602.9,597.8,599.35,1939934,EQ,,,
7/18/2019,600.75,607.25,600.5,603,2700646,EQ,,,
7/19/2019,603.75,605.15,591.75,593.9,2234807,EQ,,,
7/22/2019,586.25,587.45,570.3,574.3,5542824,EQ,,,
7/23/2019,573.6,573.6,560.5,565.9,6950716,EQ,,,
7/24/2019,564.2,573.25,562.75,570.2,4340935,EQ,,,
7/25/2019,571.25,578.85,570.05,571.5,4865502,EQ,,,
7/26/2019,569.55,573.4,568.2,569.3,3207457,EQ,,,
7/29/2019,568.4,568.4,555.75,561.1,2494123,EQ,,,
7/30/2019,563.75,567.8,560,563.05,2598534,EQ,,,
7/31/2019,560,566.75,558.55,562.9,3472960,EQ,,,
8/1/2019,557.25,560,549.25,555.45,4560419,EQ,,,
8/2/2019,552.75,556,545.5,553.6,6956384,EQ,,,
8/5/2019,549.25,550,540.6,544.8,4955610,EQ,,,
8/6/2019,541.75,552.55,541.75,547.25,6222735,EQ,,,
8/7/2019,547.5,550.5,541.25,546,4687534,EQ,,,
8/8/2019,549.5,560.75,545.75,558.3,4927900,EQ,,,
8/9/2019,561.75,572.25,559.95,570.5,7609028,EQ,,,
8/13/2019,568.3,568.3,550.65,555.1,3860017,EQ,,,
8/14/2019,558.85,558.85,550.75,557.35,3563513,EQ,,,
8/16/2019,553.5,558.25,551,556.9,3811890,EQ,,,
8/19/2019,559.6,560.5,550.4,551.7,2124550,EQ,,,
8/20/2019,552.3,556.95,551.7,555.15,2567648,EQ,,,
8/21/2019,556.2,560.3,553.55,556.45,2618178,EQ,,,
8/22/2019,555.2,555.2,541.75,543.5,3498011,EQ,,,
8/23/2019,540.25,544.25,534.9,540.65,5024904,EQ,,,
8/26/2019,548.7,566.55,541.75,564.05,6320061,EQ,,,
8/27/2019,564,568.2,560,565,5165208,EQ,,,
8/28/2019,562.5,564.3,556.6,561.9,3415647,EQ,,,
8/29/2019,561.5,563.4,555.1,556.7,3695929,EQ,,,
8/30/2019,558.4,565,555.5,557,4808330,EQ,,,
9/3/2019,555,555.25,549.05,552.7,2857169,EQ,,,
9/4/2019,551.75,568.5,549.75,561.95,3765176,EQ,,,
9/5/2019,562.25,568.1,556.25,558.8,4324063,EQ,,,
9/6/2019,557,564.15,555.3,561.5,3217501,EQ,,,
9/9/2019,561.5,565.2,554,562.4,2660851,EQ,,,
9/11/2019,568.5,568.5,560.3,562.8,3802279,EQ,,,
9/12/2019,562.65,572.2,562.05,567.7,4533075,EQ,,,
9/13/2019,562.75,566.85,559.5,564.35,3842835,EQ,,,
9/16/2019,563,565.65,560.25,561.05,2757546,EQ,,,
9/17/2019,562,562.1,549.5,552.8,2664139,EQ,,,
9/18/2019,554.3,556.05,545,546.95,3239971,EQ,,,
9/19/2019,549.95,553.5,542,550.5,5311655,EQ,,,
9/20/2019,554,604.95,552.7,599.8,23075017,EQ,,,
9/23/2019,629.75,641.35,614.5,628.6,20960205,EQ,,,
9/24/2019,625,631,613.75,626.9,11689524,EQ,,,
9/25/2019,624.95,624.95,615.05,619.85,7804488,EQ,,,
9/26/2019,619.9,637.5,618.15,621.25,15335780,EQ,,,
9/27/2019,624.1,626.75,618.8,622.1,7436585,EQ,,,
9/30/2019,614.4,620,608.25,613.7,9109229,EQ,157798,57.73,2787079
10/1/2019,615.75,627.5,610.55,624.4,9384176,EQ,237310,39.54,4624217
10/3/2019,620,621.9,608.15,611.75,8149438,EQ,288240,28.27,4297804
10/4/2019,618.3,619.8,592.65,594.85,9201816,EQ,257533,35.73,4831347
10/7/2019,600.6,609.9,590.6,593.45,11256610,EQ,216482,52,5007897
10/9/2019,598.55,614.95,595,614.1,8713635,EQ,241068,36.15,4674399
10/10/2019,610.9,613,598.6,600.25,5778429,EQ,173146,33.37,3089486
10/11/2019,606.7,612,594.5,599.4,8593159,EQ,195427,43.97,4487710
10/14/2019,604.5,609.95,598.7,602.2,6133901,EQ,159516,38.45,3049256
10/15/2019,603.5,612.5,603.4,611.5,4200187,EQ,121277,34.63,2048447
10/16/2019,615.8,617.5,605.05,610.55,5293408,EQ,158557,33.38,2351286
10/17/2019,613.75,614.9,606.55,610,6121807,EQ,174349,35.11,3289207
10/18/2019,612.7,616.9,610.15,614.5,5616903,EQ,126554,44.38,3117700
10/22/2019,628.5,628.5,616.3,619.65,10003114,EQ,235749,42.43,5139082
10/23/2019,623.4,624.9,616.5,620.8,5095107,EQ,165735,30.74,2808097
10/24/2019,624,627.1,613.15,618.05,6553747,EQ,169086,38.76,2964030
10/25/2019,620,623.4,610,614.5,6496771,EQ,168865,38.47,3674313
10/29/2019,619,628.65,618.85,621.25,7116284,EQ,163100,43.63,4595216
10/30/2019,623.45,631.35,621.5,624.15,6005683,EQ,153142,39.22,3382532
10/31/2019,628.85,631.95,613.55,615.15,6608853,EQ,149423,44.23,3851537
11/1/2019,619.5,621.9,613.8,620,5756130,EQ,144831,39.74,3699600
11/4/2019,623.2,625,614.5,618.4,4967588,EQ,160851,30.88,2736666
11/5/2019,620.5,622.4,614.5,619.75,6183905,EQ,116040,53.29,4013870
11/6/2019,621.2,629.5,614,628.3,6065168,EQ,106886,56.74,3530632
11/7/2019,630.5,634.85,625,631.85,8481517,EQ,158059,53.66,5309958
11/8/2019,629.5,633.5,625.7,627.8,6625748,EQ,123060,53.84,4276184
11/11/2019,626.25,634.25,625.25,632.4,7143305,EQ,87967,81.2,5175501
11/13/2019,631,635,626.8,628.75,4646748,EQ,123817,37.53,2809517
11/14/2019,631.9,638.5,628.6,636.95,5527609,EQ,124827,44.28,2793186
11/15/2019,641.9,642.5,635.55,638.95,4639506,EQ,116607,39.79,2357045
11/18/2019,638.5,639.7,629.35,631,4565146,EQ,143584,31.79,2914231
11/19/2019,632.65,637.5,630.55,635.95,5285289,EQ,130282,40.57,3543343
11/20/2019,636.5,641.5,633.5,636.65,5527129,EQ,109397,50.52,3707282
11/21/2019,635.1,643.5,634.15,641.65,6009763,EQ,128228,46.87,3782409
11/22/2019,641.8,641.8,631,632.4,3844005,EQ,101153,38,2523967
11/25/2019,632.1,639.75,632.1,635.55,3946778,EQ,112947,34.94,2229882
11/26/2019,639.2,639.9,633.5,637.5,4358001,EQ,162619,26.8,2724001
11/27/2019,638,642.9,635.6,639.2,4790333,EQ,123094,38.92,3146643
11/28/2019,640.1,641.5,631,632.65,6183020,EQ,126121,49.02,3861436
11/29/2019,633.85,639.95,626,637.5,7783813,EQ,179493,43.37,4492258
12/2/2019,637,637,629.3,632.9,4473102,EQ,140206,31.9,2821604
12/3/2019,634.1,634.5,626.9,627.7,3495953,EQ,145022,24.11,2455214
12/4/2019,626.25,628.45,617.1,625.8,5697807,EQ,160001,35.61,3431195
12/5/2019,627.8,629.4,620.4,622.8,6386247,EQ,135982,46.96,2989674
12/6/2019,624.5,630,619.1,623,6887325,EQ,148575,46.36,4626402
12/9/2019,624.75,624.9,618.75,621.5,4132675,EQ,91238,45.3,2690691
12/10/2019,625.5,626.8,622.55,624.75,4894450,EQ,137774,35.53,3433356
12/11/2019,625.05,627,621.25,624.4,5527321,EQ,160384,34.46,4132402
12/12/2019,626.5,634.7,626.5,631.8,6456574,EQ,142217,45.4,4174002
12/13/2019,632.5,636.15,629.6,631.9,5887593,EQ,104179,56.51,4094699
12/16/2019,634.6,635,624.1,628.65,5663788,EQ,246978,22.93,3778135
12/17/2019,630,637.4,627.65,635.55,6213677,EQ,169567,36.64,4315153
12/18/2019,641.5,649.5,636.8,646.15,8723586,EQ,201690,43.25,5314964
12/19/2019,652.5,652.75,643.05,644.4,6509188,EQ,151485,42.97,3523544
12/20/2019,644.4,649.8,640,648.35,7513022,EQ,141458,53.11,5167224
12/23/2019,649.5,652,644.4,651.2,5097891,EQ,126370,40.34,3173217
12/24/2019,649.3,650.55,643.5,644.6,3589604,EQ,91053,39.42,2207659
12/26/2019,644.85,645.9,632.3,635.2,7474879,EQ,126918,58.9,4019243
12/27/2019,636,639.5,635,637.5,3546496,EQ,104711,33.87,2510820
12/30/2019,641,644.4,637,641.1,4667095,EQ,116012,40.23,2945151
12/31/2019,641,641,634.3,636.05,4178528,EQ,127264,32.83,2666838
1/1/2020,638.05,640,635.3,639.3,1836849,EQ,46625,39.4,809152
1/2/2020,639.5,644,639.5,643.4,3068583,EQ,104570,29.34,1957617
1/3/2020,641.1,642.5,631.8,634.2,5427775,EQ,157066,34.56,3459267
1/6/2020,630,630.9,618,620.5,5445093,EQ,155007,35.13,3647637
1/7/2020,629.45,635.7,626.1,630.3,7362247,EQ,189026,38.95,3790730
1/8/2020,623.5,631.1,620,628.65,5666055,EQ,141795,39.96,3549321
1/9/2020,632.5,637.9,631.55,635.7,4773158,EQ,125829,37.93,2650051
1/10/2020,642.05,643.45,637.55,641.35,4607290,EQ,123583,37.28,2857227
1/13/2020,641.35,648.25,638,643,3725784,EQ,107121,34.78,2215612
1/14/2020,644.5,646.25,638.75,644.75,3943145,EQ,91722,42.99,2573348
1/15/2020,643.2,644,637.05,642.1,5893724,EQ,105548,55.84,3970136
1/16/2020,641,645.5,639.65,643.8,3575200,EQ,93131,38.39,2251808
1/17/2020,640.9,642.45,635.95,639.1,8459407,EQ,136379,62.03,6692529
1/20/2020,652.4,652.4,626.25,627.45,11089225,EQ,245672,45.14,5796841
1/21/2020,625,625,619.2,622.15,7492402,EQ,216589,34.59,4587266
1/22/2020,624,627.5,617.2,620.4,9184155,EQ,146555,62.67,6562205
1/23/2020,620,623.4,615.5,622.4,5754460,EQ,176401,32.62,3535947
1/24/2020,623,627,619.55,622.25,5915878,EQ,138884,42.6,3935384
1/27/2020,617.5,617.5,605.9,606.6,9444276,EQ,268331,35.2,6145074
1/28/2020,609.4,613.9,606.6,611.6,6706079,EQ,219199,30.59,3712912
1/29/2020,612.65,621,611.1,617.9,6894175,EQ,155174,44.43,4588335
1/30/2020,619.5,619.5,608.6,613,6055992,EQ,195593,30.96,3937675
1/31/2020,615.7,618.9,610.1,613.15,5589134,EQ,169641,32.95,3563738
2/3/2020,598.5,599,588.85,596.4,6538505,EQ,251382,26.01,4024345
2/4/2020,599,617,599,614.9,10448852,EQ,173447,60.24,6900844
2/5/2020,617.45,624,613.65,622.3,9010341,EQ,150882,59.72,6955471
2/6/2020,622.3,624.35,618.6,619.9,5913775,EQ,126190,46.86,3640808
2/7/2020,623,623.5,615.8,621.1,3407724,EQ,81299,41.92,2193596
2/10/2020,621.5,621.5,613,620.15,4609917,EQ,105140,43.85,3208623
2/11/2020,621.65,627.5,619,620.3,5806760,EQ,98063,59.21,3770138
2/12/2020,622.6,626.45,622,624.5,3148965,EQ,87413,36.02,2114375
2/13/2020,629.95,629.95,616.8,620.7,4556070,EQ,97099,46.92,2850913
2/14/2020,621.6,624.2,607.5,609.65,7344429,EQ,167779,43.77,4783189
2/17/2020,612.5,616.5,607.2,608.6,5076345,EQ,157333,32.26,3075780
2/18/2020,608.45,609.25,601.75,606.6,5264558,EQ,119172,44.18,3704300
2/19/2020,611.25,615,606.95,613.6,5006134,EQ,101692,49.23,3444477
2/20/2020,615,615,607.05,608.55,5561707,EQ,146273,38.02,3240543
2/24/2020,604.5,607.4,600,605,8284042,EQ,199969,41.43,6242053
2/25/2020,602,604.5,599,600.15,6943340,EQ,193249,35.93,5185085
2/26/2020,598.75,602.35,592.8,599.6,6907393,EQ,191519,36.07,4691104
2/27/2020,597.5,601.25,590.5,599.7,10327549,EQ,241038,42.85,6138007
2/28/2020,587.75,592.5,585.05,588.8,12156528,EQ,276737,43.93,8662385
3/2/2020,600.1,600.6,583.1,589.8,7332449,EQ,197905,37.05,4540186
3/3/2020,587.5,592.65,584,590.9,11184775,EQ,233028,48,7497411
3/4/2020,589.15,590,566.55,574.4,17144435,EQ,503032,34.08,11834147
3/5/2020,576.5,582.5,571.4,575.65,9774854,EQ,262470,37.24,5681138
3/6/2020,562.5,570.45,550.5,567.45,11526783,EQ,272373,42.32,6744175
3/9/2020,555,559.2,532.5,553.65,17210297,EQ,427518,40.26,11111864
3/11/2020,552.5,560,546,556.9,17769198,EQ,344285,51.61,12492811
3/12/2020,537.5,540,501.7,510.65,29500406,EQ,503472,58.59,18695622
3/13/2020,490,540.7,459.6,534.9,33171603,EQ,541649,61.24,18672328
3/16/2020,517.5,518.5,497.5,499.75,15993174,EQ,430742,37.13,9357160
3/17/2020,504,505,477.35,487.55,21338641,EQ,447922,47.64,11352389
3/18/2020,492.5,496.5,432.5,438.45,30593809,EQ,652391,46.89,18513396
3/19/2020,423.5,460,397.5,447.75,33610239,EQ,632617,53.13,16243587
3/20/2020,437.5,457.3,412.25,441.4,44319015,EQ,790631,56.06,18885164
3/23/2020,397.3,419.4,382.5,385.75,25142273,EQ,590210,42.6,15218583
3/24/2020,397.6,405,369.4,383.85,30528676,EQ,634897,48.08,15424639
3/25/2020,385.2,433.7,377.6,428.4,23614449,EQ,608039,38.84,10925368
3/26/2020,435.05,468.85,420.5,450.55,28521681,EQ,627160,45.48,12010671
3/27/2020,472.5,494.3,436.05,452.2,27619436,EQ,651440,42.4,9442614
3/30/2020,440,443.5,414,415.8,19634313,EQ,491743,39.93,9022080
3/31/2020,426.9,436.8,419,430.95,17605997,EQ,411360,42.8,8065907
4/1/2020,431.9,431.9,410,414.8,14551758,EQ,354947,41,5957515
4/3/2020,421.5,422,405,406.9,17499063,EQ,392455,44.59,8690196
4/7/2020,437,453.65,422.7,448.05,30206626,EQ,475198,63.57,17083041
4/8/2020,440,472.5,433.05,444.45,28109877,EQ,503019,55.88,11952742
4/9/2020,456.5,465.45,445,462.5,22229012,EQ,417910,53.19,7759278
4/13/2020,467,473.35,443.1,447.7,17079259,EQ,,,
4/15/2020,465.25,465.25,421.5,431.65,28989523,EQ,517354,56.03,13261188
4/16/2020,432.5,445.35,428.1,439.9,26927231,EQ,467724,57.57,12899088
4/17/2020,457.5,460,443.6,455.15,27941831,EQ,453652,61.59,13482185
4/20/2020,475.5,480.5,467.5,472.4,33116614,EQ,555965,59.57,13530602
4/21/2020,462.5,467,454,460.8,16589148,EQ,291815,56.85,7314644
4/22/2020,459.6,466.5,453.65,464.3,19144678,EQ,258479,74.07,10177427
4/23/2020,467.5,479.25,456.25,477.5,20450895,EQ,424855,48.14,9826569
4/24/2020,466.5,479.2,463,469,16642831,EQ,293787,56.65,8000341
4/27/2020,472.6,478.7,463.15,464.85,13710727,EQ,266336,51.48,6056487
4/28/2020,471.9,471.9,461,465.7,14720773,EQ,239400,61.49,6302095
4/29/2020,467.5,496.35,467.05,488.55,27939019,EQ,450180,62.06,10960329
4/30/2020,500.7,509.5,496.05,500.9,21897643,EQ,451072,48.55,8534959
5/4/2020,478.75,480,458.75,461.5,13361177,EQ,383166,34.87,6246738
5/5/2020,469,472,454,455.7,14837190,EQ,298424,49.72,4848835
5/6/2020,459.5,475,452.8,473.2,16893140,EQ,310813,54.35,4169602
5/7/2020,470.25,471.65,460.7,462.5,10916003,EQ,226640,48.16,3399155
5/8/2020,471,472,462.6,464.5,10403747,EQ,176643,58.9,3723731
5/11/2020,468.5,477,457,457.9,14275392,EQ,316129,45.16,5926950
5/12/2020,450.5,454.7,435.55,450.75,24784324,EQ,516512,47.98,9460568
5/13/2020,475.5,480,461.05,463.8,22173554,EQ,396148,55.97,9094925
5/14/2020,449,455.5,445,446.85,19777445,EQ,364023,54.33,8394283
5/15/2020,445.25,446.2,437.5,444.1,12174870,EQ,280499,43.4,4280446
5/18/2020,444,444,415.65,418.3,23326656,EQ,533951,43.69,10660724
5/19/2020,430.4,433.65,413.05,415.3,23730561,EQ,415550,57.11,8905443
5/20/2020,418.2,432,416.1,428.55,20007413,EQ,359835,55.6,8748975
5/21/2020,430.7,442,426.15,429.75,24239683,EQ,416994,58.13,10837256
5/22/2020,425,435.15,416.5,419.4,21025849,EQ,382888,54.91,5893652
5/26/2020,428.5,435.9,424.4,426.2,19002589,EQ,303415,62.63,7852814
5/27/2020,429.95,454.9,428.6,451.8,28013227,EQ,388895,72.03,11070917
5/28/2020,460,475,457,472.6,37744926,EQ,631552,59.77,15665889
5/29/2020,472,477.5,461.7,475.8,26512600,EQ,352639,75.18,10530145
6/1/2020,487.5,497.5,483.05,493.8,19595373,EQ,294542,66.53,6299582
6/2/2020,493.35,502.5,487.6,500.5,20811909,EQ,312508,66.6,6647318
6/3/2020,510,523.1,507.7,511.1,25273067,EQ,336920,75.01,10366214
6/4/2020,514,519.5,495.55,500.85,27139478,EQ,406454,66.77,9199898
6/5/2020,501.55,521.2,501.4,516.65,17598103,EQ,281754,62.46,4654447
6/8/2020,530,533.3,503.2,507.95,24906362,EQ,388541,64.1,7761480
6/9/2020,510,513.4,489.75,493.65,30922894,EQ,417245,74.11,13311975
6/10/2020,495,499.9,489.1,495.9,18248880,EQ,263364,69.29,5264844
6/11/2020,492.5,494.2,482.5,484.3,15449142,EQ,290542,53.17,4276390
6/12/2020,464,493.3,464,491.4,21322880,EQ,329375,64.74,5245483
6/15/2020,484,487,471.5,474.9,16004973,EQ,261144,61.29,5060470
6/16/2020,487.5,497,476,495.2,22700113,EQ,318791,71.21,6682870
6/17/2020,494.5,499.45,486.6,489.6,18479504,EQ,263560,70.11,3422973
6/18/2020,490,512.45,486,510,20435469,EQ,283491,72.09,4678708
6/19/2020,509,521.5,506.1,516.65,23939324,EQ,330341,72.47,7701114
6/22/2020,519.7,523,511.9,514.4,14847321,EQ,295528,50.24,5244303
6/23/2020,519.5,522.5,508.25,521.15,14415640,EQ,231379,62.3,5479425
6/24/2020,524.25,528.75,515,516.25,19714664,EQ,356432,55.31,9101038
6/25/2020,510.95,524.5,503.5,514.4,35323457,EQ,361881,97.61,16081355
6/26/2020,520.5,531.5,514,528.2,19986677,EQ,346461,57.69,9752080
6/29/2020,518.5,541.3,518.5,538,23003725,EQ,361163,63.69,9905945
6/30/2020,537,539.25,528.15,532.9,17873316,EQ,282325,63.31,7881793
7/1/2020,532.9,548,530.65,542.3,17423378,EQ,231200,75.36,5258903
7/2/2020,545.15,555.6,542.6,544.7,18477248,EQ,268683,68.77,5983962
7/3/2020,546.5,547.9,535,537,13798879,EQ,227183,60.74,5292799
7/6/2020,554,559.95,550,551.5,17779243,EQ,288861,61.55,4833544
7/7/2020,554.7,555.85,546.5,552.6,12175425,EQ,191000,63.75,4042030
7/8/2020,553.5,562.45,552.5,555.15,15028412,EQ,221878,67.73,5513315
7/9/2020,559,564.85,553.6,562.5,10057717,EQ,143088,70.29,3264951
7/10/2020,558.95,560,549.75,552.55,8781604,EQ,161321,54.44,2834396
7/13/2020,554.95,556.5,535.65,540.1,14961695,EQ,265343,56.39,6602916
7/14/2020,531.3,534.45,525,529.4,13306511,EQ,296972,44.81,5053772
7/15/2020,535.1,539.5,525.05,526.6,10487246,EQ,177552,59.07,2863921
7/16/2020,526.8,532.75,517.05,531.25,11831256,EQ,204641,57.81,3383165
7/17/2020,529.5,552,529.15,549.2,14202933,EQ,217615,65.27,5625701
7/20/2020,567.5,576.45,562.1,566.5,32562064,EQ,505889,64.37,11904108
7/21/2020,576,579,567,569.25,23757768,EQ,281983,84.25,14743934
7/22/2020,569.25,572.25,558.75,563.15,12359024,EQ,189616,65.18,5835878
7/23/2020,562.5,571.95,558.1,565.2,10074805,EQ,179616,56.09,3926642
7/24/2020,561.45,561.45,550.6,559.55,9799222,EQ,166565,58.83,2731880
7/27/2020,549.9,551.5,537.65,539.75,18985167,EQ,312366,60.78,9728035
7/28/2020,539.5,547.2,529.75,543.3,17798330,EQ,311878,57.07,8192969
7/29/2020,540.5,544.25,527.75,532.3,16796652,EQ,303428,55.36,8529553
7/30/2020,537,541.8,523.35,525.3,13478951,EQ,251700,53.55,5513933
7/31/2020,528.85,528.85,510,516.4,18865230,EQ,325344,57.99,8542845
8/3/2020,513,513.5,496.5,501,15891781,EQ,343632,46.25,7578040
8/4/2020,504,530.5,501.5,520.8,30153418,EQ,472527,63.81,9249672
8/5/2020,524,527.9,510,513.75,16610696,EQ,270414,61.43,4369897
8/6/2020,518.5,527.5,513.1,520.35,16823558,EQ,245766,68.45,4443585
8/7/2020,517.4,523.6,510.3,521.9,12418816,EQ,178249,69.67,3386521
8/10/2020,522,532,521.9,525.3,11086465,EQ,166247,66.69,4678342
8/11/2020,524.25,535.5,524.25,533.3,10068150,EQ,157609,63.88,4013321
8/12/2020,532.5,533,524,531.85,10333222,EQ,158659,65.13,2929261
8/13/2020,534,535.65,528.25,529.5,9946370,EQ,128692,77.29,4863570
8/14/2020,532.95,532.95,513.65,517.2,10462350,EQ,213350,49.04,3850560
8/17/2020,523.5,523.5,510.1,516.4,9780591,EQ,175355,55.78,3980368
8/18/2020,514,530.8,511,528.25,12020562,EQ,193067,62.26,3570377
8/19/2020,532.5,534.9,528.1,533.3,8858056,EQ,157562,56.22,3705714
8/20/2020,527.5,534.5,526,529.5,9608591,EQ,149244,64.38,4173695
8/21/2020,532.7,544.4,532.3,542.8,14462237,EQ,228261,63.36,6064505
8/24/2020,543,561.5,542.8,558.5,18389929,EQ,282003,65.21,7781401
8/25/2020,559.5,563.5,553.1,559.85,13800972,EQ,206191,66.93,4584419
8/26/2020,560.5,565.9,554.75,559.2,12595131,EQ,164529,76.55,5444242
8/27/2020,562.9,564.95,553.1,556.05,10323015,EQ,184107,56.07,4676407
8/28/2020,556,562.5,547.5,557.25,19349069,EQ,260599,74.25,7038384
8/31/2020,564.75,574.4,550.35,557.9,19250721,EQ,267840,71.87,6487377
9/1/2020,564,571.8,554,563.65,14438949,EQ,217329,66.44,5250820
9/2/2020,562.05,569.5,560.35,567.1,9880855,EQ,137409,71.91,4567066
9/3/2020,568.6,573,564,565.45,9916701,EQ,164687,60.22,5260793
9/4/2020,555,562.7,552.2,559.65,11830686,EQ,215475,54.91,5210661
9/7/2020,558.15,559.75,549.5,555.25,8807764,EQ,165759,53.14,2718102
9/8/2020,557,559.4,551.5,556.2,7312460,EQ,160085,45.68,2466163
9/9/2020,550.5,555,545.6,548.25,7864545,EQ,136765,57.5,3232384
9/10/2020,551.5,552.4,542,545.25,7594209,EQ,132365,57.37,1804983
9/11/2020,548.2,552.4,535.5,539.3,10397545,EQ,201271,51.66,3835827
9/14/2020,544,547,526.15,529,10825874,EQ,215379,50.26,4580061
9/15/2020,534,538.1,529.05,535.25,8252566,EQ,147079,56.11,2743944
9/16/2020,535.1,548,534.15,546.8,9355126,EQ,169907,55.06,3577005
9/17/2020,542,547,539,541.8,9159413,EQ,130623,70.12,3060263
9/18/2020,546,546.1,523.6,528.65,11740889,EQ,194150,60.47,5051107
9/21/2020,527.5,535.65,520.75,524.65,9921439,EQ,206109,48.14,2978466
9/22/2020,527,529.1,514.75,517.7,9310339,EQ,218683,42.57,3226259
9/23/2020,523,527.5,517.15,523.6,8039935,EQ,181416,44.32,2446333
9/24/2020,519,523.5,512.5,515.2,9904895,EQ,198189,49.98,4695108
9/25/2020,525,526,512.8,522,10160775,EQ,162790,62.42,4128006
9/28/2020,524.5,529.5,521.3,527.1,8076211,EQ,,,
9/29/2020,529,534.95,525.5,531.25,6322274,EQ,106799,59.2,1803588
9/30/2020,530,543.45,526,539.3,9407038,EQ,226805,41.48,4038213
10/1/2020,545.05,555,545.05,553.5,10601566,EQ,173095,61.25,3061601
10/5/2020,556,566,555.5,557.15,8470109,EQ,160877,52.65,3030427
10/6/2020,567.5,574,563.1,572.05,9685997,EQ,214476,45.16,2624119
10/7/2020,572.45,582.4,568.8,581.1,10624527,EQ,210164,50.55,3580273
10/8/2020,590,601.5,581.65,595.9,17530368,EQ,242763,72.21,9001403
10/9/2020,600.5,618.5,595.8,616.75,22486215,EQ,338324,66.46,8314015
10/12/2020,615.75,621.4,602.8,606.8,9610277,EQ,192519,49.92,2412953
10/13/2020,606.7,611.2,597.5,599.2,9177015,EQ,183515,50.01,3940507
10/14/2020,597.75,607.15,587.75,605.75,11291473,EQ,220645,51.17,4716259
10/15/2020,607.1,608.5,582,584.6,14123569,EQ,238649,59.18,6426038
10/16/2020,590,601.75,586.5,599.65,12911559,EQ,232163,55.61,5757664
10/19/2020,617.5,617.5,596.3,601.75,21179884,EQ,312856,67.7,6298278
10/20/2020,603.75,613.7,602.95,612,13705994,EQ,278115,49.28,6665757
10/21/2020,615.3,625.5,610.85,623.35,17820565,EQ,311963,57.12,9474491
10/22/2020,620,625,611.5,616.65,10956548,EQ,269781,40.61,4980877
10/23/2020,621.75,624.2,615.6,617.9,7933126,EQ,172764,45.92,3893201
10/26/2020,614.9,621,602.3,605.45,9786023,EQ,197782,49.48,4286264
10/27/2020,613,618,598.9,616.55,12158922,EQ,207342,58.64,5566363
10/28/2020,614,616,600.75,604.8,8285625,EQ,202965,40.82,3816626
10/29/2020,600.3,602.2,589.25,593.6,11530152,EQ,207330,55.61,4599106
10/30/2020,591.25,599.65,588.15,591.75,5761470,EQ,137766,41.82,1417497
11/2/2020,597.15,612.5,588.75,607.6,10963040,EQ,225643,48.59,3969118
11/3/2020,613.2,625.4,612.75,624,14082115,EQ,278299,50.6,7117196
11/4/2020,626,632.4,615,628.7,11702411,EQ,245494,47.67,4604207
11/5/2020,633,638,626.15,634.6,10716964,EQ,217902,49.18,5572211
11/6/2020,633.1,655,632.75,653.8,17852862,EQ,330534,54.01,8798848
11/9/2020,657.6,673,657.6,670.25,13144220,EQ,235872,55.73,4784853
11/10/2020,678.5,697.5,675.75,696.8,20758678,EQ,460114,45.12,10154953
11/11/2020,699.95,707.4,685.25,695,18058097,EQ,319672,56.49,8274350
11/12/2020,688.7,694.25,680,685.85,13526974,EQ,315193,42.92,6233502
11/13/2020,684.4,684.4,673.5,679.4,11236240,EQ,205964,54.55,6981560
11/17/2020,692.9,706.3,690.3,704.2,15529950,EQ,297055,52.28,8031901
11/18/2020,701.5,709.5,699.5,704.35,9431388,EQ,209420,45.04,3919273
11/19/2020,694.85,699.7,684,687.15,10133441,EQ,222482,45.55,4548010
11/20/2020,686.3,704.2,682.5,701.8,10202681,EQ,235627,43.3,3218192
11/23/2020,707.5,711.8,687.65,697.3,12623318,EQ,297107,42.49,5172382
11/24/2020,704,722.5,701,719.1,20077200,EQ,341801,58.74,10998578
11/25/2020,725.65,732.2,698.5,701.4,12076301,EQ,310836,38.85,3864872
11/26/2020,707.5,716,693.5,713.3,13971563,EQ,269679,51.81,3873907
11/27/2020,715.9,723,707.75,720.4,8997290,EQ,174132,51.67,2947164
12/1/2020,720.4,724.5,712.75,716.65,8573787,EQ,197206,43.48,4902182
12/2/2020,715.5,715.9,697.4,703.5,8946075,EQ,187793,47.64,4083694
12/3/2020,714.5,716,687,688.6,18966611,EQ,370031,51.26,8051191
12/4/2020,690.5,700.7,686.65,692.8,13456161,EQ,287684,46.77,6424679
12/7/2020,687.5,690,679.05,686.1,12158159,EQ,326818,37.2,5395288
12/8/2020,687.5,694.4,682.6,688.15,9728948,EQ,239499,40.62,4036547
12/9/2020,688.5,705,687.5,703.6,11034537,EQ,283201,38.96,6142720
12/10/2020,699,701,687.9,692.9,9863983,EQ,253318,38.94,5410504
12/11/2020,695,697.5,686.5,691.4,10678192,EQ,184156,57.98,5982146
12/14/2020,691.5,694,684,686.1,8611025,EQ,226700,37.98,4356567
12/15/2020,690.4,697.5,683,695.65,10780718,EQ,213331,50.54,6133592
12/16/2020,702,708.4,697.25,705.35,8416046,EQ,207995,40.46,3610360
12/17/2020,709.3,722.5,702.25,720.9,10962239,EQ,227695,48.14,6194289
12/18/2020,717.5,719.85,703.15,705.65,11497959,EQ,204985,56.09,6354330
12/21/2020,708.75,711.9,683.35,686.3,11880912,EQ,245182,48.46,5752935
12/22/2020,692.4,692.4,672.5,686.55,11425779,EQ,321428,35.55,4526049
12/23/2020,683.75,690.5,680.5,687.8,7733697,EQ,209433,36.93,3826850
12/24/2020,694.7,702,688.5,698.55,7476094,EQ,207764,35.98,3493062
12/28/2020,702.5,710.5,702,706.4,5849597,EQ,222546,26.28,3298640
12/29/2020,710.5,717.4,710,713.6,7247673,EQ,164187,44.14,3741168
12/30/2020,719.95,719.95,706.5,716.25,8108363,EQ,137892,58.8,3247668
12/31/2020,717.5,722,712.5,718.15,11072875,EQ,207512,53.36,6344868
1/1/2021,720,721.5,710.3,712.5,4405469,EQ,85415,51.58,1426213
1/4/2021,719,719,699.5,708,7870096,EQ,177576,44.32,3758410
1/5/2021,709.6,715.4,704.5,713.35,7193412,EQ,186611,38.55,3041961
1/6/2021,717.5,720,706.55,710.25,11067025,EQ,151854,72.88,4458054
1/7/2021,716.25,716.3,706.25,708.1,9947421,EQ,127305,78.14,4519188
1/8/2021,716,721,711.55,715.8,6884382,EQ,162375,42.4,3373763
1/11/2021,725,732.45,718.15,725.7,8665696,EQ,213318,40.62,3343315
1/12/2021,726.2,743.85,724.55,740.5,10194078,EQ,226594,44.99,4655926
1/13/2021,746.45,748.45,731.05,735.3,8467325,EQ,179332,47.22,3842475
1/14/2021,735.6,744,728,734.4,6148583,EQ,187531,32.79,2684066
1/15/2021,734.55,735.8,722.5,733.3,7082618,EQ,168203,42.11,2773489
1/18/2021,734.95,751.4,733.5,741.55,21412816,EQ,483314,44.3,8069668
1/19/2021,745.9,755.8,733.5,751.9,8680127,EQ,197402,43.97,3275007
1/20/2021,750.5,750.5,743,746,6673026,EQ,137443,48.55,2954825
1/21/2021,746,747.15,734.1,737.4,13166527,EQ,262288,50.2,7307429
1/22/2021,733.95,733.95,720.1,721.75,7696182,EQ,222926,34.52,3575009
1/25/2021,732.55,740.5,727.6,731.4,10172359,EQ,231078,44.02,5723754
1/27/2021,734,735.95,703.1,704.8,11778138,EQ,308009,38.24,6565369
1/28/2021,694.95,700.65,671,685.7,21352223,EQ,452148,47.22,10585667
1/29/2021,695.65,704.4,682.25,695.25,14352251,EQ,358077,40.08,6859254
2/1/2021,705.1,741.25,700.5,738.4,13185272,EQ,301952,43.67,6454236
2/2/2021,750.5,789.25,748.7,780.25,21210103,EQ,416712,50.9,10262616
2/3/2021,789.5,790.85,771,787.4,10118627,EQ,316129,32.01,4768384
2/4/2021,783,794,771.7,789.55,12242342,EQ,307724,39.78,5702305
2/5/2021,774,809.1,774,798.8,13527358,EQ,274934,49.2,5044918
2/8/2021,810,815.8,797.85,802.6,8723790,EQ,228373,38.2,3412505
2/9/2021,805,814,793.35,805.9,9210683,EQ,198426,46.42,3770007
2/10/2021,804.15,807.4,783.5,790.9,9894003,EQ,229610,43.09,4736412
2/11/2021,791,798.9,782.1,786.15,6824309,EQ,192335,35.48,2807165
2/12/2021,786.95,796.25,786.5,791,4955053,EQ,164667,30.09,1476085
2/15/2021,800.05,812.5,798.35,808.3,5177622,EQ,148039,34.97,1992888
2/16/2021,810.6,820.5,804.2,813.3,6948679,EQ,180673,38.46,1990683
2/17/2021,810,810.9,791.5,793.25,6397213,EQ,154614,41.38,2731632
2/18/2021,803,803,774,777.15,7360280,EQ,260135,28.29,2557293
2/19/2021,772.5,782.1,766.5,769.55,8569754,EQ,248392,34.5,3611013
2/22/2021,772.5,786.95,769.7,774,14725919,EQ,299769,49.12,7734714
2/23/2021,776.9,778.85,761.3,764.6,9119953,EQ,230064,39.64,3676937
2/24/2021,763.25,807,758.1,803.2,7157166,EQ,144539,49.52,3318706
2/25/2021,804.9,818.1,801,803.2,10054785,EQ,231264,43.48,4200723
2/26/2021,793.5,794.45,760.5,767.2,13956423,EQ,397166,35.14,5926438
3/1/2021,782,786.25,770.35,779.45,6768009,EQ,180747,37.44,2759822
3/2/2021,787.85,793.75,775.5,784.1,8055019,EQ,188996,42.62,3535705
3/3/2021,792,798,782.5,793.4,5611205,EQ,190986,29.38,2757159
3/4/2021,774.25,785.5,769.55,776,8145719,EQ,220611,36.92,3023464
3/5/2021,765.5,772.8,760.55,765,8722911,EQ,236265,36.92,3732717
3/8/2021,771,777.5,756.25,759.75,7558525,EQ,202940,37.25,2679701
3/9/2021,772.5,782.85,769.1,781.25,7533348,EQ,190281,39.59,2958230
3/10/2021,786,787.5,776.1,777.9,5527508,EQ,170939,32.34,2731601
3/12/2021,800,800,767.5,776,7815602,EQ,236912,32.99,3634899
3/15/2021,774.2,774.2,757.65,764.3,6115242,EQ,169992,35.97,2659080
3/16/2021,765.45,770.2,755,756.1,6861183,EQ,206602,33.21,3106338
3/17/2021,762.1,769.5,745.1,747.65,10532214,EQ,227416,46.31,5466535
3/18/2021,755.9,761,740.6,745.5,9032770,EQ,242311,37.28,4547536
3/19/2021,742.5,755.6,737,748.75,10617510,EQ,258063,41.14,5524716
3/22/2021,747.45,747.45,730.2,734.6,7007816,EQ,257662,27.2,3022866
3/23/2021,735,753.7,734.55,750.1,9880714,EQ,275690,35.84,4916573
3/24/2021,745.45,753.2,735.5,739.4,8184450,EQ,229246,35.7,4157014
3/25/2021,745.1,747.75,725.1,731.65,11982178,EQ,371490,32.25,6011732
3/26/2021,747,749.5,737,745.65,6010629,EQ,186603,32.21,2534369
3/30/2021,753.3,781.25,750.75,776.85,12804032,EQ,229161,55.87,7304263
3/31/2021,774,774,744,746.8,15387253,EQ,362409,42.46,7847100
4/1/2021,749.7,749.7,732.5,743.4,17881881,EQ,338659,52.8,9572778
4/5/2021,740,742.5,715.5,724.8,8003293,EQ,238305,33.58,2874301
4/6/2021,730,731.3,716.3,720.1,7537867,EQ,215174,35.03,2499978
4/7/2021,719.65,728.35,710.75,723.6,12544090,EQ,208801,60.08,7434774
4/8/2021,726.5,730.45,715.25,716.4,8806796,EQ,223974,39.32,4639816
4/9/2021,713,716.4,707.55,710.9,14078908,EQ,214798,65.54,6946513
4/12/2021,696.5,699.5,676.5,683.5,11274564,EQ,406501,27.74,5626304
4/13/2021,684,703.2,680.5,700.15,9300341,EQ,189809,49,4769084
4/15/2021,702.5,718.35,695.5,715.05,17222492,EQ,317928,54.17,9464480
4/16/2021,717.5,722.5,711.75,714.3,7803263,EQ,188460,41.41,3843600
4/19/2021,695,708.85,686.15,706.2,12034621,EQ,325777,36.94,5446700
4/20/2021,712.5,713.2,692,695.7,11593135,EQ,283993,40.82,6447436
4/22/2021,690,713.4,685.5,711.25,19242656,EQ,320987,59.95,9670836
4/23/2021,704.5,717.3,700.1,707.1,11356764,EQ,242760,46.78,5293080
4/26/2021,706.5,714.5,701.4,702.4,15085476,EQ,291268,51.79,9791881
4/27/2021,703.6,721,702.4,719.35,10296453,EQ,233200,44.15,5650216
4/28/2021,718.1,739.5,715.5,738.4,12051970,EQ,197146,61.13,7196647
4/29/2021,743.1,751.8,730.5,736.25,12039276,EQ,252296,47.72,4818551
4/30/2021,722.5,726.9,703.75,706.15,17616451,EQ,447876,39.33,8982938
5/3/2021,696.5,710.95,688.65,707.2,11236850,EQ,341238,32.93,5720050
5/4/2021,705,711.5,691.65,694.15,10743164,EQ,263951,40.7,4454875
5/5/2021,700.5,704.8,690.85,701.3,7210806,EQ,162134,44.47,2895687
5/6/2021,703.8,705.4,697.5,700.45,5738522,EQ,136848,41.93,2576264
5/7/2021,706.5,712.5,705.1,707.4,6024167,EQ,160474,37.54,2861702
5/10/2021,713.5,715,706.4,709.9,5530025,EQ,156544,35.33,2986441
5/11/2021,698,712.1,697.5,701.75,7259517,EQ,221164,32.82,4339573
5/12/2021,699.9,704.3,694.4,699.75,6887463,EQ,189135,36.42,3933052
5/14/2021,697.15,699.45,691.15,693.4,5302071,EQ,204439,25.93,2878510
5/17/2021,697.6,721.3,690.65,720.1,7560346,EQ,232157,32.57,3995095
5/18/2021,729.5,741.4,727.5,738.35,11082640,EQ,303758,36.49,6640863
5/19/2021,735.1,739.4,726.25,729.1,5065458,EQ,130871,38.71,2727068
5/20/2021,729.15,732.95,714.25,716.4,5342092,EQ,162817,32.81,2541468
5/21/2021,721.5,750.95,721.5,748.65,9670823,EQ,234594,41.22,3683384
5/24/2021,751.6,760.2,749.25,755,11073051,EQ,332858,33.27,4781064
5/25/2021,755.25,756.9,735.25,739.5,9618487,EQ,263807,36.46,4731625
5/26/2021,740,743.5,735,738.5,6141995,EQ,180525,34.02,2462775
5/27/2021,736.55,744.5,731.2,741.3,10219748,EQ,209715,48.73,4915883
5/28/2021,745.45,756.5,739.4,751.7,8875010,EQ,221597,40.05,5295971
5/31/2021,750,759.75,743.75,757.9,7830527,EQ,205932,38.02,3743023
6/1/2021,760.15,763.5,753.6,755.85,5515081,EQ,164990,33.43,2707141
6/2/2021,755,755.1,746.5,752,5312008,EQ,119874,44.31,3061801
6/3/2021,754,762.5,743.9,760.25,5143630,EQ,157719,32.61,2137844
6/4/2021,758,760.3,749.6,750.5,4712238,EQ,179989,26.18,2684082
6/7/2021,755,757,748,749.9,4045834,EQ,134014,30.19,2381811
6/8/2021,748.25,750.65,740.75,741.5,4936270,EQ,174145,28.35,3413458
6/9/2021,741.95,751,736,740.15,5111721,EQ,134064,38.13,2387438
6/10/2021,741.05,744.5,736.8,740.5,5741770,EQ,165786,34.63,3484470
6/11/2021,745.5,748.25,740.5,743.15,3602987,EQ,118634,30.37,1797686
6/14/2021,739.1,743,731.25,739.7,4440982,EQ,147161,30.18,2360747
6/15/2021,743,748,737.4,745.1,3784801,EQ,126209,29.99,1799385
6/16/2021,744,747,739.05,742.3,3851049,EQ,140563,27.4,2373410
6/17/2021,733,739.4,730,733.05,4641901,EQ,162372,28.59,2602883
6/18/2021,734.75,745,727.5,739.9,5969030,EQ,176020,33.91,3289110
6/21/2021,730.65,745.9,729.5,744.35,3630236,EQ,121439,29.89,1774707
6/22/2021,748.5,754,740,741.9,7183412,EQ,176519,40.69,4324982
6/23/2021,745,748.9,739.3,742.75,3922434,EQ,104106,37.68,2070834
6/24/2021,745,756.7,744,753.1,7392512,EQ,161391,45.8,4417197
6/25/2021,755.55,761,753.5,757.55,5191588,EQ,157842,32.89,3242646
6/28/2021,760,761.5,752.5,754.15,4678393,EQ,97365,48.05,3047669
6/29/2021,753.5,754.1,746.1,751,5485846,EQ,119595,45.87,4097229
6/30/2021,749,754.5,747.05,748.95,4839511,EQ,113300,42.71,3300089
7/1/2021,751,751,741.5,743.4,8455721,EQ,177593,47.61,5309019
7/2/2021,742.5,744.6,738.5,740.2,7413518,EQ,175142,42.33,5654492
7/5/2021,745,752.25,742.25,747.7,3686941,EQ,136148,27.08,2121120
7/6/2021,748.5,770,748,767.35,8834516,EQ,222855,39.64,4447203
7/7/2021,767,772.65,763.85,769.75,4814595,EQ,119316,40.35,3055239
7/8/2021,762.5,768.85,756.7,760.2,4210461,EQ,137221,30.68,2368698
7/9/2021,756.25,758,748.75,751,5347921,EQ,162723,32.87,3376292
7/12/2021,751,751,742,743.5,7229489,EQ,160971,44.91,3956375
7/13/2021,748.05,753.05,742.05,750.9,9089071,EQ,158600,57.31,6329919
7/14/2021,748.75,753.65,745.55,749.6,4894247,EQ,114595,42.71,3004238
7/15/2021,752.5,763.4,749.8,760.35,5219401,EQ,192039,27.18,2898079
7/16/2021,764,765,759.4,761.15,2585314,EQ,86273,29.97,1175158
7/19/2021,743.5,744.4,733,735.5,12555800,EQ,410524,30.58,6626486
7/20/2021,721,727,718.1,721.6,12087125,EQ,329311,36.7,8568066
7/22/2021,728.05,734.25,722.5,724.35,6603557,EQ,253822,26.02,3828445
7/23/2021,725.75,728.7,717.65,721.4,6563342,EQ,265409,24.73,4491778
7/26/2021,715,722,714.05,717.25,6583583,EQ,238911,27.56,4980099
7/27/2021,718.05,724.95,718.05,719.9,11200715,EQ,205605,54.48,9077138
7/28/2021,717.5,719.35,702,708.65,10335171,EQ,350925,29.45,7692903
7/29/2021,714.1,715,706.65,709.1,6851115,EQ,174810,39.19,4861470
7/30/2021,709.5,715.9,704,713.2,5827744,EQ,182078,32.01,3984364
8/2/2021,717.5,717.5,708.1,711.3,6629393,EQ,239364,27.7,4820387
8/3/2021,705,719.95,705,717.35,6016560,EQ,168518,35.7,4182501
8/4/2021,720.5,737.25,720,732.65,11026974,EQ,294722,37.41,6667254
8/5/2021,733.55,753.5,728.7,742.4,9411204,EQ,234822,40.08,4731088
8/6/2021,741.75,750,737,746.3,6669635,EQ,127752,52.21,4102296
8/9/2021,746,753.65,738,751.95,5499024,EQ,123204,44.63,2996603
8/10/2021,744.5,759.9,744.5,753.8,7419173,EQ,207153,35.81,4516112
8/11/2021,757.45,759.4,745.5,747.5,6292893,EQ,236089,26.65,4374018
8/12/2021,748.5,753.8,744.65,750.7,4298837,EQ,118442,36.29,2763118
8/13/2021,750.6,765.5,750.5,763.1,8329214,EQ,200611,41.52,5777126
8/16/2021,763.1,767.5,760.7,765.3,3126389,EQ,134405,23.26,1646403
8/17/2021,758.6,762,752.65,757.3,4141333,EQ,163880,25.27,2622683
8/18/2021,778.35,782.65,754.15,756.5,11492966,EQ,275951,41.65,4034630
8/20/2021,743,759.9,743,757.4,6575203,EQ,241660,27.21,3540286
8/23/2021,764.9,766.6,754.3,762.3,5421527,EQ,149392,36.29,3217739
8/24/2021,765,782.25,763.7,779.4,9190657,EQ,214219,42.9,6127613
8/25/2021,776.05,782.4,774,778.7,3863987,EQ,128323,30.11,2011671
8/26/2021,775,785.5,771.7,777.4,5559501,EQ,200243,27.76,3023297
8/27/2021,776,779.3,772.6,774.2,3191069,EQ,117093,27.25,1692869
8/30/2021,777.8,785,775.8,784.1,4524583,EQ,115034,39.33,2742963
8/31/2021,781.75,791.65,781.1,790.7,6031288,EQ,203147,29.69,3804884
9/1/2021,787.5,799,787.25,789.55,6211279,EQ,230930,26.9,3924656
9/2/2021,787.05,796,785.6,794.5,4809262,EQ,173323,27.75,3165332
9/3/2021,793.05,799,784.15,788,5367667,EQ,200088,26.83,3543509
9/6/2021,790,790.5,781,782.85,3938448,EQ,166678,23.63,2534940
9/7/2021,781.25,791,777.6,784.6,3622748,EQ,174293,20.79,1967275
9/8/2021,786,790.25,782.8,788.2,3362040,EQ,102369,32.84,2005117
9/9/2021,787,789.7,780.5,784.3,4125474,EQ,115424,35.74,2668239
9/13/2021,781,792,776.8,777.75,4479582,EQ,162851,27.51,3354836
9/14/2021,780,782.25,773.3,774.25,4879253,EQ,152737,31.95,3748148
9/15/2021,767.5,777.4,767.5,773.4,7411499,EQ,196864,37.65,5419693
9/16/2021,768.9,782.15,768.15,780,5130275,EQ,158542,32.36,2478795
9/17/2021,784.5,794.5,779.6,791.1,10249051,EQ,203624,50.33,6160971
9/20/2021,782,790.85,779,779.9,4390805,EQ,144006,30.49,2618610
9/21/2021,781,784.3,764.5,776,7387498,EQ,162406,45.49,4642760
9/22/2021,774.5,775.1,765,766.85,5291101,EQ,204046,25.93,3043041
9/23/2021,771,786,771,785,6832152,EQ,221318,30.87,4366722
9/24/2021,789.5,804,787.5,800.75,10403351,EQ,285125,36.49,6212213
9/27/2021,807.85,817.75,804,812.55,8207731,EQ,245375,33.45,5061617
9/28/2021,816,816,791,807.5,6386895,EQ,193041,33.09,3472588
9/29/2021,798.5,803.3,792.6,796.9,8131518,EQ,180383,45.08,5400885
9/30/2021,793,803.15,791.55,797.5,7987674,EQ,216914,36.82,4213557
10/1/2021,791.5,794.5,782.6,791.35,5564298,EQ,145318,38.29,3862291
10/4/2021,794.5,800.65,791.8,792.9,3525514,EQ,141789,24.86,2240254
10/5/2021,796,798.75,788.1,797.7,5128589,EQ,154894,33.11,3346622
10/6/2021,798,813.4,793.5,807.45,9300415,EQ,198719,46.8,6227027
10/7/2021,813.3,813.85,803.5,805.25,5632862,EQ,179258,31.42,3460296
10/8/2021,806,811,800.1,801.3,3622781,EQ,180918,20.02,2298470
10/11/2021,799.95,822.5,799.5,816.9,6540424,EQ,199109,32.85,4288726
10/12/2021,812.5,820.8,812.5,814.8,4088473,EQ,127205,32.14,2149685
10/13/2021,818.5,824,815,819.7,3112822,EQ,121391,25.64,1798733
10/14/2021,819,845,819,843.7,7378644,EQ,218094,33.83,3835435
10/18/2021,852.5,862.5,833.5,835.15,14428228,EQ,413049,34.93,8220482
10/19/2021,837.7,846.2,835.5,844.35,4493770,EQ,146669,30.64,2218411
10/20/2021,844.55,849.4,832.2,836.9,5454284,EQ,187374,29.11,3521937
10/21/2021,835.9,841,830.4,838.15,4869095,EQ,181241,26.87,2926337
10/22/2021,840.05,854,835.4,840.4,6087777,EQ,173531,35.08,3171466
10/25/2021,845,845,806.9,828.5,8213383,EQ,230480,35.64,4006629
10/26/2021,825,836.9,823.15,826.4,6045328,EQ,167665,36.06,4294683
10/27/2021,826.4,832.5,818.65,821.4,6624821,EQ,159662,41.49,4849303
10/28/2021,825,825,793.6,796.8,8898875,EQ,197678,45.02,5321326
10/29/2021,795,801,780,791.4,6203437,EQ,187391,33.1,3509518
11/1/2021,792.5,805.5,791.75,802.65,4061160,EQ,154509,26.28,2186450
11/2/2021,803,811,800,803.4,6618861,EQ,190992,34.66,4327632
11/3/2021,802.55,804.95,787.75,790.7,5103669,EQ,171297,29.79,3013031
11/4/2021,797.5,798.9,795.05,797,548404,EQ,171297,3.2,3013031
11/8/2021,796.05,802.35,785.2,800.1,9471790,EQ,201396,47.03,7415309
11/9/2021,797.3,797.3,784.5,786.1,6347738,EQ,240815,26.36,4613239
11/10/2021,784,784.5,775,777.6,6857063,EQ,233747,29.34,5316027
11/11/2021,775,777.45,767.8,774.15,3999702,EQ,157896,25.33,2359811
11/12/2021,775,779.5,772.5,776.5,7457046,EQ,170825,43.65,6028992
11/15/2021,781.05,785.9,777.2,778.6,4766797,EQ,231105,20.63,3348551
11/16/2021,777.5,778.6,770.8,774,4122703,EQ,139578,29.54,3120847
11/17/2021,768.45,772,764.25,765.4,3799439,EQ,145953,26.03,2426211
11/18/2021,763,771.75,762.6,769.7,4576437,EQ,181690,25.19,2775777
11/22/2021,773,776.35,749.5,757.65,7630636,EQ,222669,34.27,5181802
11/23/2021,751,763.9,748.15,757.75,5617607,EQ,164898,34.07,3430808
11/24/2021,762,768.15,757,759,15401143,EQ,141801,108.61,13238732
11/25/2021,757.4,766.65,753.5,763,5125826,EQ,138468,37.02,3449892
11/26/2021,750,753.35,742.5,744.95,9312468,EQ,250716,37.14,7121233
11/29/2021,747.4,753.8,731,750.6,6495498,EQ,202157,32.13,4000943
11/30/2021,747.5,764.5,743.25,746.75,12610771,EQ,257120,49.05,9136547
12/1/2021,747.5,753.5,744.55,752.3,4338817,EQ,162233,26.74,2602790
12/2/2021,752.25,764.4,750,762.9,5601555,EQ,187845,29.82,3834955
12/3/2021,762.9,768,753.5,756.75,4062347,EQ,143318,28.34,2722337
12/6/2021,756.5,759.4,748.65,751.9,3514766,EQ,141743,24.8,1870296
12/7/2021,757,766,754.95,762.85,6213767,EQ,148533,41.83,4333305
12/8/2021,768,777.5,767,776.9,7647767,EQ,229215,33.37,5641750
12/9/2021,772.6,777.35,761,763.4,5873872,EQ,148558,39.54,3900369
12/10/2021,762.45,764,754.2,761.25,3889692,EQ,123564,31.48,2503457
12/13/2021,763,768.8,753.6,755.6,5161071,EQ,143473,35.97,3012915
12/14/2021,751.25,758,748.5,751.2,4595550,EQ,175566,26.18,2780047
12/15/2021,751.5,761.65,747.8,750,5057574,EQ,133205,37.97,3207512
12/16/2021,756.4,758.5,747,750.05,6605216,EQ,179348,36.83,4327258
12/17/2021,748.5,753,733.85,736.5,7497384,EQ,194713,38.5,4384118
12/20/2021,726,729,707.05,712.8,10578334,EQ,411439,25.71,6130252
12/21/2021,719.75,725.4,715,720.9,4559375,EQ,171631,26.56,2926685
12/22/2021,726.15,728,717.85,722.6,4288742,EQ,167203,25.65,2621782
12/23/2021,726.6,728.9,718.4,722.05,4889583,EQ,162623,30.07,3488706
12/24/2021,722.75,726,714,719.45,2780512,EQ,110788,25.1,1333057
12/27/2021,714.45,727,711.1,725.4,2352549,EQ,102204,23.02,1059977
12/28/2021,730.35,733.45,726.7,730.4,2725339,EQ,115091,23.68,1537103
12/29/2021,728,730.5,723.7,726.9,3834351,EQ,114258,33.56,2699942
12/30/2021,729.25,733.4,722.5,730.75,3607959,EQ,97583,36.97,2172466
12/31/2021,730.75,742.4,730.75,739.7,3162868,EQ,123205,25.67,2213965
1/3/2022,742.5,761.5,740.25,759.8,4534592,EQ,149449,30.34,2547793
1/4/2022,760,766.45,753.9,764.25,4428676,EQ,134455,32.94,2290497
1/5/2022,768.4,786,764.05,782.4,7166319,EQ,208851,34.31,4330325
1/6/2022,771.5,777.4,765,769.9,4814465,EQ,143958,33.44,2610792
1/7/2022,772,783.4,767.95,775.25,5589692,EQ,166966,33.48,3318463
1/10/2022,779,786,772.75,779.6,4428248,EQ,159643,27.74,2724323
1/11/2022,780.75,784.35,773.9,782.95,4194599,EQ,166520,25.19,2692404
1/12/2022,784,788.3,776,778.3,10542765,EQ,239760,43.97,8472922
1/13/2022,777.5,777.5,760.2,764,20981948,EQ,259715,80.79,13411804
1/14/2022,765,774.35,759.5,772.6,5604484,EQ,149071,37.6,3241415
1/17/2022,765,778,759.6,760.75,11494686,EQ,294100,39.08,7079977
1/18/2022,766.5,775.45,761.5,764.6,6170576,EQ,202364,30.49,2641844
1/19/2022,767,769.9,756.65,759.2,7158813,EQ,227709,31.44,4233848
1/20/2022,764.2,764.25,750.05,754.5,7598923,EQ,187879,40.45,5245213
1/21/2022,750,764.9,742.8,760.8,5768847,EQ,184858,31.21,3548919
1/24/2022,755,760.6,733.75,743.3,5934254,EQ,211145,28.11,3547344
1/25/2022,729.3,747.5,722,744,6797124,EQ,307977,22.07,3519095
1/27/2022,725,742.5,717.5,737.5,14308919,EQ,398704,35.89,9049568
1/28/2022,738.75,743.35,730,731.6,12462604,EQ,310264,40.17,9179509
1/31/2022,736.4,745.75,733.4,742.85,6421273,EQ,178623,35.95,3981352
2/1/2022,754.25,758.5,736.7,748.5,7369742,EQ,209907,35.11,3575266
2/2/2022,756,767.5,752.8,765.6,6984645,EQ,182857,38.2,4695614
2/3/2022,764.4,770,754.5,757.65,5282381,EQ,280078,18.86,3547783
2/4/2022,764.2,766.4,757.05,762,5789979,EQ,168452,34.37,3967301
2/7/2022,756.05,759.5,730,734.1,6134021,EQ,263901,23.24,3793237
2/8/2022,738.2,739.2,722.25,730.9,6990565,EQ,217552,32.13,4197709
2/9/2022,737,749.85,733.5,748.8,5654171,EQ,152404,37.1,3379878
2/10/2022,757,767.75,750.8,762.55,7157265,EQ,213562,33.51,4616913
2/11/2022,750.1,762.5,749.75,759.4,5355552,EQ,143617,37.29,3704108
2/14/2022,745,749.7,734.65,736.85,7328310,EQ,228169,32.12,5409143
2/15/2022,738,762.45,736.5,758.9,6567533,EQ,213639,30.74,4145769
2/16/2022,767.15,767.4,753.5,757.9,5016132,EQ,142489,35.2,2924735
2/17/2022,756.55,761,751,753.25,3675604,EQ,124317,29.57,1787207
2/18/2022,749.15,758.5,745.2,756.15,3898064,EQ,135186,28.83,2221655
2/21/2022,752,765.35,747.75,761.05,3734033,EQ,148113,25.21,1843676
2/22/2022,744.9,761.05,744,755.35,4768098,EQ,238977,19.95,2362526
2/23/2022,762.55,762.85,747.8,750.45,4514781,EQ,182373,24.76,2897494
2/24/2022,724.95,737.5,703.6,709.7,11815383,EQ,364952,32.38,7159199
2/25/2022,720,732.95,716.4,728.05,9159327,EQ,204609,44.77,6257959
2/28/2022,713,719.25,707,713.1,12440416,EQ,337515,36.86,9206870
3/2/2022,693.25,699.2,677.2,687.1,19252780,EQ,590118,32.63,13593351
3/3/2022,690.5,696,681.45,685.5,8763961,EQ,355777,24.63,5607536
3/4/2022,680,693,668.45,683.25,10609682,EQ,351310,30.2,7005918
3/7/2022,659.25,666.15,648.5,662.4,13527229,EQ,,,
3/8/2022,651.1,667,646,663.9,19606246,EQ,527016,37.2,11934591
3/9/2022,665,687.35,659.4,685.6,11567347,EQ,330592,34.99,7459892
3/10/2022,713.5,713.5,690.1,696.35,11136603,EQ,277256,40.17,5815424
3/11/2022,694,704.5,686.35,698.4,7575390,EQ,204283,37.08,4434451
3/14/2022,707.5,725,707.5,721.25,12509063,EQ,344549,36.31,7220428
3/15/2022,721.75,724.75,705.9,712,9433964,EQ,277249,34.03,6025245
3/16/2022,723.5,727.5,718.1,724.1,6682054,EQ,223791,29.86,4412774
3/17/2022,736,744.9,735.25,740,7411977,EQ,237930,31.15,4437033
3/21/2022,743.5,746.8,736.4,743.25,6128938,EQ,204348,29.99,4058527
3/22/2022,740.65,749,728.6,747.1,5230907,EQ,217951,24,2596078
3/23/2022,753.5,759.4,736.8,739.6,15594128,EQ,201491,77.39,12617083
3/24/2022,733,734.8,717.25,721.3,10080022,EQ,247575,40.72,5645030
3/25/2022,725.5,726,709.5,715.45,8183231,EQ,223085,36.68,5210224
3/28/2022,715.45,719,700.8,716.4,7877443,EQ,263045,29.95,4659853
3/29/2022,720.5,730.1,715,725.9,6188724,EQ,203589,30.4,3947381
3/30/2022,736,741.4,727,738.5,10054871,EQ,225951,44.5,7090115
3/31/2022,735.5,742.35,732.95,735.15,7147857,EQ,175701,40.68,3977915
4/1/2022,738.2,755,735.15,753,7284278,EQ,225554,32.3,4798533
4/4/2022,790,861.05,781.25,828.4,48725485,EQ,920761,52.92,19554980
4/5/2022,833.35,833.35,801,804.1,15461291,EQ,440413,35.11,6783757
4/6/2022,793.85,794.9,773.65,775.4,13513930,EQ,414144,32.63,7882128
4/7/2022,770.65,770.65,756.85,758.4,20390866,EQ,431701,47.23,14578431
4/8/2022,756.05,762.9,748.65,757.3,20628161,EQ,371256,55.56,13323404
4/11/2022,753,755,746.6,748.1,10399533,EQ,385962,26.94,6962013
4/12/2022,742,753.4,740.1,746.75,13717701,EQ,365154,37.57,9237043
4/13/2022,745,751.15,731.3,732.5,14446260,EQ,399313,36.18,9061541
4/18/2022,709.4,715.8,695,697.7,22810188,EQ,650936,35.04,16293702
4/19/2022,690.45,694.75,663.5,671.1,37048011,EQ,961819,38.52,24520385
4/20/2022,677.2,679.95,667.65,677.15,24662868,EQ,424453,58.11,16264587
4/21/2022,682.5,689.9,676.65,687.15,26223135,EQ,288746,90.82,20153852
4/22/2022,680,687.65,674.6,677.8,10329574,EQ,317119,32.57,5312415
4/25/2022,675,685.3,661.1,682.9,10467744,EQ,302713,34.58,5026963
4/26/2022,686,691,678.6,686,8508421,EQ,295807,28.76,4436263
4/27/2022,680,689.5,678.05,686.25,9027167,EQ,256736,35.16,5474691
4/28/2022,686,689.5,681.05,685.65,10386861,EQ,182049,57.06,7386475
4/29/2022,690.15,702.4,685.75,692.3,14200738,EQ,262069,54.19,8454095
5/2/2022,681,703.2,681,701.85,9747158,EQ,221031,44.1,6127912
5/4/2022,700,701.8,675,678,14527958,EQ,323211,44.95,9319443
5/5/2022,687.5,687.5,673.25,676.5,8931456,EQ,216825,41.19,5345763
5/6/2022,665,667.5,656.5,658.8,13365634,EQ,353439,37.82,8813715
5/9/2022,650,663.25,647.75,659.9,16381217,EQ,315707,51.89,11437293
5/10/2022,657.5,676.5,657.5,670.5,10056906,EQ,204894,49.08,5675153
5/12/2022,660.55,663.4,646.5,651.5,11191145,EQ,411521,27.19,6836437
5/13/2022,655,659,643.5,645.65,8384119,EQ,278869,30.06,4443428
5/16/2022,649.5,656,642.65,652.55,4902178,EQ,165187,29.68,2097397
5/17/2022,656.3,658.5,649.1,657,8320722,EQ,204025,40.78,4812774
5/18/2022,662,666.65,655,656.95,7866192,EQ,206774,38.04,4572201
5/19/2022,643.1,648.2,639.15,643.5,10268753,EQ,271471,37.83,6551034
5/20/2022,651.5,662.1,646.15,660.5,6959675,EQ,168094,41.4,4013046
5/23/2022,657,665,649.55,652,9743160,EQ,189598,51.39,6380092
5/24/2022,650,662.5,648.45,659.5,6435398,EQ,172378,37.33,3528928
5/25/2022,665,668,661.6,664.4,6443556,EQ,212264,30.36,3860760
5/26/2022,671.1,685.5,670,683.35,13496214,EQ,380760,35.45,7943634
5/27/2022,685.9,697.35,685.4,696,12015859,EQ,196266,61.22,8405082
5/30/2022,705.1,710.25,699.2,700.75,6312337,EQ,191283,33,3770222
5/31/2022,697.95,702.4,690,694.5,6742694,EQ,178695,37.73,4400633
6/1/2022,690,700.2,689.6,697.4,6045948,EQ,152770,39.58,3461082
6/2/2022,693.6,694,689.3,692.55,5737510,EQ,160429,35.76,3458109
6/3/2022,699.15,700.4,688.15,690.15,3478622,EQ,174541,19.93,1879231
6/6/2022,688.15,693.5,680.3,689.2,3086633,EQ,126359,24.43,1388767
6/7/2022,681,687.15,677.05,681.3,5126983,EQ,133385,38.44,3414627
6/8/2022,686.65,690.5,678.5,683.7,2993294,EQ,108646,27.55,1245470
6/9/2022,681.1,691,678.6,688.85,3655908,EQ,149498,24.45,1966831
6/10/2022,680.05,684,671.8,675.55,4577715,EQ,159998,28.61,2841114
6/13/2022,661.8,665,654.15,663.3,5446286,EQ,269494,20.21,3534036
6/14/2022,655.6,663,652.5,656,5935178,EQ,247100,24.02,3617141
6/15/2022,650.8,657.9,649.2,653.7,5905235,EQ,239871,24.62,3262631
6/16/2022,655,660.25,639,640.65,6084596,EQ,269747,22.56,3065105
6/17/2022,637.5,649.5,635.8,644.9,7361961,EQ,293741,25.06,4404126
6/20/2022,652.35,662.5,647.1,661.1,7968420,EQ,214315,37.18,5178660
6/21/2022,668.45,677,662,668.25,6610342,EQ,190833,34.64,3837013
6/22/2022,666.1,668.5,661.6,665.1,4079849,EQ,144197,28.29,2278477
6/23/2022,665.25,674,659.25,667.6,7686122,EQ,224102,34.3,2899363
6/24/2022,669.25,680.8,669.25,676.9,4006716,EQ,265751,15.08,2154728
6/27/2022,685,688,676,678.1,4902082,EQ,153532,31.93,2820551
6/28/2022,672,675.5,669.2,672.95,4885287,EQ,170596,28.64,2978267
6/29/2022,665.6,675.4,665.6,672,4997023,EQ,155488,32.14,3198246
6/30/2022,668,677,668,674,6237911,EQ,153516,40.63,3385436
7/1/2022,672,680,665,676.9,5736226,EQ,147092,39,4059233
7/4/2022,676.85,680.1,671.1,677.8,4243740,EQ,122056,34.77,2687132
7/5/2022,682,689.65,674.15,676.3,7162859,EQ,175254,40.87,4457746
7/6/2022,674,686.7,673.55,685.6,7524539,EQ,175408,42.9,5292401
7/7/2022,690,699,687.2,697.9,8871571,EQ,177340,50.03,6252423
7/8/2022,705,705,697.4,698.55,6237015,EQ,122217,51.03,4698117
7/11/2022,697,704.95,696.6,703.1,3731440,EQ,115690,32.25,2385267
7/12/2022,702.6,702.6,694.7,695.9,4938487,EQ,107652,45.87,3382902
7/13/2022,695,697.1,677.1,678.9,7972805,EQ,185857,42.9,5063094
7/14/2022,681,686.3,674.6,675.5,5186205,EQ,156703,33.1,2992747
7/15/2022,676.5,682.45,673.4,681,6797823,EQ,126512,53.73,4710365
7/18/2022,674,683.05,671,673.75,10166110,EQ,291810,34.84,7199900
7/19/2022,668.5,679.25,668.5,674,7896269,EQ,141741,55.71,5088248
7/20/2022,679.95,685.55,677.6,682.5,10173931,EQ,279863,36.35,7741686
7/21/2022,680.25,684.75,679.05,680.4,6320139,EQ,158369,39.91,4183622
7/22/2022,683,698.5,681.2,696.25,6364796,EQ,190910,33.34,3533143
7/25/2022,697.5,702.3,691.65,698.3,5071563,EQ,156586,32.39,2580137
7/26/2022,698,701,693.15,696.9,4263982,EQ,115649,36.87,2570760
7/27/2022,694.45,703,692.1,702.2,4606389,EQ,131184,35.11,2774857
7/28/2022,707.5,712,705.5,708.4,8710203,EQ,213161,40.86,5745696
7/29/2022,719,719.3,707.65,717.1,10009868,EQ,241020,41.53,6624853
8/1/2022,719.5,724.2,715,723.1,6596518,EQ,146180,45.13,4524404
8/2/2022,721,722.3,711.5,715.1,7518255,EQ,165021,45.56,5215624
8/3/2022,712.5,717.9,708.5,716.8,5487749,EQ,206821,26.53,3365558
8/4/2022,720,723.35,706.5,715.95,6006103,EQ,228173,26.32,3872371
8/5/2022,716.5,718.5,710.6,713.5,4634491,EQ,121554,38.13,2754688
8/8/2022,714,732.25,713.55,731,7678868,EQ,,,
8/10/2022,730.65,735.75,724.5,733.15,8676551,EQ,219403,39.55,6312330
8/11/2022,743.25,745.5,737.25,742.85,9150883,EQ,236473,38.7,6990323
8/12/2022,742.5,744.65,738,742.6,4425185,EQ,175766,25.18,3283921
8/16/2022,747.4,754.25,744,751.1,6281878,EQ,172125,36.5,4682614
8/17/2022,750,756.4,742.9,754.95,6192175,EQ,190873,32.44,4499905
8/18/2022,750,756.95,749.8,755.85,4171069,EQ,126031,33.1,2900950
8/19/2022,755,756,745,746.5,4031851,EQ,147346,27.36,2298218
8/22/2022,742.4,744.15,733.85,735.15,4117033,EQ,122931,33.49,2591613
8/23/2022,726.65,738,725.2,732.9,7483442,EQ,144071,51.94,4737698
8/24/2022,730.95,737.75,729.6,736.4,6727760,EQ,140656,47.83,4689197
8/25/2022,739.95,743.4,728.5,732.4,5911520,EQ,127054,46.53,3693897
8/26/2022,736,740.9,730.6,732.55,3853088,EQ,128698,29.94,2285799
8/29/2022,718.5,723,714.3,719.7,4326589,EQ,187389,23.09,2493343
8/30/2022,723.2,745,721.55,743.05,5067700,EQ,192942,26.27,2948334
9/1/2022,732.4,744.7,729.5,736.1,11201568,EQ,182041,61.53,6146956
9/2/2022,736.1,745.25,732.6,742.75,6019043,EQ,119285,50.46,3665208
9/5/2022,743.05,749.5,742.05,747.5,6065966,EQ,128519,47.2,4337890
9/6/2022,749.45,753.3,743.2,744.65,6119348,EQ,115379,53.04,4161011
9/7/2022,735.65,745,735.65,741.15,4888103,EQ,89838,54.41,3379255
9/8/2022,745.05,750,741.1,748.8,5582345,EQ,105543,52.89,3067771
9/9/2022,748.1,754.5,747,749.3,7564444,EQ,159222,47.51,5060078
9/12/2022,750,752,745,746.75,5540246,EQ,158509,34.95,4020172
9/13/2022,749.45,757.95,749.25,756.55,6500983,EQ,178976,36.32,4395012
9/14/2022,747,769.45,746.15,764.3,10109880,EQ,266662,37.91,6755553
9/15/2022,765,770.5,756,760.35,6769686,EQ,209664,32.29,4103802
9/16/2022,751.55,757.35,741.5,746.4,10280023,EQ,204150,50.36,7353883
9/19/2022,744.5,757,740,751.3,6038019,EQ,123407,48.93,3981527
9/20/2022,757,762,754.95,760.35,5390834,EQ,125775,42.86,3384983
9/21/2022,754,760.75,752.5,759.15,4536152,EQ,129113,35.13,2789254
9/22/2022,751,755.1,741.4,743,6024072,EQ,130337,46.22,3337049
9/23/2022,736.15,737.5,718.5,723.1,7903126,EQ,254765,31.02,4730527
9/26/2022,712.65,718.2,709,713.3,4461743,EQ,183001,24.38,2489197
9/27/2022,716.2,720,703.5,706.9,6319850,EQ,181595,34.8,3874624
9/28/2022,703,705.3,692.95,694.75,5908066,EQ,215474,27.42,3384446
9/29/2022,698.15,701.1,689.4,691.15,7205194,EQ,258296,27.9,4737741
9/30/2022,689.4,715.7,682.5,710.65,7890878,EQ,181624,43.45,4709460
10/3/2022,705,708.9,700.55,706.6,5770556,EQ,147339,39.17,3823032
10/4/2022,714.75,729,713.1,726.5,5769263,EQ,130624,44.17,3944499
10/6/2022,730,731.3,717.1,718.5,6274599,EQ,170441,36.81,4251575
10/7/2022,715.1,717.5,710.15,715.4,6648997,EQ,160989,41.3,4865856
10/10/2022,704,713,699.1,707.5,6554651,EQ,215487,30.42,4189926
10/11/2022,700.55,708.5,699.7,700.3,7260810,EQ,134054,54.16,5147322
10/12/2022,701.6,707.4,698.65,704.9,4612525,EQ,112637,40.95,2969793
10/13/2022,701,703.1,692,696.8,7357117,EQ,219960,33.45,4956624
10/14/2022,708.5,723.5,707.6,719.5,6424960,EQ,149782,42.9,3114030
10/17/2022,717.5,728.8,713.5,723.25,9205250,EQ,185541,49.61,4371481
10/18/2022,729,731.45,720,721.9,5280554,EQ,144735,36.48,3226764
10/19/2022,732,738.7,726.7,729.3,6483520,EQ,186569,34.75,3543870
10/20/2022,722,726.45,721.25,724.4,3949039,EQ,149480,26.42,2511393
10/21/2022,726,728.8,717,719.3,5246303,EQ,112584,46.6,3357945
10/24/2022,727.15,731.5,727.15,730.5,1083897,EQ,44924,24.13,466892
10/25/2022,730.55,733.9,722.5,725.45,6886697,EQ,174010,39.58,5086954
10/27/2022,732.25,733.65,725.6,727.2,7968638,EQ,167453,47.59,6190681
10/28/2022,725,733.5,723.7,729.35,5237139,EQ,142985,36.63,3296642
10/31/2022,736,749,733.6,748.35,6415264,EQ,197801,32.43,3899406
11/1/2022,751.75,764.5,749.45,756.6,9536878,EQ,209190,45.59,6682068
11/2/2022,758.5,764.1,755.8,757.1,6360203,EQ,134056,47.44,4316158
11/3/2022,748.85,760.1,748.5,753.75,5166176,EQ,158632,32.57,2959149
11/4/2022,751.6,758.05,744.8,748.6,5409030,EQ,150429,35.96,3593837
11/7/2022,755,756,746.05,754.4,4917917,EQ,123611,39.79,3104244
11/9/2022,757.5,759,752,754.15,4634895,EQ,99843,46.42,2945729
11/10/2022,748.55,763.5,747.5,762.4,6387091,EQ,139631,45.74,4274394
11/11/2022,772.5,818.5,769,805.6,28361169,EQ,611619,46.37,15317967
11/14/2022,806,814,799,807.5,9597695,EQ,254705,37.68,6343124
11/15/2022,811.6,811.6,802.6,809.5,5515101,EQ,254705,21.65,6343124
11/16/2022,809.3,821,806,816.45,6789075,EQ,208132,32.62,3954055
11/17/2022,809.05,815.75,806.95,809.1,6050465,EQ,133033,45.48,3855491
11/18/2022,810.5,811.5,802.6,806.95,5229616,EQ,155906,33.54,3617158
11/21/2022,803.8,806,795.1,798.65,4172408,EQ,156009,26.74,2591643
11/22/2022,800,802.15,795.5,797.5,4273157,EQ,159221,26.84,2871575
11/23/2022,802.5,802.5,797,799.6,5092869,EQ,124888,40.78,3738575
11/24/2022,803,816,799.6,812.6,8598980,EQ,161678,53.19,5965589
11/25/2022,814.85,815.85,807.05,808.8,4205248,EQ,117799,35.7,2666082
11/28/2022,801.45,803.7,797,800.1,8052990,EQ,165436,48.68,5841703
11/29/2022,798.6,806.15,796.4,798.9,6319118,EQ,186705,33.85,4609779
11/30/2022,798.55,806.45,798.55,804.2,7592403,EQ,137140,55.36,6030327
12/1/2022,811,818.5,807.5,809.75,10223183,EQ,223935,45.65,7212087
12/2/2022,805,809.3,802.6,803.55,3905539,EQ,157768,24.75,2675200
12/5/2022,805,807.3,798.1,806.5,5796311,EQ,198169,29.25,3767906
12/6/2022,800.5,806.85,800,805.6,6176546,EQ,152759,40.43,4767748
12/7/2022,807.1,809.3,802.2,805.2,5837360,EQ,175386,33.28,4580110
12/8/2022,805,813,802.5,809.75,7401817,EQ,162638,45.51,5444038
12/9/2022,813,817.4,810,815.5,5981692,EQ,142195,42.07,4469120
12/12/2022,812.5,826.8,810.7,821.9,7217404,EQ,191429,37.7,4984206
12/13/2022,825,828.5,822.5,824.15,8515851,EQ,165451,51.47,5491823
12/14/2022,826.5,832.75,825,831.1,7113820,EQ,183221,38.83,4989446
12/15/2022,828.5,834.7,813.5,815.9,9091324,EQ,145032,62.68,5407373
12/16/2022,810,822.55,804.5,819.8,7323979,EQ,177618,41.23,5236766
12/19/2022,822,823.3,813.1,822.4,4802271,EQ,111511,43.07,2999960
12/20/2022,810.1,818.2,810.1,816.7,3587349,EQ,94981,37.77,2013155
12/21/2022,820.5,822.4,803.25,808.8,4634599,EQ,155853,29.74,2968950
12/22/2022,811.1,813.75,804.5,806,4873548,EQ,156615,31.12,3242753
12/23/2022,793.5,802.1,792.7,798.8,5346576,EQ,161132,33.18,3205816
12/26/2022,799.75,819.5,795,814.7,4953661,EQ,127280,38.92,3052548
12/27/2022,816.5,818,806.75,815.55,3963386,EQ,101780,38.94,2207068
12/28/2022,811.55,816.5,811.55,814.9,4345935,EQ,143232,30.34,3211265
12/29/2022,810.05,821.75,805.5,820.65,5506448,EQ,204767,26.89,3685001
12/30/2022,822.5,822.5,810,814.1,3561320,EQ,138629,25.69,2217017
1/2/2023,813.5,819.9,809.25,814.35,2190689,EQ,89456,24.49,1036063
1/3/2023,811.1,821.5,811.1,819.65,4189015,EQ,102047,41.05,2754739
1/4/2023,817.5,822.9,803.5,805,5175800,EQ,164250,31.51,3271719
1/5/2023,807.5,809,794.7,799.85,5470718,EQ,193143,28.32,3582675
1/6/2023,801,804.55,789.1,797.2,4546231,EQ,147775,30.76,2919025
1/9/2023,798,805.75,795,798.75,5364670,EQ,164427,32.63,3632471
1/10/2023,800,800,782.5,784.15,8185883,EQ,290553,28.17,6300941
1/11/2023,784,799,780,795.45,7597899,EQ,263176,28.87,5479706
1/12/2023,793.9,801.95,792.1,799.7,4625035,EQ,160323,28.85,2796561
1/13/2023,799.4,804.95,793,800.3,4622273,EQ,149441,30.93,3009511
1/16/2023,807.5,810.65,790.15,792.65,7374047,EQ,216647,34.04,3669896
1/17/2023,794.9,805.5,788.75,804.45,5393177,EQ,136682,39.46,3202706
1/18/2023,802.5,820.8,799.85,818.65,9545321,EQ,273645,34.88,5789503
1/19/2023,818.5,825,816.5,822.05,5586081,EQ,212074,26.34,3694351
1/20/2023,822.05,834.5,821.7,830.5,9421702,EQ,183678,51.29,6761155
1/23/2023,833.1,841.3,830.7,836.55,7722200,EQ,302449,25.53,5785548
1/24/2023,837.5,851.2,837.5,847.75,12491970,EQ,229064,54.53,8997454
1/25/2023,845.7,846.5,822.65,824.3,7352071,EQ,190090,38.68,4900092
1/27/2023,816,818.5,795,807.9,17589974,EQ,364306,48.28,12593316
1/30/2023,797.5,812.65,791,807.1,9256411,EQ,282514,32.76,5645620
1/31/2023,809.85,811.35,797.5,801.75,9298122,EQ,313012,29.71,5880193
2/1/2023,812,832.5,803,813.75,8651395,EQ,230246,37.57,4677377
2/2/2023,804.05,812.25,794.4,801.65,8748553,EQ,272747,32.08,5288239
2/3/2023,805.5,830.25,803.5,829.4,7205550,EQ,296046,24.34,4461313
2/6/2023,830,834.7,823.1,825.9,5583836,EQ,160975,34.69,3912306
2/7/2023,829.7,832.45,816.3,827.1,5132294,EQ,154701,33.18,3367728
2/8/2023,827.1,834.1,825,827,4222413,EQ,122581,34.45,2806902
2/9/2023,830,830.8,817.75,825.3,5888668,EQ,156658,37.59,3903281
2/10/2023,824.4,829.25,821.1,828.55,4086058,EQ,112380,36.36,2680657
2/13/2023,827.5,830.9,822.3,829.15,2868472,EQ,128413,22.34,1603818
2/14/2023,832.5,838.75,829,836.85,5454296,EQ,188196,28.98,3284370
2/15/2023,839,839,828.4,835.15,5719356,EQ,131147,43.61,3576018
2/16/2023,836.6,840.95,830.5,832.1,4031250,EQ,112501,35.83,1610834
2/17/2023,830.5,834.1,821.5,827.95,4478135,EQ,116571,38.42,2122264
2/20/2023,830,834.7,817.4,820.15,4043353,EQ,161532,25.03,1657241
2/21/2023,820,831.15,817,823.25,6194648,EQ,167166,37.06,2741753
2/22/2023,819.5,821,804.5,807.1,5179551,EQ,139134,37.23,2838734
2/23/2023,806.5,809.4,796.05,801.6,13941005,EQ,227065,61.4,4610082
2/24/2023,808.95,808.95,792.6,794.5,8530870,EQ,179066,47.64,4456233
2/27/2023,792.95,799.5,788.65,796.45,7156486,EQ,143487,49.88,3381817
2/28/2023,796,802.65,794.35,799.8,9496996,EQ,128911,73.67,2849154
3/1/2023,806,806.5,797.9,799,7068628,EQ,170088,41.56,3098750
3/2/2023,797,803,791,792.2,8695907,EQ,145929,59.59,2665184
3/3/2023,798,810,794,807.95,7493117,EQ,147003,50.97,2799132
3/6/2023,810,819.7,809,813.65,13502355,EQ,170565,79.16,4025512
3/8/2023,810,819.75,810,815.25,10049887,EQ,169090,59.44,3031735
3/9/2023,815,823,813.5,815.35,10350083,EQ,138340,74.82,3412703
3/10/2023,805.2,806.9,792.5,794.3,13693500,EQ,216265,63.32,3755232
3/13/2023,793.95,801.9,782.5,784.25,13221775,EQ,164259,80.49,2648118
3/14/2023,785.1,791.8,779.65,782.15,16592806,EQ,193032,85.96,3328303
3/15/2023,789,791.45,768.3,770.95,18632377,EQ,209694,88.86,6834871
3/16/2023,769.5,779.55,766,775.95,10876671,EQ,225162,48.31,4621863
3/17/2023,778.75,789.6,770,786.3,11475438,EQ,177856,64.52,5656689
3/20/2023,784,784.05,772.7,780.9,13251557,EQ,194499,68.13,3255441
3/21/2023,786,791.25,778.1,789.7,16525247,EQ,166646,99.16,2246766
3/22/2023,792,793,782.65,787.9,7088662,EQ,139019,50.99,2151120
3/23/2023,783.9,795.15,779.25,781.6,14182089,EQ,171995,82.46,2216559
3/24/2023,780,786.95,777.5,780.3,15738874,EQ,171286,91.89,2565670
3/27/2023,781.1,789.7,779.45,783.7,15936003,EQ,171004,93.19,2209533
3/28/2023,782.85,791.45,782.05,790.1,19638151,EQ,195952,100.22,4346740
3/29/2023,792,801,790.95,793.9,19881806,EQ,208681,95.27,4771362
3/31/2023,797.8,806.5,796.2,804.75,17355614,EQ,213559,81.27,4927372
4/3/2023,803.75,807.85,801.4,805.25,20012699,EQ,165016,121.28,2356666
4/5/2023,809.3,828,808,826.9,21682696,EQ,285701,75.89,5985667
4/6/2023,824.3,834.6,823.55,833.15,22318672,EQ,233336,95.65,4416527
4/10/2023,831.6,835.5,827,829.2,15906643,EQ,138726,114.66,1735856
4/11/2023,829.5,834.7,825.55,831.65,21180771,EQ,200423,105.68,6403988
4/12/2023,834,844.1,833.9,842.45,13477752,EQ,183654,73.39,3749528
4/13/2023,844.15,848.5,839.1,846.2,17665043,EQ,177271,99.65,2563024
4/17/2023,860,860,826.65,833.3,16202574,EQ,242646,66.77,5576536
4/18/2023,835,838.6,828.2,829.8,14818613,EQ,198013,74.84,4753066
4/19/2023,832.5,835.15,828.6,832.85,12370584,EQ,142796,86.63,1894807
4/20/2023,835.85,838.7,833.2,835.95,16461358,EQ,171106,96.21,4249514
4/21/2023,834.5,838.5,831.6,837.3,10064309,EQ,159632,63.05,3768485
4/24/2023,843.5,845.7,837.05,844.1,17837926,EQ,181877,98.08,6644555
4/25/2023,843.85,843.85,830.95,832.1,25176534,EQ,230940,109.02,7869001
4/26/2023,830,837.5,827.5,835.9,13696375,EQ,184866,74.09,4028705
4/27/2023,835.25,842.6,832.9,840.5,23895196,EQ,258905,92.29,4254912
4/28/2023,842.35,845.5,835,843.8,13958136,EQ,182365,76.54,3410418
5/2/2023,844.35,849.5,841,843.6,16110592,EQ,185905,86.66,3444446
5/3/2023,842.5,848,839.8,846.6,14703635,EQ,176478,83.32,2987497
5/4/2023,843.55,867.2,843.55,863.9,28427319,EQ,255713,111.17,6563905
5/5/2023,819.5,830.5,811.05,812.8,31385208,EQ,697018,45.03,17089608
5/8/2023,817.5,825.15,815,822.2,18622262,EQ,240839,77.32,4862261
5/9/2023,824.95,828,820,822.25,21844469,EQ,270463,80.77,5728006
5/10/2023,822.25,827.3,816.55,826.05,23170275,EQ,228151,101.56,5086170
5/11/2023,832.6,844,824.6,826.6,17867309,EQ,219658,81.34,3988602
5/12/2023,823.5,836.4,822.1,833.9,11239380,EQ,200542,56.05,3011860
5/15/2023,836,840.4,832.55,837.9,9256130,EQ,204219,45.32,3246381
5/16/2023,835.9,835.9,822,823.65,16361043,EQ,236552,69.16,4693548
5/17/2023,825,825,812.65,819.2,15233434,EQ,224112,67.97,3209871
5/18/2023,824,827,820,822.5,24823471,EQ,278185,89.23,4876002
5/19/2023,824,825,815.75,823.45,15230166,EQ,197258,77.21,3531945
5/22/2023,822.5,826.45,816.35,820.5,14167016,EQ,204936,69.13,2896707
5/23/2023,824.5,824.8,816.7,818.6,11235037,EQ,198675,56.55,2142827
5/24/2023,813.75,817.4,806.8,807.9,16794056,EQ,298545,56.25,5875912
5/25/2023,807.85,810,798.65,804.8,14888465,EQ,318672,46.72,4945842
5/26/2023,809.5,809.5,801.1,807.9,13317533,EQ,247378,53.83,5658462
5/29/2023,814.25,820.5,812.4,817.75,10908146,EQ,207071,52.68,3151605
5/30/2023,816.8,821.3,814.25,818.4,18562964,EQ,264829,70.09,3453800
5/31/2023,814.95,817.5,802.3,805.4,21667135,EQ,291055,74.44,6642898
6/1/2023,809.95,809.95,800,802,25183469,EQ,282772,89.06,5495345
6/2/2023,806.2,807.4,800.5,803.25,8929855,EQ,316938,28.18,3288557
6/5/2023,807.25,808.25,801.2,802.2,9348621,EQ,153663,60.84,2890771
6/6/2023,803.8,804.9,796.1,799.7,16091426,EQ,233706,68.85,5098265
6/7/2023,801.7,806.25,798,803.85,12474513,EQ,176230,70.79,3934644
6/8/2023,801.6,813,801.6,804.35,18697761,EQ,268888,69.54,5330369
6/9/2023,807.95,809.25,803.5,805.3,9106289,EQ,185235,49.16,2948383
6/12/2023,806.25,807.9,799.7,800.4,6704146,EQ,156138,42.94,3188691
6/13/2023,795.05,804.5,795.05,801.75,13963054,EQ,184386,75.73,6179907
6/14/2023,805.2,806,800.1,800.9,10056984,EQ,174004,57.8,4418111
6/15/2023,802,803,789.5,791,17688738,EQ,271848,65.07,5965872
6/16/2023,793.6,804.6,792,801.4,7889636,EQ,181546,43.46,4248458
6/19/2023,805.5,807.1,799.15,802.1,12414573,EQ,162051,76.61,4383742
6/20/2023,802.1,805.5,795.3,803.75,10002813,EQ,287119,34.84,4273291
6/21/2023,808,818.6,805.5,817.8,12154473,EQ,276058,44.03,5696387
6/22/2023,820,828.8,819.5,821.8,28298070,EQ,367511,77,10015810
6/23/2023,818.75,829.95,817,821.75,10669609,EQ,248242,42.98,4758035
6/26/2023,822.5,825.4,814.35,817.75,8065157,EQ,199872,40.35,4328332
6/27/2023,821.5,836.45,819.3,829.3,16915932,EQ,314003,53.87,8517518
6/28/2023,835,839.95,830.25,838.1,29781475,EQ,439006,67.84,16887785
6/30/2023,852,854.4,841.6,850.7,20349508,EQ,326058,62.41,14789780
7/3/2023,856.25,878.75,855,859.9,22052058,EQ,540520,40.8,11512012
7/4/2023,861.7,873.5,856.9,864.1,19397594,EQ,379487,51.12,7795269
7/5/2023,858.1,860,834.3,836.65,18582877,EQ,477385,38.93,9431298
7/6/2023,836.5,843.9,830.2,837.5,26078272,EQ,377109,69.15,7930745
7/7/2023,832.5,837.5,828.15,830.2,9963168,EQ,320533,31.08,3863511
7/10/2023,830.5,838.4,824.85,828.2,19199221,EQ,317755,60.42,3919467
7/11/2023,831.5,838,822.75,824.2,25335213,EQ,379237,66.81,7417565
7/12/2023,827.65,833.15,813.6,816.5,35479179,EQ,498866,71.12,20020165
7/13/2023,828.35,828.7,819,820.55,20956773,EQ,432632,48.44,5498771
7/14/2023,826.8,826.8,817.5,822.25,12363607,EQ,462491,26.73,6276284
7/17/2023,825,841,816.5,839.45,24626464,EQ,435163,56.59,9984310
7/18/2023,849,852,835,838.75,40538409,EQ,704526,57.54,16599436
7/19/2023,840.55,844.4,837.5,842.55,16467567,EQ,427479,38.52,6304659
7/20/2023,840.6,846,840,844.4,28105474,EQ,433278,64.87,13178804
7/21/2023,840,844.9,836.6,837.9,21077124,EQ,337174,62.51,11344016
7/24/2023,839.25,842.3,835.05,839.2,16089722,EQ,296190,54.32,9094607
7/25/2023,842.3,849.5,839.2,848.3,27996298,EQ,534396,52.39,10139007
7/26/2023,849.8,849.8,844,845.35,12397179,EQ,251108,49.37,5793581
7/27/2023,849.95,851.5,833.7,836.6,29870651,EQ,506283,59,14226217
7/28/2023,830.75,834.45,820.55,821.75,20507842,EQ,422378,48.55,13510158
7/31/2023,825,828.4,819.35,825.6,17282503,EQ,434555,39.77,9457401
8/1/2023,827.2,833.7,825,831.1,17697094,EQ,385496,45.91,5758362
8/2/2023,821,825.75,816.6,820.25,14058161,EQ,380609,36.94,6588171
8/3/2023,820,825.65,811.5,814.3,28836973,EQ,439722,65.58,9606761
8/4/2023,817.6,828.25,814.6,826.1,18694152,EQ,310206,60.26,5785079
8/7/2023,831.55,831.55,823.8,825.6,14150459,EQ,256889,55.08,5647029
8/8/2023,825.85,827.8,821,824.95,21886914,EQ,300979,72.72,7401918
8/9/2023,826.5,827.25,815.55,825.25,16680618,EQ,228397,73.03,5546894
8/10/2023,823.5,827.1,815.5,817.9,25390559,EQ,332263,76.42,6835898
8/11/2023,819.2,819.2,808.1,809.4,14112911,EQ,271050,52.07,5968867
8/14/2023,805.5,807.5,800.1,805.45,15652205,EQ,349385,44.8,6296942
8/16/2023,791.55,804.8,790.65,803.1,17068771,EQ,300850,56.74,7482636
8/17/2023,798.8,804.95,797,798.65,26442020,EQ,400922,65.95,9405436
8/18/2023,793.75,798.15,792.75,795.4,12816683,EQ,282239,45.41,5830172
8/21/2023,800.25,800.25,793.5,794.75,10918635,EQ,241780,45.16,4967663
8/22/2023,798.15,799,790,791.35,16136785,EQ,420291,38.39,6803467
8/23/2023,790,795.25,786.6,793.3,18249294,EQ,329674,55.36,10307529
8/24/2023,796.65,798.1,788.1,789.65,21572896,EQ,397769,54.23,7352169
8/25/2023,787.25,788.75,779.2,780.75,15034878,EQ,350735,42.87,8764737
8/28/2023,780.75,791.3,780.75,788.9,14433619,EQ,289068,49.93,8043360
8/29/2023,794.85,796.3,790.7,795.15,17769466,EQ,341561,52.02,9226802
8/30/2023,802,802,786.85,789.35,14042102,EQ,297743,47.16,7465190
8/31/2023,789.5,791.6,781.55,785.7,50037886,EQ,419748,119.21,27344438
9/1/2023,785.5,789.5,779.65,787.35,21613388,EQ,450304,48,11712682
9/4/2023,795,795.7,787.45,792.25,12536819,EQ,236702,52.96,6878890
9/5/2023,794.2,794.2,785.3,787.45,19356041,EQ,407651,47.48,7319213
9/6/2023,788.4,800,787.45,797.75,28160455,EQ,394705,71.35,10222093
9/7/2023,797.75,807,793.6,805.4,17104171,EQ,282493,60.55,6302758
9/8/2023,804.15,816.45,803.8,811.7,17251105,EQ,263597,65.44,7088173
9/11/2023,814.45,818.25,812,815.9,15786511,EQ,290843,54.28,11794625
9/12/2023,820,821.45,812.5,818.45,19516670,EQ,310906,62.77,8420128
9/13/2023,815.65,825.8,814.3,821.95,23210047,EQ,353522,65.65,10913856
9/14/2023,822.1,825,817.55,821.45,11769424,EQ,269108,43.73,4594361
9/15/2023,825,835,825,830.9,86705601,EQ,485971,178.42,62176243
9/18/2023,826.9,827.5,813.05,814.5,18528144,EQ,292658,63.31,7632991
9/20/2023,799.5,799.5,780.2,781.85,57737324,EQ,977717,59.05,35268822
9/21/2023,776.5,784.5,768.5,776.65,36420721,EQ,614240,59.29,20439570
9/22/2023,779.5,782.2,761.9,764.8,30852125,EQ,548206,56.28,20433576
9/25/2023,762.5,770.35,762.5,765.5,20104377,EQ,338863,59.33,14295701
9/26/2023,762.5,770,762.5,768.8,13787654,EQ,303026,45.5,7908660
9/27/2023,761.5,766.25,757.5,763.4,19669269,EQ,384553,51.15,13595388
9/28/2023,767,768.8,759.15,761.85,27677094,EQ,324684,85.24,13638761
9/29/2023,761.85,767.7,761.15,763.15,16026891,EQ,274764,58.33,9339695
10/3/2023,763.5,763.5,753,754,19485847,EQ,466405,41.78,12869902
10/4/2023,747.5,767.5,744.6,764.75,27324715,EQ,465424,58.71,15548264
10/5/2023,767.5,775.75,766.3,767.9,24256337,EQ,360029,67.37,17451398
10/6/2023,772,772.5,764.9,767,8879678,EQ,221516,40.09,5938403
10/9/2023,764,765,756,758.1,8227486,EQ,219643,37.46,5637607
10/10/2023,760.25,764.5,757.6,762.4,16633146,EQ,375460,44.3,10296948
10/11/2023,765.05,771.1,764.25,769.8,15666680,EQ,282864,55.39,9531878
10/12/2023,768.05,776,765.8,774.9,11012668,EQ,239200,46.04,7092056
10/13/2023,770,774.4,765,767.9,19872650,EQ,256367,77.52,13887161
10/16/2023,765.75,767.2,760.25,764.8,8928042,EQ,223477,39.95,5332772
10/17/2023,777.9,777.9,767.5,770.6,16451279,EQ,382090,43.06,9911443
10/18/2023,770.6,770.6,759.05,759.9,15608100,EQ,342915,45.52,9049826
10/19/2023,752.7,763.1,751.6,757.5,15126182,EQ,331067,45.69,9183556
10/20/2023,752.5,763.5,752.5,761.4,10547005,EQ,267376,39.45,6903339
10/23/2023,761.75,764.4,750.05,753,11188068,EQ,249005,44.93,6365030
10/25/2023,760.5,761.4,745.7,748.25,14155998,EQ,372043,38.05,10078087
10/26/2023,745.6,746,730.1,731.7,27780899,EQ,624140,44.51,16371972
10/27/2023,734.75,739,733.45,734.6,15970266,EQ,283464,56.34,11120498
10/30/2023,731.6,745,730.95,742.55,11655491,EQ,269734,43.21,7157538
10/31/2023,752,752,737,738.25,16317412,EQ,422644,38.61,7350202
11/1/2023,731.1,738.7,731.1,737.25,16938733,EQ,340052,49.81,7038967
11/2/2023,742.5,745.25,733.6,738.4,22612577,EQ,260964,86.65,15705946
11/3/2023,744,745.7,740.8,741.9,9047670,EQ,226806,39.89,5928328
11/6/2023,749,749,741.5,747.25,12796865,EQ,386836,33.08,9045785
11/7/2023,747,747,738.6,743.6,20976424,EQ,585794,35.81,9347401
11/8/2023,742,746.7,740.5,745.75,15699773,EQ,499216,31.45,6062315
11/9/2023,743,746.3,741.75,742.8,11058370,EQ,281527,39.28,6263802
11/10/2023,740.05,748,740,745.75,7007593,EQ,181055,38.7,3924576
11/12/2023,750,751,748.1,750,1975463,EQ,85801,23.02,772458
11/13/2023,746.05,748,742.95,744.4,10302957,EQ,318892,32.31,5382293
11/15/2023,752.05,755.5,750.25,752.2,20622730,EQ,331586,62.19,11254599
11/16/2023,754.85,759.5,751.9,754.15,14856919,EQ,270257,54.97,9211530
11/17/2023,745,753.75,744.5,752.55,11850937,EQ,298602,39.69,7924052
11/20/2023,756.5,756.5,750.75,752.6,9665726,EQ,200480,48.21,5702845
11/21/2023,759.5,761,756.05,759,12479986,EQ,291918,42.75,7556905
11/22/2023,760,760,751.75,756.25,14561825,EQ,261084,55.77,4991663
11/23/2023,754.25,761.9,754.25,760.65,6523110,EQ,170796,38.19,3834686
11/24/2023,760.6,766.6,759.9,766.05,8234596,EQ,191494,43,5771108
11/28/2023,767.6,768.6,762.9,764.3,14244669,EQ,254566,55.96,10373959
11/29/2023,766.95,781.5,766.5,779.6,17021244,EQ,314977,54.04,12573984
11/30/2023,784.6,786.2,771.1,779.4,34745720,EQ,352886,98.46,24127159
12/1/2023,778.95,782.9,776.05,777.7,11076768,EQ,299721,36.96,7816765
12/4/2023,794,806,786.8,804.7,25331228,EQ,441679,57.35,18992621
12/5/2023,818.25,819.5,808.25,811.85,26115410,EQ,397106,65.76,15152680
12/6/2023,819.2,819.2,808.3,813.9,19306530,EQ,340998,56.62,11206777
12/7/2023,812.5,817,808.1,815.2,10225193,EQ,219921,46.49,6993493
12/8/2023,815.2,827.5,815.2,826.6,16864019,EQ,372167,45.31,12503238
12/11/2023,825,831.85,823.5,825.5,11593810,EQ,376768,30.77,8095762
12/12/2023,827.1,828.1,815.9,817.3,18290738,EQ,386854,47.28,12547290
12/13/2023,816.2,818,807.55,815.45,14673457,EQ,352315,41.65,7926681
12/14/2023,823,829.5,822.5,825.1,17586183,EQ,345239,50.94,12401147
12/15/2023,825,834,823.3,828.3,69418565,EQ,420832,164.96,49573293
12/18/2023,830.35,832.35,825.5,827.85,9007377,EQ,258215,34.88,5729288
12/19/2023,825,829.3,822,826.45,12004223,EQ,257002,46.71,6861842
12/20/2023,829,834.5,822.2,828.5,17116260,EQ,415287,41.22,11401194
12/21/2023,828.5,844.9,825.1,843.35,18294620,EQ,385913,47.41,10506095
12/22/2023,841.8,842.95,833.55,835.4,24289425,EQ,450284,53.94,17151697
12/26/2023,836.6,843,834.3,841.2,9022928,EQ,243596,37.04,5004732
12/27/2023,840.75,853.25,839.3,851.65,13504539,EQ,321373,42.02,9179567
12/28/2023,854.65,860.7,851,852.6,22038235,EQ,423062,52.09,15056267
12/29/2023,848.5,857.45,848,854.6,12505713,EQ,264143,47.34,9195603
1/1/2024,853,854.6,846,849.05,7119843,EQ,258349,27.56,4416670
1/2/2024,849.4,851.4,844.35,849.55,14621046,EQ,334886,43.66,8690628
1/3/2024,851,852.35,834.5,836.45,14194881,EQ,426015,33.32,8613392
1/4/2024,839,847.5,835.35,845.4,13367028,EQ,335934,39.79,9457028
1/5/2024,843.6,852.45,834.05,841.1,15944735,EQ,426162,37.41,9617611
1/8/2024,839.25,841.15,830,831.7,8999235,EQ,368430,24.43,5643830
1/9/2024,833.6,838.9,823.4,825.25,12663444,EQ,269602,46.97,6528474
1/10/2024,821.5,830,820.7,828,8057912,EQ,173498,46.44,5376758
1/11/2024,830,831.45,821.5,824.5,9157005,EQ,230772,39.68,6716094
1/12/2024,826,828,816.8,820.6,9886776,EQ,278690,35.48,5997002
1/15/2024,823.85,840.45,821.8,836.4,14160178,EQ,414759,34.14,9781433
1/16/2024,836.5,841.8,829.05,839.6,12661250,EQ,347404,36.45,7075982
1/17/2024,785,798.4,764.2,768.75,85072618,EQ,2098772,40.53,53380592
1/18/2024,747,757.5,740,743.1,80535465,EQ,1582497,50.89,55933202
1/19/2024,753,755.1,734.2,735.3,54800269,EQ,1275220,42.97,40988837
1/20/2024,741.6,747.85,738,739.4,12920293,EQ,403196,32.04,4771146
1/23/2024,732.5,737.35,712.5,713.65,57734701,EQ,1415782,40.78,37949562
1/24/2024,690.1,729.2,690.1,727.95,43002202,EQ,817417,52.61,27474718
1/25/2024,726.25,728.65,709.7,717.45,49470926,EQ,787699,62.8,31535782
1/29/2024,724,731.4,722.9,727.3,32822749,EQ,694082,47.29,23704142
1/30/2024,727.25,731.6,720.45,722.15,20864384,EQ,451375,46.22,11258264
1/31/2024,719.75,737.5,718.4,731.25,32880520,EQ,548526,59.94,19899886
2/1/2024,732.5,736.8,728,733.15,16345370,EQ,395148,41.37,10441607
2/2/2024,737.5,740.4,721,723.1,22433877,EQ,547098,41.01,11894099
2/5/2024,723,725.95,717,722.4,19302523,EQ,487034,39.63,9505231
2/6/2024,722.75,724.85,716.3,722.05,20537870,EQ,410774,50,12354485
2/7/2024,726.5,726.9,713.3,715,27418543,EQ,523984,52.33,17664287
2/8/2024,714.9,719.5,700.25,701.5,34553062,EQ,797559,43.32,22315085
2/9/2024,696.1,707.1,693.5,701.8,28321062,EQ,512854,55.22,18921440
2/12/2024,699.8,706.8,691.65,695,17223906,EQ,486804,35.38,11102019
2/13/2024,696,702.15,692.15,697.2,28790497,EQ,445958,64.56,16199067
2/14/2024,688,695.75,681.75,692,45660405,EQ,883690,51.67,24952955
2/15/2024,692.5,707.75,692.15,707,20792472,EQ,533782,38.95,10560634
2/16/2024,711.95,713.85,704.2,709.95,16087871,EQ,402453,39.97,8820734
2/19/2024,714.5,714.5,707.6,708.55,17225878,EQ,296087,58.18,12172296
2/20/2024,707.5,728.6,705.9,727.15,28066754,EQ,518597,54.12,17963922
2/21/2024,732,732,717.5,719.6,22946568,EQ,493970,46.45,14741892
2/22/2024,708.9,714.4,706.1,709.75,25280441,EQ,477326,52.96,14239980
2/23/2024,711.25,716.95,709,710.3,14916726,EQ,335851,44.41,9640709
2/26/2024,706.75,717.4,706.75,711.15,11753435,EQ,381979,30.77,7160171
2/27/2024,706.75,713.35,706.5,710.1,16043575,EQ,384714,41.7,10238487
2/28/2024,710.1,712.1,702,704.7,12660993,EQ,302672,41.83,8285620
2/29/2024,701.05,705.2,698.65,701.7,26647850,EQ,567422,46.96,16904852
3/1/2024,700,716.4,700,715.4,17369449,EQ,430030,40.39,10939226
3/2/2024,717.25,718,714.05,715.4,895265,EQ,27274,32.82,514675
3/4/2024,715.5,718.5,712.15,716.35,17808237,EQ,320401,55.58,13514118
3/5/2024,711,721.5,710.8,720.4,18995836,EQ,345780,54.94,13054500
3/6/2024,716.75,726.4,716.75,721.3,21204765,EQ,429803,49.34,11003451
3/7/2024,722.75,725.5,720.7,723.05,24674023,EQ,301040,81.96,20866170
3/11/2024,715,723,711.5,713.9,25265547,EQ,400746,63.05,18964859
3/12/2024,717,732,714.6,729.75,32709227,EQ,563469,58.05,16384302
3/13/2024,732.75,735.8,725.05,730.2,31533727,EQ,555367,56.78,17816086
3/14/2024,731.05,733,722.15,727.7,26216079,EQ,355538,73.74,14505354
3/15/2024,725,729.65,721.1,726.3,71806902,EQ,423259,169.65,50794310
3/18/2024,723.5,728,717.9,723,10718928,EQ,298423,35.92,5692012
3/19/2024,717.75,726.2,717.75,724.65,18091797,EQ,357501,50.61,11320260
3/20/2024,724.5,725.8,712.3,715.5,21803047,EQ,391871,55.64,12357309
3/21/2024,721.3,725.6,719.15,722.9,14461430,EQ,261033,55.4,8947572
3/22/2024,720.5,725.4,718.9,721.4,22990163,EQ,408312,56.31,14585298
3/26/2024,713.6,719,711.1,712.7,28422145,EQ,519149,54.75,20503182
3/27/2024,711.75,724,710.6,720.35,31084334,EQ,412302,75.39,19782418
3/28/2024,720.35,730.25,720.35,723.95,27796071,EQ,370836,74.96,16828698
4/1/2024,729,736.9,727.8,735.25,12599785,EQ,266085,47.35,8431758
4/2/2024,732.6,747.4,731.6,740.1,20612723,EQ,315849,65.26,10960586
4/3/2024,736.05,747.8,735.7,741.15,22792193,EQ,381267,59.78,13684601
4/4/2024,752,765,752,763.8,44467533,EQ,638189,69.68,25619874
4/5/2024,769.5,777.25,765.1,774.75,29527951,EQ,446260,66.17,21164256
4/8/2024,777.5,778.6,770.75,773.3,10241470,EQ,282686,36.23,7670253
4/9/2024,777.4,777.4,770.15,774.25,10942247,EQ,286447,38.2,6814594
4/10/2024,774.95,774.95,766.5,768.15,13903700,EQ,264951,52.48,7697580
4/12/2024,760.5,764.9,756.7,759.5,20542104,EQ,353957,58.04,12801265
4/15/2024,748.75,755,746,747.35,11707624,EQ,303733,38.55,6869481
4/16/2024,743.5,756.45,741.1,754.6,10372443,EQ,254321,40.78,5676628
4/18/2024,754.9,759.4,745.5,747.35,17117442,EQ,400151,42.78,9061937
4/19/2024,743.25,767.5,740.1,765.65,17288217,EQ,385294,44.87,9542891
4/22/2024,778.7,778.7,754.15,756.1,21149219,EQ,531868,39.76,11996190
4/23/2024,763.15,763.25,751.6,753.8,13413530,EQ,292429,45.87,8515775
4/24/2024,757.5,760.9,754.5,755.85,11220790,EQ,270693,41.45,6429367
4/25/2024,753.1,759.85,753.1,755.4,17722602,EQ,412279,42.99,9776931
4/26/2024,759.9,764,752.75,754.9,12427347,EQ,307546,40.41,6447334
4/29/2024,757.5,767.2,753.25,764.75,18046675,EQ,346924,52.02,8862484
4/30/2024,764.6,769.75,757.45,760.05,26153691,EQ,396483,65.96,10415468
5/2/2024,761,768.5,760.15,766.1,16737503,EQ,367994,45.48,7761502
5/3/2024,766.6,770.3,753.6,759.8,15932621,EQ,309946,51.4,7382850
5/6/2024,761,767.25,758.6,761.3,14396698,EQ,290222,49.61,9672086
5/7/2024,761,762,752.1,753.1,14240301,EQ,344750,41.31,8356783
5/8/2024,748,748.5,740.15,741.3,20843931,EQ,465848,44.74,13594981
5/9/2024,737.5,743.4,722.65,723.75,23140639,EQ,669580,34.56,17883266
5/10/2024,719.5,726,713.4,718.95,13638304,EQ,368755,36.98,8290712
5/13/2024,716,729.9,715.15,727.6,13523601,EQ,463000,29.21,7820181
5/14/2024,726.1,732.75,725.15,730.5,12832571,EQ,315935,40.62,8309204
5/15/2024,729.85,729.85,717.9,719.25,19465998,EQ,393567,49.46,10640101
5/16/2024,723,731.25,717.75,730.1,17472618,EQ,382855,45.64,8839279
5/17/2024,723.1,734,723.1,732.05,10460095,EQ,268477,38.96,6040042
5/18/2024,733,733.55,731.5,733,528557,EQ,15995,33.05,276670
5/21/2024,725.05,734.85,725.05,729.4,21884989,EQ,413346,52.95,15685407
5/22/2024,728.9,732.8,724.1,729.6,19998139,EQ,394368,50.71,11501213
5/23/2024,729.3,747.8,728.5,746.3,20430960,EQ,337200,60.59,11592193
5/24/2024,743.75,759.95,743,758.6,15530103,EQ,325557,47.7,8925912
5/27/2024,761.65,772.5,759.5,763.85,14692720,EQ,360983,40.7,8578854
5/28/2024,765.05,768,762.4,765.25,13954452,EQ,287323,48.57,8258977
5/29/2024,759,761.9,750.6,754.15,17573853,EQ,324703,54.12,10269574
5/30/2024,749.6,761.8,748.8,757.4,16877675,EQ,409393,41.23,10163087
5/31/2024,759.5,768,757,765.75,37039794,EQ,474591,78.05,24561027
6/3/2024,799.5,799.5,775,786.1,36318628,EQ,584235,62.16,20967682
6/4/2024,778.5,779.5,727,741.6,44765620,EQ,786620,56.91,15339068
6/5/2024,747,779.8,741.15,775.9,40815825,EQ,650501,62.75,17226690
6/6/2024,782.45,782.7,773.3,779.85,23211435,EQ,599204,38.74,12528131
6/7/2024,780.5,792.15,776,786.65,18356108,EQ,416517,44.07,8558942
6/10/2024,787,790.3,778.8,780.65,11227029,EQ,314062,35.75,7535938
6/11/2024,778,785.5,776.1,782.4,14772663,EQ,458802,32.2,8360761
6/12/2024,787.5,794.15,783.2,787.1,19640218,EQ,341079,57.58,9569983
6/13/2024,790.9,792.85,787,790.4,12060096,EQ,281276,42.88,7852775
6/14/2024,792,799.5,788.85,798.45,12770277,EQ,320179,39.88,7875479
6/18/2024,798.45,805.25,794.7,803.9,16207857,EQ,353540,45.84,9280334
6/19/2024,806.7,834.95,802,828.9,45065598,EQ,709705,63.5,24850893
6/20/2024,834.9,840.7,826,834.65,20704371,EQ,465827,44.45,12930152
6/21/2024,836.4,836.4,821.6,832.9,25815388,EQ,408577,63.18,13592741
6/24/2024,823.5,837.55,822.9,836.2,14272497,EQ,387580,36.82,8066775
6/25/2024,835.55,858.5,835.55,855.65,37260774,EQ,690683,53.95,19231430
6/26/2024,854,855.45,845.55,850.75,23798333,EQ,424591,56.05,15083364
6/27/2024,848.05,856.5,843.3,848.1,27537325,EQ,586504,46.95,14620093
6/28/2024,848.8,853.3,839.5,841.9,13238023,EQ,312550,42.35,7702121
7/1/2024,840,853.65,840,852.6,10593512,EQ,355235,29.82,6250644
7/2/2024,857.5,867.45,851.4,865.3,22960845,EQ,486972,47.15,10299873
7/3/2024,895.5,897,882.3,884.3,61608901,EQ,846404,72.79,38698242
7/4/2024,879.9,879.9,862.4,863.6,22924329,EQ,405416,56.55,15488873
7/5/2024,842.5,842.5,821.1,824.05,41121274,EQ,1117072,36.81,26657099
7/8/2024,822.65,827.5,813.6,817.65,19543900,EQ,324769,60.18,14297454
7/9/2024,812.5,823.35,810.15,818.25,24275439,EQ,442487,54.86,16711437
7/10/2024,815,820,810.4,813.05,22753591,EQ,405034,56.18,14977914
7/11/2024,812,812.9,800.5,810.95,22088537,EQ,483343,45.7,14712286
7/12/2024,811,819.2,805.6,811.35,28024980,EQ,332780,84.21,16663973
7/15/2024,811.75,814.9,807.6,811.05,16687847,EQ,217738,76.64,9595558
7/16/2024,810.4,813.5,808.4,809.9,14475162,EQ,269979,53.62,8509090
7/18/2024,804,812,799.6,807.4,16858532,EQ,332318,50.73,9444621
7/19/2024,808,811.5,801.75,803.65,13001076,EQ,276983,46.94,8118699
7/22/2024,808.5,825.5,806.3,821.3,26872411,EQ,548620,48.98,16599256
7/23/2024,823.8,823.9,802.5,809.2,26001076,EQ,449509,57.84,10215610
7/24/2024,804.1,810.5,794,802,30864103,EQ,432932,71.29,15418875
7/25/2024,796.5,812.5,796.5,808.3,12767866,EQ,279974,45.6,6858515
7/26/2024,802.5,810.9,798.2,809.1,21905270,EQ,355180,61.67,13865974
7/29/2024,807.5,815.9,799.15,802.5,25500574,EQ,472326,53.99,12491496
7/30/2024,801,817.4,799.5,807.75,27297917,EQ,455812,59.89,10836941
7/31/2024,807,813.95,804.6,807.9,18910242,EQ,334519,56.53,9952915
8/1/2024,811.45,825,809,819.4,13107587,EQ,287915,45.53,8608562
8/2/2024,815.5,835.25,815.5,829.6,22059619,EQ,457935,48.17,12383195
8/5/2024,820.05,823,800.5,807.9,20666817,EQ,464696,44.47,12112310
8/6/2024,815,816.5,796.65,800.6,22558025,EQ,388854,58.01,14545393
8/7/2024,808.5,815,801.1,811.75,21173132,EQ,337720,62.69,12068956
8/8/2024,812,826.65,809.6,821.35,16988475,EQ,327468,51.88,9472859
8/9/2024,826,831.3,822.9,825.1,13322309,EQ,291916,45.64,9226887
8/12/2024,826,838,823.65,830.05,19658098,EQ,363538,54.07,12628587
8/13/2024,814,816.2,800.6,801.6,27027521,EQ,601558,44.93,15122063
8/14/2024,803.25,806.85,801.6,803.9,16167214,EQ,259067,62.41,8419023
8/16/2024,814.25,817.1,805.5,816.05,13924623,EQ,302506,46.03,7629703
8/19/2024,818.8,818.8,811.85,815.75,9751082,EQ,166314,58.63,5371807
8/20/2024,813.7,823,813.7,818.85,15567247,EQ,240802,64.65,7159684
8/21/2024,814.05,817.25,808.9,812.9,23815452,EQ,323415,73.64,14602427
8/22/2024,816,819.15,814,815.65,10650319,EQ,272441,39.09,6904642
8/23/2024,817,817,811.5,812.5,10166711,EQ,212238,47.9,7212100
8/26/2024,816.1,824,816.1,820,11182133,EQ,275112,40.65,7846052
8/27/2024,821.7,823.7,816.1,818.9,17886622,EQ,292507,61.15,11020707
8/28/2024,818.9,819.9,815.1,818.55,13460594,EQ,275424,48.87,8541633
8/29/2024,821,822.2,815.6,819.3,24526302,EQ,432962,56.65,18760652
8/30/2024,828,831,810.6,818.45,222671050,EQ,564643,394.36,154380134
9/2/2024,823.4,823.4,811.6,813.5,17024840,EQ,375245,45.37,12018518
9/3/2024,817,820,812.3,818.65,18641430,EQ,292439,63.74,12551277
9/4/2024,819.5,822.4,816,820.9,12341372,EQ,294496,41.91,6268023
9/5/2024,823,824.95,821,822.7,11438159,EQ,245493,46.59,8688322
9/6/2024,819.15,823.9,817.05,818.5,13014801,EQ,296891,43.84,8562105
9/9/2024,819,824.25,815.05,823.25,11896457,EQ,258547,46.01,7816428
9/10/2024,827,827,819,825.15,13303323,EQ,306124,43.46,6978769
9/11/2024,825.2,826.25,819.6,821.95,11113342,EQ,248100,44.79,4560477
9/12/2024,827,835,823.5,833.3,16212023,EQ,266121,60.92,9274830
9/13/2024,837,837,828.5,833,11930266,EQ,275521,43.3,7079723
9/16/2024,833.5,838.9,832,835.5,7586410,EQ,214575,35.36,5258278
9/17/2024,839,839,832.1,834.4,10063561,EQ,273207,36.83,5693003
9/18/2024,835.9,849.45,835.55,847.4,20458671,EQ,447311,45.74,12237216
9/19/2024,849.6,859.5,849.6,854.25,15325888,EQ,347649,44.08,9714192
9/20/2024,858.25,872.5,853.8,870.6,30311693,EQ,519608,58.34,17465531
9/23/2024,874.5,883.15,870.1,879.9,13482675,EQ,449232,30.01,8794661
9/24/2024,882.5,890.8,877.1,884,16519518,EQ,404809,40.81,9425560
9/25/2024,880.1,894,880.1,889.55,15982656,EQ,498237,32.08,9863354
9/26/2024,886.5,894,884,891.7,15949822,EQ,343553,46.43,10985707
9/27/2024,888.5,889.1,875,876.3,17806751,EQ,339917,52.39,13002178
9/30/2024,874.4,875.7,862.2,866,13191767,EQ,343613,38.39,9541132
10/1/2024,862,871,860.05,863.1,12286142,EQ,237679,51.69,6953201
10/3/2024,857.8,863.1,836.65,841,24236699,EQ,520129,46.6,17610464
10/4/2024,837.25,845.3,826.5,828.8,24341616,EQ,419392,58.04,13673903
10/7/2024,826.1,829.5,806.5,808.9,47229148,EQ,535347,88.22,28014374
10/8/2024,815,828.4,811,825.5,14867203,EQ,357296,41.61,9503807
10/9/2024,824.75,828.4,814.35,816.6,20562821,EQ,442682,46.45,9564097
10/10/2024,819.5,832.7,816.25,831.2,10877383,EQ,244906,44.41,5165604
10/11/2024,832.2,832.2,821.6,825.5,11836297,EQ,186378,63.51,8529644
10/14/2024,828,846,827,844.05,9263754,EQ,261742,35.39,6120592
10/15/2024,847,849,837.75,842.05,9825565,EQ,195771,50.19,5937555
10/16/2024,840.05,854,840.05,849.9,10235341,EQ,244836,41.8,6262690
10/17/2024,847.5,848.8,832.6,836.6,7347866,EQ,199044,36.92,4717214
10/18/2024,831.55,845.5,827.05,840.9,12404862,EQ,232916,53.26,8255525
10/21/2024,857.5,874.1,855.5,864.35,23274177,EQ,574448,40.52,12767823
10/22/2024,865,870,855.35,857.3,19437640,EQ,411821,47.2,10390546
10/23/2024,852.5,873.25,852.5,867.9,19018045,EQ,386048,49.26,12309362
10/24/2024,869.05,884.3,869.05,874.8,15416129,EQ,342755,44.98,10527020
10/25/2024,877.5,878.9,864.35,871.7,13065239,EQ,337950,38.66,7865650
10/28/2024,871,875.5,864.45,867.1,11006071,EQ,334425,32.91,6998364
10/29/2024,863.1,882,862.55,875.9,17897463,EQ,381375,46.93,10658618
10/30/2024,871,877.4,862.1,867.3,16357862,EQ,350916,46.61,9806297
10/31/2024,864,869.45,859.7,867.85,11447956,EQ,277300,41.28,8152758
11/1/2024,866.5,872.05,863.05,868.65,879846,EQ,69860,12.59,311374
11/4/2024,872.5,872.5,855.45,857.05,14044624,EQ,342162,41.05,9628154
11/5/2024,851.5,881.35,848.95,878.9,22116203,EQ,362395,61.03,12508130
11/6/2024,885.75,885.75,872.65,877.6,13893955,EQ,249677,55.65,8170849
11/7/2024,872.15,880.5,869,873.3,9447728,EQ,315964,29.9,5681231
11/8/2024,876,880.9,872.9,877.2,9951493,EQ,253333,39.28,6688588
11/11/2024,877.3,891.4,875.6,883.15,12282681,EQ,366875,33.48,7456943
11/12/2024,886,887.5,854.3,859.1,15697703,EQ,410691,38.22,7410508
11/13/2024,858.4,864.7,836.5,840.65,17864250,EQ,384592,46.45,9878595
11/14/2024,836.55,852.4,836.05,846.4,13573235,EQ,331159,40.99,7307878
11/18/2024,850,859.45,847.5,852.55,13540984,EQ,291631,46.43,9562272
11/19/2024,857,876.9,851.35,871.1,25490636,EQ,458303,55.62,19018449
11/21/2024,874.7,879.5,867.1,870.6,17858256,EQ,368837,48.42,11902796
11/22/2024,871.8,877.15,864.8,872.8,12386806,EQ,260956,47.47,8137880
11/25/2024,892.5,901.8,882.45,892.8,213868637,EQ,600228,356.31,174212666
11/26/2024,905,905,884.9,892.8,15467783,EQ,261322,59.19,9010084
11/27/2024,894.95,908.65,892.6,906.15,16357488,EQ,330771,49.45,8740131
11/28/2024,909.5,918.05,894,896.6,17861196,EQ,379898,47.02,10098151
11/29/2024,900.65,902.3,891.45,898,13834768,EQ,377555,36.64,9143382
12/2/2024,901.75,904.1,887.5,902.35,7555438,EQ,219254,34.46,4945801
12/3/2024,911.35,918.7,908.05,913.15,21705121,EQ,304635,71.25,15804923
12/4/2024,919,932.5,915.6,930.05,22334542,EQ,436235,51.2,15776554
12/5/2024,930,940,917.6,932.9,19841357,EQ,436462,45.46,11728370
12/6/2024,928.5,932.1,922,927.9,8891578,EQ,306905,28.97,5545799
12/9/2024,926.8,940,924.5,935,13473956,EQ,234236,57.52,10115077
12/10/2024,938.85,938.85,929.3,934.05,6662740,EQ,231195,28.82,4095005
12/11/2024,930.85,935.95,928.4,931.55,7022713,EQ,233801,30.04,4031962
12/12/2024,925.5,934.3,924.35,929.6,8646895,EQ,201479,42.92,4630670
12/13/2024,931.25,937.5,914.6,935.9,9504501,EQ,218405,43.52,4985509
12/16/2024,932.55,935,927.6,932.6,6553541,EQ,177602,36.9,3729437
12/17/2024,928.15,931.15,913.25,916.6,10539766,EQ,273231,38.57,5930094
12/18/2024,914.9,918,903.6,905.35,11711156,EQ,235785,49.67,7999429
12/19/2024,899.8,900.55,889.5,896.75,12690385,EQ,226833,55.95,8648980
12/20/2024,891.1,898.8,883.5,885.75,12846174,EQ,248859,51.62,7700019
12/23/2024,891,903,890.65,900.5,5522296,EQ,196041,28.17,2993179
12/24/2024,901,904.35,894.8,899.05,7242917,EQ,186401,38.86,3268593
12/26/2024,899.3,906,890.4,895.4,5240839,EQ,206346,25.4,2716334
12/27/2024,897.4,903,894.55,899.1,3629665,EQ,118374,30.66,1901649
12/30/2024,896.1,907.5,885.5,888.95,11111109,EQ,242576,45.8,6185214
12/31/2024,885.15,890.9,882.8,886.4,7058618,EQ,178863,39.46,4299418
1/1/2025,886.7,897,880.55,891.4,3656903,EQ,137050,26.68,1646509
1/2/2025,888.55,901.7,886.5,896.9,9279288,EQ,207825,44.65,5804214
1/3/2025,895.5,897.6,873.15,874.6,12213097,EQ,331392,36.85,7452366
1/6/2025,870.05,878.6,852.9,855.25,9408174,EQ,286152,32.88,5639127
1/7/2025,857.5,860.5,850,856.7,6763953,EQ,183035,36.95,4379489
1/8/2025,854.1,855.8,841.65,847.15,9869095,EQ,333259,29.61,7359145
1/9/2025,842.1,844.5,829.05,833.9,20210111,EQ,484900,41.68,15902698
1/10/2025,835.5,837.45,827,828.4,8726640,EQ,215325,40.53,6098530
1/13/2025,820,823.4,812.15,815.4,10834533,EQ,275849,39.28,7359117
1/14/2025,819.95,828.1,818.5,823.3,13330716,EQ,315905,42.2,9362523
1/15/2025,828.25,831.35,818.15,821.5,7011446,EQ,207907,33.72,4547576
1/16/2025,826.4,830.3,821.4,826,10606227,EQ,215124,49.3,6779516
1/17/2025,821.75,825.25,814.25,818.4,11556038,EQ,214237,53.94,8358047
1/20/2025,813,830.5,813,825.6,8778809,EQ,226533,38.75,5964056
1/21/2025,829.1,830.5,816.5,821.2,15579072,EQ,270722,57.55,7211191
1/22/2025,821.2,835.95,812.7,833,15309653,EQ,367130,41.7,7697124
1/23/2025,843.5,843.5,825.6,832.45,17454579,EQ,445411,39.19,11872698
1/24/2025,830,835.15,822.25,824.9,12118100,EQ,271994,44.55,9052586
1/27/2025,820.55,821.8,813,814.9,11402083,EQ,277125,41.14,8546424
1/28/2025,823.5,842.15,823.5,835.2,15089656,EQ,350835,43.01,8576705
1/29/2025,837.5,840.6,834.4,838.65,6309945,EQ,196187,32.16,4346810
1/30/2025,840.5,848.95,836.3,845.75,12872423,EQ,263161,48.91,7227795
1/31/2025,843.6,852.35,842,849.4,7910843,EQ,215938,36.63,5543535
2/1/2025,848.75,856.5,838,845.5,2793764,EQ,88839,31.45,1039250
2/3/2025,835,843.4,831.7,839,10138270,EQ,230780,43.93,7893988
2/4/2025,844.35,862.9,840,860.45,14308251,EQ,342091,41.83,10300349
2/5/2025,866.5,872.1,859.45,868.9,11837753,EQ,275185,43.02,9425082
2/6/2025,867.75,874.5,862,871.9,13380358,EQ,225108,59.44,8694892
2/7/2025,875,883.5,862.5,866.4,11754800,EQ,326327,36.02,7964834
2/10/2025,858.65,861.7,854.25,857.9,8597975,EQ,175150,49.09,6364813
2/11/2025,851.5,855.5,844.35,850.7,11362352,EQ,182730,62.18,7806510
2/12/2025,846.5,856,840.6,853.4,11404785,EQ,286053,39.87,8133575
2/13/2025,849.5,857.1,846.8,848.85,6301217,EQ,200278,31.46,3580241
2/14/2025,850.95,850.95,840,847.4,9979946,EQ,309031,32.29,7805589
2/17/2025,842.6,860,840.6,858.65,6469473,EQ,262946,24.6,4202038
2/18/2025,856.5,865.8,853.1,861.5,8175455,EQ,322226,25.37,5895356
2/19/2025,858.5,868.95,856.2,863.6,5942056,EQ,300603,19.77,4027432
2/20/2025,855.5,857.35,842.65,843.55,13195255,EQ,246655,53.5,9394627
2/21/2025,840.45,847.5,838.6,846.25,7840470,EQ,292907,26.77,5281578
2/24/2025,840.55,842.1,830.55,838.55,10346823,EQ,245559,42.14,7739708
2/25/2025,835.55,844,835.55,841.15,12069354,EQ,222521,54.24,7140142
2/27/2025,841.3,855.4,841.3,850.35,17893400,EQ,333728,53.62,13247979
2/28/2025,842.5,868.6,842.5,866.2,27258364,EQ,439035,62.09,19548687
3/3/2025,869.9,871.5,847.05,850.8,10602682,EQ,298350,35.54,7174359
3/4/2025,849,857.15,846.6,855,9960479,EQ,323741,30.77,7276857
3/5/2025,851,855.4,844.1,845,10791936,EQ,361183,29.88,7758409
3/6/2025,843.5,849.95,836.1,845.6,16483044,EQ,399697,41.24,10038498
3/7/2025,841,850.6,838.8,844.6,6686457,EQ,191461,34.92,4333273
3/10/2025,844.5,849.95,841.5,843.75,7802025,EQ,284969,27.38,5764864
3/11/2025,841.2,847,835,842.75,9949215,EQ,272484,36.51,7071075
3/12/2025,845.8,859.25,845.8,855.6,9392053,EQ,277146,33.89,6780880
3/13/2025,858,860.4,850,853.3,7868132,EQ,185351,42.45,5238428
3/17/2025,852.5,862,852.5,855.2,9475957,EQ,365060,25.96,7111163
3/18/2025,864,868.7,857.5,866.1,10953589,EQ,248631,44.06,6834573
3/19/2025,867.5,875.5,866.1,872.05,7610703,EQ,201878,37.7,5811993
3/20/2025,877,887,874.65,884.4,8916989,EQ,218030,40.9,5904489
3/21/2025,877.8,887.05,877.8,885.15,16754132,EQ,210244,79.69,12849014
3/24/2025,889.5,902.2,886.8,900,8696868,EQ,286856,30.32,5767323
3/25/2025,902.45,921.85,900.75,910.7,19550708,EQ,407401,47.99,11974103
3/26/2025,912.5,913.75,901,903.3,12239221,EQ,265431,46.11,8782277
3/27/2025,900,920.5,899.05,912.65,20829050,EQ,416415,50.02,14816314
3/28/2025,914.5,918,902.9,914.1,14386824,EQ,276619,52.01,10330293
4/1/2025,901,904.95,882.65,883.9,14255503,EQ,409481,34.81,9301658
4/2/2025,885.35,899.6,885.35,898.45,5786782,EQ,144509,40.04,3778623
4/3/2025,890.55,902,888.5,897.4,5625019,EQ,147618,38.11,3722325
4/4/2025,906.5,921,905.55,908.65,16770227,EQ,316416,53,11518395
4/7/2025,881.4,889.9,869.1,878.85,18997725,EQ,374557,50.72,12250901
4/8/2025,882.5,891,875.15,884.6,17781936,EQ,355184,50.06,10250737
4/9/2025,882.5,887.5,876.75,882.5,11227304,EQ,207950,53.99,7675538
4/11/2025,887.4,909.7,887.4,903.4,16387883,EQ,395826,41.4,11367066
4/15/2025,932.5,938.4,927.5,932.45,24649172,EQ,360194,68.43,17986230
4/16/2025,941.9,941.9,930.25,939,9568410,EQ,252887,37.84,6023703
4/17/2025,941,959.85,938.35,953.35,17851542,EQ,394807,45.22,11300117
4/21/2025,962,975.35,955,963.55,17123649,EQ,411337,41.63,11600626
4/22/2025,967.5,985.3,967.5,980.85,22980875,EQ,512026,44.88,16513580
4/23/2025,989.45,989.45,960.25,961.95,15285321,EQ,247823,61.68,11159514
4/24/2025,955,961.95,952.55,958.4,12965877,EQ,227034,57.11,7662734
4/25/2025,962.4,966.5,945.9,955.6,9250439,EQ,201781,45.84,5999133
4/28/2025,955.6,964.85,954.2,960.1,6960246,EQ,155527,44.75,4859663
4/29/2025,959.4,964.4,950.1,954.4,9459154,EQ,186299,50.77,6019766
4/30/2025,956.5,968.45,955.15,962.5,15968435,EQ,275126,58.04,11378694
5/2/2025,964.9,970.95,960,962.5,11406024,EQ,236285,48.27,8647253
5/5/2025,969.5,976,966.15,968.4,7534012,EQ,160044,47.07,4772438
5/6/2025,965,970.05,962.15,965.85,8745078,EQ,140830,62.1,6377477
5/7/2025,967,974.35,961.2,972.8,10710389,EQ,178998,59.84,7816814
5/8/2025,977.4,977.4,959.55,964.25,17401715,EQ,280256,62.09,11992864
5/9/2025,955.05,959.5,943.4,944.85,8594398,EQ,292155,29.42,6418433
5/12/2025,958.8,979.95,956.15,978.6,9309486,EQ,207249,44.92,6484427
5/13/2025,975,980.85,960,961.3,12121051,EQ,234495,51.69,8111085
5/14/2025,961.05,965.1,951.5,955.3,7722654,EQ,189542,40.74,5324638
5/15/2025,956.75,972.4,948.5,966.9,16120729,EQ,224596,71.78,8875200
5/16/2025,966.9,971.9,964.2,967.35,7934005,EQ,175140,45.3,5821408
5/19/2025,968.5,972.5,965.5,969.35,5101482,EQ,156815,32.53,3240362
5/20/2025,964.05,967.3,956.5,957.45,11939545,EQ,176524,67.64,8268352
5/21/2025,963.5,973.45,960.55,963.4,7566020,EQ,205548,36.81,4481751
5/22/2025,957.6,962.1,952.6,959.95,10653335,EQ,255429,41.71,6993511
5/23/2025,960.05,968.5,957.25,966.8,4783036,EQ,116301,41.13,3324907
5/26/2025,967.5,974.95,963.45,970.1,5401430,EQ,201842,26.76,3386064
5/27/2025,965.8,974,958.15,963.15,13081074,EQ,202672,64.54,7560818
5/28/2025,960.1,967.25,958.85,961.75,9078797,EQ,179687,50.53,6653105
5/29/2025,964,970.4,953.65,963.75,14458897,EQ,215462,67.11,8083688
5/30/2025,965.95,974.4,962.7,972.45,14374039,EQ,152055,94.53,10680728
6/2/2025,965.05,968,954,966.05,7334411,EQ,202297,36.26,4806505
6/3/2025,969,976,960,962.3,12188792,EQ,202204,60.28,8884330
6/4/2025,960.5,971.65,960.45,970.6,6480771,EQ,205372,31.56,4648807
6/5/2025,974,979.45,970.1,974.8,11127709,EQ,216860,51.31,6248672
6/6/2025,972,998.15,971.35,989.35,15063504,EQ,354572,42.48,9208623
6/9/2025,997.5,997.5,987.95,989.45,6601294,EQ,203285,32.47,4310858
6/10/2025,991.4,991.4,980.55,982.65,7766563,EQ,281306,27.61,5433094
6/11/2025,983.8,983.8,973.5,975.2,5548197,EQ,181762,30.52,4381595
6/12/2025,975,980.5,967.65,971.7,8174565,EQ,179174,45.62,4709228
6/13/2025,960,966.5,956.5,958.8,6058881,EQ,187789,32.26,4157664
6/16/2025,962,969.45,960.05,967.7,8256873,EQ,199177,41.45,6755556
6/17/2025,968.5,970.8,959.55,964.8,8489368,EQ,219738,38.63,5836894
6/18/2025,958.5,968.15,958.5,966.95,9216908,EQ,251910,36.59,7313289
6/19/2025,966.95,973.4,962.8,967.65,8438110,EQ,202215,41.73,5083169
6/20/2025,965.8,984.95,965.8,982.35,16450204,EQ,261970,62.79,13234979
6/23/2025,974.2,978.95,970.9,974.2,5869759,EQ,176324,33.29,4136205
6/24/2025,982.5,989.5,977.8,980.45,11312661,EQ,231814,48.8,5590603
6/25/2025,983,991,981.95,990.1,9202966,EQ,206190,44.63,6856865
6/26/2025,990.7,1013.55,990,1010.9,25042415,EQ,343662,72.87,17082370
6/27/2025,1006.5,1009.9,996.7,1007.45,14106692,EQ,226961,62.15,11790269
6/30/2025,1005.75,1006.9,997.75,1000.75,6824510,EQ,199780,34.16,5025817
7/1/2025,1002.5,1008,1002,1006.05,7194693,EQ,169976,42.33,4895516
7/2/2025,1009.95,1009.95,988.95,993,9439125,EQ,268429,35.16,6516626
7/3/2025,997.45,1004,992.15,993.55,8430253,EQ,182242,46.26,4021259
7/4/2025,993.55,1001.75,990,994.65,3931972,EQ,150676,26.1,2386234
7/7/2025,994.5,999.2,991.9,993.7,5674713,EQ,163393,34.73,3580127
7/8/2025,988.5,1002.5,988.5,1000.7,7612158,EQ,199823,38.09,4719470
7/9/2025,1003.5,1006.9,999.05,1005.6,6930714,EQ,151284,45.81,4775873
7/10/2025,1008,1008.5,1000,1003.1,8515155,EQ,184619,46.12,4603926
7/11/2025,999,1002.4,990.45,991.85,6258461,EQ,125871,49.72,4958892
7/14/2025,991.5,994.35,985.3,991.5,6544425,EQ,132854,49.26,4932484
7/15/2025,986.5,1001.8,986.5,997.75,7249084,EQ,157806,45.94,4070577
7/16/2025,1009,1011.35,996.3,998.15,8997306,EQ,216845,41.49,5265661
7/17/2025,1002,1002.4,991.35,993.45,11264579,EQ,256020,44,6366220
7/18/2025,993.45,998.5,976.5,978.7,8064723,EQ,221823,36.36,5524936
7/21/2025,989.1,1001,988.25,1000.25,11154539,EQ,275691,40.46,6536125
7/22/2025,1006.55,1009,1001.5,1003.55,7418407,EQ,226727,32.72,5286787
7/23/2025,1005.5,1014.9,1001.5,1012.15,6817458,EQ,191989,35.51,4887186
7/24/2025,1018.85,1018.85,1004.2,1007.1,9553588,EQ,183573,52.04,5946175
7/25/2025,1007.5,1007.5,999.5,1002.3,4653299,EQ,163735,28.42,2670096
7/28/2025,1001.5,1010.7,1000.25,1004.25,6029790,EQ,219624,27.46,4269112
7/29/2025,999.95,1013.25,998.15,1010.8,9947848,EQ,234546,42.41,6912288
7/30/2025,1014,1016.3,1008.5,1012.9,7577018,EQ,152763,49.6,5292067
7/31/2025,1007.3,1015.7,1004,1009.1,11091516,EQ,199191,55.68,4663953
8/1/2025,1007,1014.15,1004.65,1006.1,5658629,EQ,138595,40.83,3877981
8/4/2025,1005.05,1009.25,994.05,996,6966973,EQ,248150,28.08,5392274
8/5/2025,993.25,997.2,982.75,988.8,11989029,EQ,194332,61.69,8686084
8/6/2025,985.55,994,985,992.65,7040102,EQ,211058,33.36,5193296
8/7/2025,990.05,1000.8,988.4,997.7,6540593,EQ,223527,29.26,3957541
8/8/2025,993.55,996.4,985,986.95,6947632,EQ,178320,38.96,4921047
8/11/2025,987.95,998.8,986.55,997.8,4552927,EQ,165998,27.43,2893629
8/12/2025,995.95,998,983.75,984.95,6468901,EQ,237925,27.19,3763379
8/13/2025,997,997,984.55,990.15,6788698,EQ,177703,38.2,4659295
8/14/2025,989,998,985.6,995.55,8755858,EQ,174342,50.22,5399734
8/18/2025,1005,1013.3,997.8,1001.8,9642398,EQ,220027,43.82,5890386
8/19/2025,999.15,1003.05,993.35,995.55,6176219,EQ,170899,36.14,3356794
8/20/2025,993.5,996,989.5,994.1,4975114,EQ,173424,28.69,3262221
8/21/2025,998.75,998.75,991.6,995.6,6219925,EQ,160599,38.73,3938606
8/22/2025,994.95,998,978.55,982.3,9916751,EQ,253318,39.15,7296028
8/25/2025,980.1,988.7,978.5,982.05,8759022,EQ,217503,40.27,6285996
8/26/2025,979.5,985.7,968,973.4,16917731,EQ,296302,57.1,11117324
8/28/2025,967,972.2,955,957.8,25438255,EQ,377835,67.33,14779593
8/29/2025,954,963.3,950.1,951.6,14823813,EQ,260839,56.83,10921593
9/1/2025,949.6,957.45,946.35,950.6,20178344,EQ,410933,49.1,15470566
9/2/2025,951,954.8,944,944.5,14196320,EQ,343637,41.31,8559801
9/3/2025,945,956.3,940,954.45,16083481,EQ,288240,55.8,11088091
9/4/2025,960.2,965.7,956.25,961.25,17597657,EQ,212281,82.9,9825135
9/5/2025,967.5,967.5,954.05,963.4,11602111,EQ,210037,55.24,8025866
9/8/2025,969,973.15,960.45,966,11711307,EQ,193535,60.51,7723748
9/9/2025,974,974.4,962.7,965.15,13985539,EQ,181800,76.93,8674252
9/10/2025,973.9,973.9,961.7,965.9,18091100,EQ,218336,82.86,13233607
9/11/2025,960.3,969.25,959.9,967.8,15113633,EQ,220801,68.45,7824117
9/12/2025,969.9,970.75,962.25,967.3,14363519,EQ,265851,54.03,10837642
9/15/2025,969.6,972.35,965,967.05,14486377,EQ,198502,72.98,9376182
9/16/2025,961.2,969.35,961.2,966.85,18661794,EQ,201920,92.42,13372765
9/17/2025,965.15,974.4,964.35,966.5,17361476,EQ,269236,64.48,12477258
9/18/2025,973.3,979.65,969.25,976.9,17791598,EQ,267040,66.63,9572957
9/19/2025,974.9,976.7,962.1,966.9,31243267,EQ,220137,141.93,23282508
9/22/2025,964,971.2,961.95,964.2,10854415,EQ,139126,78.02,6152391
9/23/2025,967,968.2,955.5,957.2,21022298,EQ,190721,110.23,11319285
9/24/2025,952.2,956.45,943,951.05,15117220,EQ,248417,60.85,9795696
9/25/2025,952.5,958,947.4,949.85,31413279,EQ,256060,122.68,20833726
9/26/2025,945.1,951.45,941.3,945.05,14874656,EQ,209563,70.98,9035935
9/29/2025,946.05,956.8,939.1,950.3,32398179,EQ,296694,109.2,22819747
9/30/2025,958.05,960,946.3,951,28296687,EQ,254597,111.14,16506431
10/1/2025,952.7,969.6,946,965.25,25350832,EQ,284713,89.04,16742115
10/3/2025,952,966.75,952,965.15,26658296,EQ,262320,101.63,18018739
10/6/2025,971.9,977.4,962,973.45,18542683,EQ,242243,76.55,11419980
10/7/2025,974,989.85,971,982.5,25535736,EQ,246182,103.73,15458605
10/8/2025,976,985.9,974.55,978.7,15939710,EQ,209764,75.99,9771789
10/9/2025,974.5,979,970.15,977.1,15370950,EQ,213008,72.16,8147055
10/10/2025,979,986.2,978.1,980.9,13757080,EQ,237034,58.04,8499509
10/13/2025,974.3,981,972,977,18634254,EQ,280003,66.55,11986144
10/14/2025,970,980.45,967,977.15,22934382,EQ,217173,105.6,12964881
10/15/2025,975,984.9,973.35,978.25,23310447,EQ,251500,92.69,15931470
10/16/2025,982.65,996.6,981.5,994.35,22936566,EQ,362882,63.21,14825575
10/17/2025,993.95,1009,986,1002.55,25210511,EQ,371430,67.87,14088788
10/20/2025,997,1020,997,1002.95,22195202,EQ,416206,53.33,11949161
10/21/2025,1006,1010,1004,1007.7,3471600,EQ,88749,39.12,2208820
10/23/2025,1016,1020.5,1006,1008.8,43526526,EQ,518216,83.99,29430278
10/24/2025,1011,1011.95,991.3,994.75,17707768,EQ,362016,48.91,10325814
10/27/2025,996.5,1009.05,996.2,1002.95,15700796,EQ,297938,52.7,10876558
10/28/2025,997.65,1008,995,1003.55,33904289,EQ,423621,80.03,17802447
10/29/2025,1004.9,1012.5,1000,1007.85,17769445,EQ,281715,63.08,10183404
10/30/2025,1000,1009.5,997.1,998.15,19962917,EQ,365104,54.68,11016753
10/31/2025,994,1004.45,981.15,987.3,23221330,EQ,454775,51.06,14530695
11/3/2025,985,994.55,983.3,992.65,16607180,EQ,288032,57.66,9995580
11/4/2025,987,997,983.7,985.25,20024544,EQ,302828,66.13,10792510
11/6/2025,981,991.05,974,984.65,22279516,EQ,278532,79.99,11400343
11/7/2025,980,984.9,974.75,982.3,15004568,EQ,315369,47.58,10669610
11/10/2025,982.3,990.95,980.2,984.5,15988262,EQ,373004,42.86,11329554
11/11/2025,983.5,993.5,978,991.7,10200530,EQ,229810,44.39,5178183
11/12/2025,998.8,999,987.7,989.5,13137263,EQ,166500,78.9,9064648
11/13/2025,984,990.1,982.6,986.65,14124839,EQ,289471,48.8,8400766
11/14/2025,976.05,991.65,976.05,989.6,21386965,EQ,301431,70.95,15669091
11/17/2025,991.25,997.95,985.6,996.55,18396408,EQ,197155,93.31,12483495
11/18/2025,997.65,999,990,992.45,20002640,EQ,217914,91.79,13276284
11/19/2025,990,996.55,984,994.6,19813847,EQ,201324,98.42,14380578
11/20/2025,995.3,1011.6,992.45,1008.85,19850865,EQ,254686,77.94,12310443
11/21/2025,1003.1,1008.3,996.55,998.05,17499897,EQ,271649,64.42,11781873
11/24/2025,1000,1011.45,993.6,999.15,32204053,EQ,280226,114.92,23158827
11/25/2025,1004,1006.1,988.4,989.8,24989383,EQ,275451,90.72,14345733
11/26/2025,981.3,1006.95,981.3,1003.9,19494356,EQ,207998,93.72,10553283
11/27/2025,1002.1,1016.8,1001,1009.5,25536848,EQ,313073,81.57,16830504
11/28/2025,1007,1012.05,1004.2,1007.6,15988807,EQ,178196,89.73,11179507
12/1/2025,1017.5,1017.5,999.3,1002.1,16746566,EQ,282719,59.23,10412743
12/2/2025,988,994.4,985,989.8,27316662,EQ,363303,75.19,18025565
12/3/2025,986,1002.3,986,1000.5,15448777,EQ,222651,69.39,10662697
12/4/2025,1000,1004.7,993,997.2,14528169,EQ,241847,60.07,10117111
12/5/2025,992,1008,990.2,1003.3,12843366,EQ,192024,66.88,7782512
12/8/2025,1000,1006.5,997.5,1003.1,12901022,EQ,219872,58.68,8540982
12/9/2025,994.9,1002.8,994,997.1,15294322,EQ,206598,74.03,8851628
12/10/2025,997.5,998.5,985.3,989.8,15322830,EQ,275347,55.65,10399067
12/11/2025,990,1002.7,988.5,1000.3,11844809,EQ,177935,66.57,7553960
12/12/2025,1003,1004.7,998.2,1001.5,11988618,EQ,153825,77.94,8974647
12/15/2025,992,1001.8,992,996.1,9790060,EQ,182612,53.61,5689455
12/16/2025,990.1,998.7,990.1,994.3,20049088,EQ,307140,65.28,10578543
12/17/2025,996,996,980.8,984,19080922,EQ,288605,66.11,13749573
12/18/2025,973.3,987.4,973.3,979.7,14912404,EQ,412559,36.15,9559809
12/19/2025,987,988,978.7,985.5,25952384,EQ,246675,105.21,19002918
12/22/2025,988,992.9,983.9,987.7,13540411,EQ,253393,53.44,8188244
12/23/2025,990.5,998.9,987.7,996.6,17927849,EQ,227121,78.94,9434296
12/24/2025,993,999.4,993,997.2,13699996,EQ,203107,67.45,6062889
12/26/2025,996,997.2,987.7,992.1,9360853,EQ,196688,47.59,7031168
12/29/2025,993.1,997.4,987.2,991.7,13545749,EQ,190711,71.03,8436541
12/30/2025,990.2,995,982.2,990.9,33155849,EQ,393869,84.18,22177609
12/31/2025,991,997.6,987.6,991.2,10963454,EQ,193549,56.64,7039332
1/1/2026,993.5,997.55,989.5,991.15,7132074,EQ,126886,56.21,2485813
1/2/2026,991.15,1003.2,988.8,1001.6,11751459,EQ,178613,65.79,7814202
1/5/2026,1005.75,1006.4,976.3,977.5,27647379,EQ,382990,72.19,20956352
1/6/2026,962.7,966.7,956,962.2,31988783,EQ,459604,69.6,22650555
1/7/2026,956,956.45,946,949.05,52884712,EQ,414168,127.69,43998886
1/8/2026,944.7,953,941.4,946.7,21928849,EQ,316595,69.26,14341808
1/9/2026,945,950.6,933.3,939,38183839,EQ,324301,117.74,30938163
1/12/2026,937.5,942,929.6,936.95,21071666,EQ,282222,74.66,15911209
1/13/2026,947.7,947.7,932.6,937.35,32042827,EQ,348726,91.89,19682550
1/14/2026,930,940.05,920.2,925.45,36688248,EQ,306076,119.87,27700155
1/16/2026,922,935.95,919.2,931.1,37780235,EQ,361119,104.62,27960990
1/19/2026,935.9,936.15,919.5,927.9,38191942,EQ,432335,88.34,25589700
1/20/2026,929.3,934.5,919.6,931.2,36022727,EQ,357134,100.87,25387797
1/21/2026,925,932.15,915.5,920.35,32766854,EQ,351406,93.25,18490570
1/22/2026,928,928.3,913.2,918.7,44444755,EQ,572341,77.65,27990021
1/23/2026,920,926.1,909.25,916.1,30985247,EQ,335766,92.28,20036841
1/27/2026,906,931.2,905,926.4,44753093,EQ,483204,92.62,24863244
1/28/2026,932.5,941.45,928.4,932.7,35347138,EQ,272519,129.71,25768276
1/29/2026,930.1,939.3,924.35,935.5,37175628,EQ,420812,88.34,23337389
1/30/2026,932,939.65,912.65,922.1,9856486,EQ,146417,67.32,17929669
2/2/2026,915,929.8,909.3,928.1,28032106,EQ,387552,72.33,33991872
2/3/2026,983.75,994,945,948.7,50336968,EQ,490165,102.69,18291924
2/4/2026,952.5,957.2,947.95,953.1,24366770,EQ,251099,97.04,19789477
2/5/2026,956,956.05,946.7,949.7,28103169,EQ,372775,75.39,
2026-02-06,945.0,948.1,937.6,941.1,18120272,EQ,423858,42.75,11328454
2026-02-09,945.0,950.0,935.35,937.25,23947829,EQ,274371,87.28,17666012
2026-02-10,930.0,940.9,929.95,932.4,31525385,EQ,408707,77.13,18244866
2026-02-11,931.25,936.0,925.3,927.1,24869804,EQ,368828,67.43,16876206
2026-02-12,927.0,928.6,918.5,920.6,33872203,EQ,425115,79.68,20680584
2026-02-13,913.0,928.2,901.0,903.9,50188359,EQ,361977,138.65,39907545
2026-02-16,903.9,929.5,902.1,925.8,18806989,EQ,309517,60.76,10541147
2026-02-17,923.0,928.1,918.6,925.7,22599629,EQ,337196,67.02,8883355
2026-02-18,923.2,925.5,919.55,924.7,12738702,EQ,217327,58.62,7177757
2026-02-19,929.0,929.2,912.45,915.6,21209234,EQ,297364,71.32,8557551
2026-02-20,911.0,917.85,908.4,911.85,22654907,EQ,295931,76.55,12808207
